player_name,week,clay_points,grass_points,hard_points,RUNNING_WK
Abedallah Shelbayh,1,0,0,0,1145
Abedallah Shelbayh,2,0,0,0,1146
Abedallah Shelbayh,3,0,0,0,1147
Abedallah Shelbayh,4,0,0,0,1148
Abedallah Shelbayh,5,0,0,0,1149
Abedallah Shelbayh,6,0,0,0,1150
Abedallah Shelbayh,7,0,0,0,1151
Abedallah Shelbayh,8,0,0,20,1152
Abedallah Shelbayh,9,0,0,20,1153
Abedallah Shelbayh,10,0,0,0,1154
Abedallah Shelbayh,11,0,0,0,1155
Abedallah Shelbayh,12,0,0,0,1156
Abedallah Shelbayh,13,0,0,0,1157
Abedallah Shelbayh,14,20,0,0,1158
Abedallah Shelbayh,15,0,0,0,1159
Abedallah Shelbayh,16,0,0,0,1160
Abedallah Shelbayh,17,0,0,0,1161
Abedallah Shelbayh,18,0,0,0,1162
Abedallah Shelbayh,19,0,0,0,1163
Abedallah Shelbayh,20,0,0,0,1164
Abedallah Shelbayh,21,0,0,0,1165
Abedallah Shelbayh,22,0,0,0,1166
Abedallah Shelbayh,23,0,0,0,1167
Abedallah Shelbayh,24,0,0,0,1168
Abedallah Shelbayh,25,0,0,0,1169
Abedallah Shelbayh,26,0,0,0,1170
Abedallah Shelbayh,27,0,0,0,1171
Abedallah Shelbayh,28,0,0,0,1172
Abedallah Shelbayh,29,0,0,0,1173
Abedallah Shelbayh,30,0,0,0,1174
Abedallah Shelbayh,31,0,0,0,1175
Abedallah Shelbayh,32,0,0,0,1176
Abedallah Shelbayh,33,0,0,0,1177
Abedallah Shelbayh,34,0,0,0,1178
Abedallah Shelbayh,35,0,0,0,1179
Abedallah Shelbayh,36,0,0,0,1180
Abedallah Shelbayh,37,0,0,0,1181
Abedallah Shelbayh,38,0,0,0,1182
Abedallah Shelbayh,39,0,0,0,1183
Abedallah Shelbayh,40,0,0,0,1184
Abedallah Shelbayh,41,0,0,0,1185
Abedallah Shelbayh,42,0,0,0,1186
Abedallah Shelbayh,43,0,0,0,1187
Abedallah Shelbayh,44,0,0,0,1188
Abedallah Shelbayh,45,0,0,0,1189
Abedallah Shelbayh,46,0,0,0,1190
Abedallah Shelbayh,47,0,0,0,1191
Abedallah Shelbayh,48,0,0,0,1192
Abedallah Shelbayh,49,0,0,0,1193
Abedallah Shelbayh,50,0,0,0,1194
Abedallah Shelbayh,51,0,0,0,1195
Abedallah Shelbayh,52,0,0,0,1196
Adam Neff,1,0,0,0,1145
Adam Neff,2,0,0,0,1146
Adam Neff,3,0,0,0,1147
Adam Neff,4,0,0,0,1148
Adam Neff,5,0,0,0,1149
Adam Neff,6,0,0,20,1150
Adam Neff,7,0,0,0,1151
Adam Neff,8,0,0,0,1152
Adam Neff,9,0,0,0,1153
Adam Neff,10,0,0,0,1154
Adam Neff,11,0,0,0,1155
Adam Neff,12,0,0,0,1156
Adam Neff,13,0,0,0,1157
Adam Neff,14,0,0,0,1158
Adam Neff,15,0,0,0,1159
Adam Neff,16,0,0,0,1160
Adam Neff,17,0,0,0,1161
Adam Neff,18,0,0,0,1162
Adam Neff,19,0,0,0,1163
Adam Neff,20,0,0,0,1164
Adam Neff,21,0,0,0,1165
Adam Neff,22,0,0,0,1166
Adam Neff,23,0,0,0,1167
Adam Neff,24,0,0,0,1168
Adam Neff,25,0,0,0,1169
Adam Neff,26,0,0,0,1170
Adam Neff,27,0,0,0,1171
Adam Neff,28,0,0,0,1172
Adam Neff,29,0,0,0,1173
Adam Neff,30,0,0,0,1174
Adam Neff,31,0,0,0,1175
Adam Neff,32,0,0,0,1176
Adam Neff,33,0,0,0,1177
Adam Neff,34,0,0,0,1178
Adam Neff,35,0,0,0,1179
Adam Neff,36,0,0,0,1180
Adam Neff,37,0,0,0,1181
Adam Neff,38,0,0,0,1182
Adam Neff,39,0,0,0,1183
Adam Neff,40,0,0,0,1184
Adam Neff,41,0,0,0,1185
Adam Neff,42,0,0,0,1186
Adam Neff,43,0,0,0,1187
Adam Neff,44,0,0,0,1188
Adam Neff,45,0,0,0,1189
Adam Neff,46,0,0,0,1190
Adam Neff,47,0,0,0,1191
Adam Neff,48,0,0,0,1192
Adam Neff,49,0,0,0,1193
Adam Neff,50,0,0,0,1194
Adam Neff,51,0,0,0,1195
Adam Neff,52,0,0,0,1196
Adam Walton,1,0,0,0,1145
Adam Walton,2,0,0,20,1146
Adam Walton,3,0,0,10,1147
Adam Walton,4,0,0,0,1148
Adam Walton,5,0,0,0,1149
Adam Walton,6,0,0,0,1150
Adam Walton,7,0,0,0,1151
Adam Walton,8,0,0,0,1152
Adam Walton,9,0,0,0,1153
Adam Walton,10,0,0,0,1154
Adam Walton,11,0,0,0,1155
Adam Walton,12,0,0,10,1156
Adam Walton,13,0,0,0,1157
Adam Walton,14,0,0,0,1158
Adam Walton,15,0,0,0,1159
Adam Walton,16,0,0,0,1160
Adam Walton,17,0,0,0,1161
Adam Walton,18,0,0,0,1162
Adam Walton,19,0,0,0,1163
Adam Walton,20,0,0,0,1164
Adam Walton,21,0,0,0,1165
Adam Walton,22,10,0,0,1166
Adam Walton,23,0,0,0,1167
Adam Walton,24,0,0,0,1168
Adam Walton,25,0,0,0,1169
Adam Walton,26,0,45,0,1170
Adam Walton,27,0,45,0,1171
Adam Walton,28,0,0,0,1172
Adam Walton,29,0,0,0,1173
Adam Walton,30,0,0,45,1174
Adam Walton,31,0,0,0,1175
Adam Walton,32,0,0,0,1176
Adam Walton,33,0,0,0,1177
Adam Walton,34,0,0,0,1178
Adam Walton,35,0,0,10,1179
Adam Walton,36,0,0,0,1180
Adam Walton,37,0,0,0,1181
Adam Walton,38,0,0,20,1182
Adam Walton,39,0,0,0,1183
Adam Walton,40,0,0,0,1184
Adam Walton,41,0,0,0,1185
Adam Walton,42,0,0,0,1186
Adam Walton,43,0,0,0,1187
Adam Walton,44,0,0,0,1188
Adam Walton,45,0,0,0,1189
Adam Walton,46,0,0,0,1190
Adam Walton,47,0,0,0,1191
Adam Walton,48,0,0,0,1192
Adam Walton,49,0,0,0,1193
Adam Walton,50,0,0,0,1194
Adam Walton,51,0,0,0,1195
Adam Walton,52,0,0,0,1196
Adrian Mannarino,1,0,0,180,1145
Adrian Mannarino,2,0,0,0,1146
Adrian Mannarino,3,0,0,180,1147
Adrian Mannarino,4,0,0,0,1148
Adrian Mannarino,5,0,0,0,1149
Adrian Mannarino,6,0,0,180,1150
Adrian Mannarino,7,0,0,45,1151
Adrian Mannarino,8,0,0,0,1152
Adrian Mannarino,9,0,0,20,1153
Adrian Mannarino,10,0,0,45,1154
Adrian Mannarino,11,0,0,0,1155
Adrian Mannarino,12,0,0,25,1156
Adrian Mannarino,13,0,0,0,1157
Adrian Mannarino,14,0,0,0,1158
Adrian Mannarino,15,0,0,0,1159
Adrian Mannarino,16,0,0,0,1160
Adrian Mannarino,17,25,0,0,1161
Adrian Mannarino,18,0,0,0,1162
Adrian Mannarino,19,25,0,0,1163
Adrian Mannarino,20,0,0,0,1164
Adrian Mannarino,21,45,0,0,1165
Adrian Mannarino,22,10,0,0,1166
Adrian Mannarino,23,0,0,0,1167
Adrian Mannarino,24,0,45,0,1168
Adrian Mannarino,25,0,20,0,1169
Adrian Mannarino,26,0,45,0,1170
Adrian Mannarino,27,0,10,0,1171
Adrian Mannarino,28,0,0,0,1172
Adrian Mannarino,29,0,45,0,1173
Adrian Mannarino,30,0,0,45,1174
Adrian Mannarino,31,0,0,20,1175
Adrian Mannarino,32,0,0,25,1176
Adrian Mannarino,33,0,0,25,1177
Adrian Mannarino,34,0,0,20,1178
Adrian Mannarino,35,0,0,45,1179
Adrian Mannarino,36,0,0,0,1180
Adrian Mannarino,37,0,0,0,1181
Adrian Mannarino,38,0,0,90,1182
Adrian Mannarino,39,0,0,45,1183
Adrian Mannarino,40,0,0,10,1184
Adrian Mannarino,41,0,0,0,1185
Adrian Mannarino,42,0,0,45,1186
Adrian Mannarino,43,0,0,20,1187
Adrian Mannarino,44,0,0,90,1188
Adrian Mannarino,45,0,0,20,1189
Adrian Mannarino,46,0,0,0,1190
Adrian Mannarino,47,0,0,0,1191
Adrian Mannarino,48,0,0,0,1192
Adrian Mannarino,49,0,0,0,1193
Adrian Mannarino,50,0,0,0,1194
Adrian Mannarino,51,0,0,0,1195
Adrian Mannarino,52,0,0,0,1196
Albert Ramos,1,0,0,0,1145
Albert Ramos,2,0,0,0,1146
Albert Ramos,3,0,0,10,1147
Albert Ramos,4,0,0,0,1148
Albert Ramos,5,0,0,0,1149
Albert Ramos,6,45,0,0,1150
Albert Ramos,7,0,0,0,1151
Albert Ramos,8,45,0,0,1152
Albert Ramos,9,45,0,0,1153
Albert Ramos,10,0,0,0,1154
Albert Ramos,11,0,0,0,1155
Albert Ramos,12,0,0,0,1156
Albert Ramos,13,0,0,0,1157
Albert Ramos,14,20,0,0,1158
Albert Ramos,15,0,0,0,1159
Albert Ramos,16,0,0,0,1160
Albert Ramos,17,10,0,0,1161
Albert Ramos,18,0,0,0,1162
Albert Ramos,19,0,0,0,1163
Albert Ramos,20,0,0,0,1164
Albert Ramos,21,0,0,0,1165
Albert Ramos,22,0,0,0,1166
Albert Ramos,23,0,0,0,1167
Albert Ramos,24,0,0,0,1168
Albert Ramos,25,0,0,0,1169
Albert Ramos,26,0,0,0,1170
Albert Ramos,27,0,0,0,1171
Albert Ramos,28,0,0,0,1172
Albert Ramos,29,20,0,0,1173
Albert Ramos,30,0,0,0,1174
Albert Ramos,31,0,0,0,1175
Albert Ramos,32,0,0,0,1176
Albert Ramos,33,0,0,0,1177
Albert Ramos,34,0,0,0,1178
Albert Ramos,35,0,0,10,1179
Albert Ramos,36,0,0,0,1180
Albert Ramos,37,0,0,0,1181
Albert Ramos,38,0,0,0,1182
Albert Ramos,39,0,0,0,1183
Albert Ramos,40,0,0,0,1184
Albert Ramos,41,0,0,0,1185
Albert Ramos,42,0,0,0,1186
Albert Ramos,43,0,0,0,1187
Albert Ramos,44,0,0,0,1188
Albert Ramos,45,0,0,0,1189
Albert Ramos,46,0,0,0,1190
Albert Ramos,47,0,0,0,1191
Albert Ramos,48,0,0,0,1192
Albert Ramos,49,0,0,0,1193
Albert Ramos,50,0,0,0,1194
Albert Ramos,51,0,0,0,1195
Albert Ramos,52,0,0,0,1196
Alejandro Davidovich Fokina,1,0,0,0,1145
Alejandro Davidovich Fokina,2,0,0,0,1146
Alejandro Davidovich Fokina,3,0,0,45,1147
Alejandro Davidovich Fokina,4,0,0,0,1148
Alejandro Davidovich Fokina,5,0,0,0,1149
Alejandro Davidovich Fokina,6,0,0,90,1150
Alejandro Davidovich Fokina,7,0,0,20,1151
Alejandro Davidovich Fokina,8,0,0,20,1152
Alejandro Davidovich Fokina,9,0,0,90,1153
Alejandro Davidovich Fokina,10,0,0,25,1154
Alejandro Davidovich Fokina,11,0,0,0,1155
Alejandro Davidovich Fokina,12,0,0,45,1156
Alejandro Davidovich Fokina,13,0,0,0,1157
Alejandro Davidovich Fokina,14,0,0,0,1158
Alejandro Davidovich Fokina,15,25,0,0,1159
Alejandro Davidovich Fokina,16,45,0,0,1160
Alejandro Davidovich Fokina,17,45,0,0,1161
Alejandro Davidovich Fokina,18,0,0,0,1162
Alejandro Davidovich Fokina,19,25,0,0,1163
Alejandro Davidovich Fokina,20,0,0,0,1164
Alejandro Davidovich Fokina,21,0,0,0,1165
Alejandro Davidovich Fokina,22,45,0,0,1166
Alejandro Davidovich Fokina,23,0,0,0,1167
Alejandro Davidovich Fokina,24,0,0,0,1168
Alejandro Davidovich Fokina,25,0,20,0,1169
Alejandro Davidovich Fokina,26,0,0,0,1170
Alejandro Davidovich Fokina,27,0,0,0,1171
Alejandro Davidovich Fokina,28,0,0,0,1172
Alejandro Davidovich Fokina,29,0,0,0,1173
Alejandro Davidovich Fokina,30,0,0,90,1174
Alejandro Davidovich Fokina,31,0,0,45,1175
Alejandro Davidovich Fokina,32,0,0,90,1176
Alejandro Davidovich Fokina,33,0,0,25,1177
Alejandro Davidovich Fokina,34,0,0,0,1178
Alejandro Davidovich Fokina,35,0,0,10,1179
Alejandro Davidovich Fokina,36,0,0,0,1180
Alejandro Davidovich Fokina,37,0,0,0,1181
Alejandro Davidovich Fokina,38,0,0,0,1182
Alejandro Davidovich Fokina,39,0,0,45,1183
Alejandro Davidovich Fokina,40,0,0,25,1184
Alejandro Davidovich Fokina,41,0,0,0,1185
Alejandro Davidovich Fokina,42,0,0,45,1186
Alejandro Davidovich Fokina,43,0,0,20,1187
Alejandro Davidovich Fokina,44,0,0,0,1188
Alejandro Davidovich Fokina,45,0,0,0,1189
Alejandro Davidovich Fokina,46,0,0,0,1190
Alejandro Davidovich Fokina,47,0,0,0,1191
Alejandro Davidovich Fokina,48,0,0,0,1192
Alejandro Davidovich Fokina,49,0,0,0,1193
Alejandro Davidovich Fokina,50,0,0,0,1194
Alejandro Davidovich Fokina,51,0,0,0,1195
Alejandro Davidovich Fokina,52,0,0,0,1196
Alejandro Moro Canas,1,0,0,0,1145
Alejandro Moro Canas,2,0,0,0,1146
Alejandro Moro Canas,3,0,0,0,1147
Alejandro Moro Canas,4,0,0,0,1148
Alejandro Moro Canas,5,0,0,0,1149
Alejandro Moro Canas,6,0,0,0,1150
Alejandro Moro Canas,7,0,0,0,1151
Alejandro Moro Canas,8,0,0,0,1152
Alejandro Moro Canas,9,0,0,0,1153
Alejandro Moro Canas,10,0,0,0,1154
Alejandro Moro Canas,11,0,0,0,1155
Alejandro Moro Canas,12,0,0,0,1156
Alejandro Moro Canas,13,0,0,0,1157
Alejandro Moro Canas,14,0,0,0,1158
Alejandro Moro Canas,15,0,0,0,1159
Alejandro Moro Canas,16,45,0,0,1160
Alejandro Moro Canas,17,0,0,0,1161
Alejandro Moro Canas,18,0,0,0,1162
Alejandro Moro Canas,19,0,0,0,1163
Alejandro Moro Canas,20,0,0,0,1164
Alejandro Moro Canas,21,0,0,0,1165
Alejandro Moro Canas,22,0,0,0,1166
Alejandro Moro Canas,23,0,0,0,1167
Alejandro Moro Canas,24,0,0,0,1168
Alejandro Moro Canas,25,0,0,0,1169
Alejandro Moro Canas,26,0,0,0,1170
Alejandro Moro Canas,27,0,10,0,1171
Alejandro Moro Canas,28,0,0,0,1172
Alejandro Moro Canas,29,0,0,0,1173
Alejandro Moro Canas,30,0,0,0,1174
Alejandro Moro Canas,31,0,0,0,1175
Alejandro Moro Canas,32,0,0,0,1176
Alejandro Moro Canas,33,0,0,0,1177
Alejandro Moro Canas,34,0,0,0,1178
Alejandro Moro Canas,35,0,0,0,1179
Alejandro Moro Canas,36,0,0,0,1180
Alejandro Moro Canas,37,0,0,0,1181
Alejandro Moro Canas,38,0,0,0,1182
Alejandro Moro Canas,39,0,0,0,1183
Alejandro Moro Canas,40,0,0,0,1184
Alejandro Moro Canas,41,0,0,0,1185
Alejandro Moro Canas,42,0,0,0,1186
Alejandro Moro Canas,43,0,0,0,1187
Alejandro Moro Canas,44,0,0,0,1188
Alejandro Moro Canas,45,0,0,0,1189
Alejandro Moro Canas,46,0,0,0,1190
Alejandro Moro Canas,47,0,0,0,1191
Alejandro Moro Canas,48,0,0,0,1192
Alejandro Moro Canas,49,0,0,0,1193
Alejandro Moro Canas,50,0,0,0,1194
Alejandro Moro Canas,51,0,0,0,1195
Alejandro Moro Canas,52,0,0,0,1196
Alejandro Tabilo,1,0,0,0,1145
Alejandro Tabilo,2,0,0,500,1146
Alejandro Tabilo,3,0,0,10,1147
Alejandro Tabilo,4,0,0,0,1148
Alejandro Tabilo,5,0,0,0,1149
Alejandro Tabilo,6,0,0,0,1150
Alejandro Tabilo,7,45,0,0,1151
Alejandro Tabilo,8,20,0,0,1152
Alejandro Tabilo,9,600,0,0,1153
Alejandro Tabilo,10,0,0,25,1154
Alejandro Tabilo,11,0,0,0,1155
Alejandro Tabilo,12,0,0,25,1156
Alejandro Tabilo,13,0,0,0,1157
Alejandro Tabilo,14,0,0,0,1158
Alejandro Tabilo,15,45,0,0,1159
Alejandro Tabilo,16,180,0,0,1160
Alejandro Tabilo,17,10,0,0,1161
Alejandro Tabilo,18,0,0,0,1162
Alejandro Tabilo,19,360,0,0,1163
Alejandro Tabilo,20,0,0,0,1164
Alejandro Tabilo,21,0,0,0,1165
Alejandro Tabilo,22,10,0,0,1166
Alejandro Tabilo,23,0,0,0,1167
Alejandro Tabilo,24,0,0,0,1168
Alejandro Tabilo,25,0,45,0,1169
Alejandro Tabilo,26,0,500,0,1170
Alejandro Tabilo,27,0,90,0,1171
Alejandro Tabilo,28,0,0,0,1172
Alejandro Tabilo,29,0,0,0,1173
Alejandro Tabilo,30,45,0,0,1174
Alejandro Tabilo,31,0,0,0,1175
Alejandro Tabilo,32,0,0,90,1176
Alejandro Tabilo,33,0,0,25,1177
Alejandro Tabilo,34,0,0,0,1178
Alejandro Tabilo,35,0,0,10,1179
Alejandro Tabilo,36,0,0,0,1180
Alejandro Tabilo,37,0,0,0,1181
Alejandro Tabilo,38,0,0,0,1182
Alejandro Tabilo,39,0,0,20,1183
Alejandro Tabilo,40,0,0,45,1184
Alejandro Tabilo,41,0,0,0,1185
Alejandro Tabilo,42,0,0,90,1186
Alejandro Tabilo,43,0,0,45,1187
Alejandro Tabilo,44,0,0,45,1188
Alejandro Tabilo,45,0,0,0,1189
Alejandro Tabilo,46,0,0,0,1190
Alejandro Tabilo,47,0,0,0,1191
Alejandro Tabilo,48,0,0,0,1192
Alejandro Tabilo,49,0,0,0,1193
Alejandro Tabilo,50,0,0,0,1194
Alejandro Tabilo,51,0,0,0,1195
Alejandro Tabilo,52,0,0,0,1196
Aleksandar Kovacevic,1,0,0,0,1145
Aleksandar Kovacevic,2,0,0,0,1146
Aleksandar Kovacevic,3,0,0,45,1147
Aleksandar Kovacevic,4,0,0,0,1148
Aleksandar Kovacevic,5,0,0,0,1149
Aleksandar Kovacevic,6,0,0,20,1150
Aleksandar Kovacevic,7,0,0,20,1151
Aleksandar Kovacevic,8,0,0,90,1152
Aleksandar Kovacevic,9,0,0,45,1153
Aleksandar Kovacevic,10,0,0,10,1154
Aleksandar Kovacevic,11,0,0,0,1155
Aleksandar Kovacevic,12,0,0,10,1156
Aleksandar Kovacevic,13,0,0,0,1157
Aleksandar Kovacevic,14,45,0,0,1158
Aleksandar Kovacevic,15,0,0,0,1159
Aleksandar Kovacevic,16,20,0,0,1160
Aleksandar Kovacevic,17,10,0,0,1161
Aleksandar Kovacevic,18,0,0,0,1162
Aleksandar Kovacevic,19,0,0,0,1163
Aleksandar Kovacevic,20,0,0,0,1164
Aleksandar Kovacevic,21,20,0,0,1165
Aleksandar Kovacevic,22,10,0,0,1166
Aleksandar Kovacevic,23,0,0,0,1167
Aleksandar Kovacevic,24,0,0,0,1168
Aleksandar Kovacevic,25,0,0,0,1169
Aleksandar Kovacevic,26,0,0,0,1170
Aleksandar Kovacevic,27,0,10,0,1171
Aleksandar Kovacevic,28,0,0,0,1172
Aleksandar Kovacevic,29,0,90,0,1173
Aleksandar Kovacevic,30,0,0,20,1174
Aleksandar Kovacevic,31,0,0,45,1175
Aleksandar Kovacevic,32,0,0,0,1176
Aleksandar Kovacevic,33,0,0,25,1177
Aleksandar Kovacevic,34,0,0,0,1178
Aleksandar Kovacevic,35,0,0,10,1179
Aleksandar Kovacevic,36,0,0,0,1180
Aleksandar Kovacevic,37,0,0,0,1181
Aleksandar Kovacevic,38,0,0,20,1182
Aleksandar Kovacevic,39,0,0,0,1183
Aleksandar Kovacevic,40,0,0,10,1184
Aleksandar Kovacevic,41,0,0,0,1185
Aleksandar Kovacevic,42,0,0,20,1186
Aleksandar Kovacevic,43,0,0,0,1187
Aleksandar Kovacevic,44,0,0,0,1188
Aleksandar Kovacevic,45,0,0,45,1189
Aleksandar Kovacevic,46,0,0,0,1190
Aleksandar Kovacevic,47,0,0,0,1191
Aleksandar Kovacevic,48,0,0,0,1192
Aleksandar Kovacevic,49,0,0,0,1193
Aleksandar Kovacevic,50,0,0,0,1194
Aleksandar Kovacevic,51,0,0,0,1195
Aleksandar Kovacevic,52,0,0,0,1196
Aleksandar Vukic,1,0,0,20,1145
Aleksandar Vukic,2,0,0,20,1146
Aleksandar Vukic,3,0,0,10,1147
Aleksandar Vukic,4,0,0,0,1148
Aleksandar Vukic,5,0,0,0,1149
Aleksandar Vukic,6,0,0,0,1150
Aleksandar Vukic,7,0,0,20,1151
Aleksandar Vukic,8,0,0,45,1152
Aleksandar Vukic,9,0,0,0,1153
Aleksandar Vukic,10,0,0,25,1154
Aleksandar Vukic,11,0,0,0,1155
Aleksandar Vukic,12,0,0,10,1156
Aleksandar Vukic,13,0,0,0,1157
Aleksandar Vukic,14,90,0,0,1158
Aleksandar Vukic,15,25,0,0,1159
Aleksandar Vukic,16,20,0,0,1160
Aleksandar Vukic,17,10,0,0,1161
Aleksandar Vukic,18,0,0,0,1162
Aleksandar Vukic,19,25,0,0,1163
Aleksandar Vukic,20,0,0,0,1164
Aleksandar Vukic,21,45,0,0,1165
Aleksandar Vukic,22,10,0,0,1166
Aleksandar Vukic,23,0,0,0,1167
Aleksandar Vukic,24,0,90,0,1168
Aleksandar Vukic,25,0,0,0,1169
Aleksandar Vukic,26,0,180,0,1170
Aleksandar Vukic,27,0,45,0,1171
Aleksandar Vukic,28,0,0,0,1172
Aleksandar Vukic,29,0,90,0,1173
Aleksandar Vukic,30,0,0,20,1174
Aleksandar Vukic,31,0,0,20,1175
Aleksandar Vukic,32,0,0,0,1176
Aleksandar Vukic,33,0,0,0,1177
Aleksandar Vukic,34,0,0,45,1178
Aleksandar Vukic,35,0,0,10,1179
Aleksandar Vukic,36,0,0,0,1180
Aleksandar Vukic,37,0,0,0,1181
Aleksandar Vukic,38,0,0,45,1182
Aleksandar Vukic,39,0,0,0,1183
Aleksandar Vukic,40,0,0,45,1184
Aleksandar Vukic,41,0,0,0,1185
Aleksandar Vukic,42,0,0,180,1186
Aleksandar Vukic,43,0,0,0,1187
Aleksandar Vukic,44,0,0,0,1188
Aleksandar Vukic,45,0,0,0,1189
Aleksandar Vukic,46,0,0,0,1190
Aleksandar Vukic,47,0,0,0,1191
Aleksandar Vukic,48,0,0,0,1192
Aleksandar Vukic,49,0,0,0,1193
Aleksandar Vukic,50,0,0,0,1194
Aleksandar Vukic,51,0,0,0,1195
Aleksandar Vukic,52,0,0,0,1196
Alex Bolt,1,0,0,0,1145
Alex Bolt,2,0,0,45,1146
Alex Bolt,3,0,0,0,1147
Alex Bolt,4,0,0,0,1148
Alex Bolt,5,0,0,0,1149
Alex Bolt,6,0,0,0,1150
Alex Bolt,7,0,0,0,1151
Alex Bolt,8,0,0,0,1152
Alex Bolt,9,0,0,0,1153
Alex Bolt,10,0,0,0,1154
Alex Bolt,11,0,0,0,1155
Alex Bolt,12,0,0,0,1156
Alex Bolt,13,0,0,0,1157
Alex Bolt,14,0,0,0,1158
Alex Bolt,15,0,0,0,1159
Alex Bolt,16,0,0,0,1160
Alex Bolt,17,0,0,0,1161
Alex Bolt,18,0,0,0,1162
Alex Bolt,19,0,0,0,1163
Alex Bolt,20,0,0,0,1164
Alex Bolt,21,0,0,0,1165
Alex Bolt,22,0,0,0,1166
Alex Bolt,23,0,0,0,1167
Alex Bolt,24,0,0,0,1168
Alex Bolt,25,0,0,0,1169
Alex Bolt,26,0,0,0,1170
Alex Bolt,27,0,10,0,1171
Alex Bolt,28,0,0,0,1172
Alex Bolt,29,0,90,0,1173
Alex Bolt,30,0,0,0,1174
Alex Bolt,31,0,0,0,1175
Alex Bolt,32,0,0,0,1176
Alex Bolt,33,0,0,0,1177
Alex Bolt,34,0,0,0,1178
Alex Bolt,35,0,0,0,1179
Alex Bolt,36,0,0,0,1180
Alex Bolt,37,0,0,0,1181
Alex Bolt,38,0,0,0,1182
Alex Bolt,39,0,0,0,1183
Alex Bolt,40,0,0,0,1184
Alex Bolt,41,0,0,0,1185
Alex Bolt,42,0,0,0,1186
Alex Bolt,43,0,0,0,1187
Alex Bolt,44,0,0,0,1188
Alex Bolt,45,0,0,0,1189
Alex Bolt,46,0,0,0,1190
Alex Bolt,47,0,0,0,1191
Alex Bolt,48,0,0,0,1192
Alex Bolt,49,0,0,0,1193
Alex Bolt,50,0,0,0,1194
Alex Bolt,51,0,0,0,1195
Alex Bolt,52,0,0,0,1196
Alex De Minaur,1,0,0,0,1145
Alex De Minaur,2,0,0,0,1146
Alex De Minaur,3,0,0,180,1147
Alex De Minaur,4,0,0,0,1148
Alex De Minaur,5,0,0,0,1149
Alex De Minaur,6,0,0,0,1150
Alex De Minaur,7,0,0,600,1151
Alex De Minaur,8,0,0,45,1152
Alex De Minaur,9,0,0,500,1153
Alex De Minaur,10,0,0,90,1154
Alex De Minaur,11,0,0,0,1155
Alex De Minaur,12,0,0,90,1156
Alex De Minaur,13,0,0,0,1157
Alex De Minaur,14,0,0,0,1158
Alex De Minaur,15,180,0,0,1159
Alex De Minaur,16,45,0,0,1160
Alex De Minaur,17,25,0,0,1161
Alex De Minaur,18,0,0,0,1162
Alex De Minaur,19,90,0,0,1163
Alex De Minaur,20,0,0,0,1164
Alex De Minaur,21,0,0,0,1165
Alex De Minaur,22,360,0,0,1166
Alex De Minaur,23,0,0,0,1167
Alex De Minaur,24,0,500,0,1168
Alex De Minaur,25,0,20,0,1169
Alex De Minaur,26,0,0,0,1170
Alex De Minaur,27,0,360,0,1171
Alex De Minaur,28,0,0,0,1172
Alex De Minaur,29,0,0,0,1173
Alex De Minaur,30,0,0,0,1174
Alex De Minaur,31,0,0,0,1175
Alex De Minaur,32,0,0,0,1176
Alex De Minaur,33,0,0,0,1177
Alex De Minaur,34,0,0,0,1178
Alex De Minaur,35,0,0,360,1179
Alex De Minaur,36,0,0,0,1180
Alex De Minaur,37,0,0,0,1181
Alex De Minaur,38,0,0,0,1182
Alex De Minaur,39,0,0,0,1183
Alex De Minaur,40,0,0,0,1184
Alex De Minaur,41,0,0,0,1185
Alex De Minaur,42,0,0,90,1186
Alex De Minaur,43,0,0,180,1187
Alex De Minaur,44,0,0,180,1188
Alex De Minaur,45,0,0,0,1189
Alex De Minaur,46,0,0,0,1190
Alex De Minaur,47,0,0,0,1191
Alex De Minaur,48,0,0,0,1192
Alex De Minaur,49,0,0,0,1193
Alex De Minaur,50,0,0,0,1194
Alex De Minaur,51,0,0,0,1195
Alex De Minaur,52,0,0,0,1196
Alex Michelsen,1,0,0,20,1145
Alex Michelsen,2,0,0,20,1146
Alex Michelsen,3,0,0,90,1147
Alex Michelsen,4,0,0,0,1148
Alex Michelsen,5,0,0,0,1149
Alex Michelsen,6,0,0,45,1150
Alex Michelsen,7,0,0,45,1151
Alex Michelsen,8,0,0,90,1152
Alex Michelsen,9,0,0,0,1153
Alex Michelsen,10,0,0,25,1154
Alex Michelsen,11,0,0,0,1155
Alex Michelsen,12,0,0,25,1156
Alex Michelsen,13,0,0,0,1157
Alex Michelsen,14,20,0,0,1158
Alex Michelsen,15,0,0,0,1159
Alex Michelsen,16,45,0,0,1160
Alex Michelsen,17,10,0,0,1161
Alex Michelsen,18,0,0,0,1162
Alex Michelsen,19,10,0,0,1163
Alex Michelsen,20,0,0,0,1164
Alex Michelsen,21,90,0,0,1165
Alex Michelsen,22,10,0,0,1166
Alex Michelsen,23,0,0,0,1167
Alex Michelsen,24,0,20,0,1168
Alex Michelsen,25,0,20,0,1169
Alex Michelsen,26,0,90,0,1170
Alex Michelsen,27,0,10,0,1171
Alex Michelsen,28,0,0,0,1172
Alex Michelsen,29,0,600,0,1173
Alex Michelsen,30,0,0,0,1174
Alex Michelsen,31,0,0,90,1175
Alex Michelsen,32,0,0,25,1176
Alex Michelsen,33,0,0,45,1177
Alex Michelsen,34,0,0,600,1178
Alex Michelsen,35,0,0,45,1179
Alex Michelsen,36,0,0,0,1180
Alex Michelsen,37,0,0,0,1181
Alex Michelsen,38,0,0,0,1182
Alex Michelsen,39,0,0,90,1183
Alex Michelsen,40,0,0,25,1184
Alex Michelsen,41,0,0,0,1185
Alex Michelsen,42,0,0,0,1186
Alex Michelsen,43,0,0,20,1187
Alex Michelsen,44,0,0,45,1188
Alex Michelsen,45,0,0,180,1189
Alex Michelsen,46,0,0,0,1190
Alex Michelsen,47,0,0,0,1191
Alex Michelsen,48,0,0,0,1192
Alex Michelsen,49,0,0,0,1193
Alex Michelsen,50,0,0,0,1194
Alex Michelsen,51,0,0,250,1195
Alex Michelsen,52,0,0,0,1196
Alex Molcan,1,0,0,0,1145
Alex Molcan,2,0,0,0,1146
Alex Molcan,3,0,0,0,1147
Alex Molcan,4,0,0,0,1148
Alex Molcan,5,0,0,0,1149
Alex Molcan,6,0,0,0,1150
Alex Molcan,7,0,0,0,1151
Alex Molcan,8,0,0,0,1152
Alex Molcan,9,20,0,0,1153
Alex Molcan,10,0,0,0,1154
Alex Molcan,11,0,0,0,1155
Alex Molcan,12,0,0,0,1156
Alex Molcan,13,0,0,0,1157
Alex Molcan,14,0,0,0,1158
Alex Molcan,15,0,0,0,1159
Alex Molcan,16,0,0,0,1160
Alex Molcan,17,0,0,0,1161
Alex Molcan,18,0,0,0,1162
Alex Molcan,19,0,0,0,1163
Alex Molcan,20,0,0,0,1164
Alex Molcan,21,0,0,0,1165
Alex Molcan,22,0,0,0,1166
Alex Molcan,23,0,0,0,1167
Alex Molcan,24,0,0,0,1168
Alex Molcan,25,0,0,0,1169
Alex Molcan,26,0,0,0,1170
Alex Molcan,27,0,0,0,1171
Alex Molcan,28,0,0,0,1172
Alex Molcan,29,0,0,0,1173
Alex Molcan,30,0,0,0,1174
Alex Molcan,31,0,0,0,1175
Alex Molcan,32,0,0,0,1176
Alex Molcan,33,0,0,0,1177
Alex Molcan,34,0,0,0,1178
Alex Molcan,35,0,0,0,1179
Alex Molcan,36,0,0,0,1180
Alex Molcan,37,0,0,0,1181
Alex Molcan,38,0,0,0,1182
Alex Molcan,39,0,0,0,1183
Alex Molcan,40,0,0,0,1184
Alex Molcan,41,0,0,0,1185
Alex Molcan,42,0,0,0,1186
Alex Molcan,43,0,0,0,1187
Alex Molcan,44,0,0,0,1188
Alex Molcan,45,0,0,0,1189
Alex Molcan,46,0,0,0,1190
Alex Molcan,47,0,0,0,1191
Alex Molcan,48,0,0,0,1192
Alex Molcan,49,0,0,0,1193
Alex Molcan,50,0,0,0,1194
Alex Molcan,51,0,0,0,1195
Alex Molcan,52,0,0,0,1196
Alexander Blockx,1,0,0,0,1145
Alexander Blockx,2,0,0,0,1146
Alexander Blockx,3,0,0,0,1147
Alexander Blockx,4,0,0,0,1148
Alexander Blockx,5,0,0,0,1149
Alexander Blockx,6,0,0,0,1150
Alexander Blockx,7,0,0,0,1151
Alexander Blockx,8,0,0,0,1152
Alexander Blockx,9,0,0,0,1153
Alexander Blockx,10,0,0,0,1154
Alexander Blockx,11,0,0,0,1155
Alexander Blockx,12,0,0,0,1156
Alexander Blockx,13,0,0,0,1157
Alexander Blockx,14,0,0,0,1158
Alexander Blockx,15,0,0,0,1159
Alexander Blockx,16,0,0,0,1160
Alexander Blockx,17,0,0,0,1161
Alexander Blockx,18,0,0,0,1162
Alexander Blockx,19,0,0,0,1163
Alexander Blockx,20,0,0,0,1164
Alexander Blockx,21,0,0,0,1165
Alexander Blockx,22,0,0,0,1166
Alexander Blockx,23,0,0,0,1167
Alexander Blockx,24,0,0,0,1168
Alexander Blockx,25,0,0,0,1169
Alexander Blockx,26,0,0,0,1170
Alexander Blockx,27,0,0,0,1171
Alexander Blockx,28,0,0,0,1172
Alexander Blockx,29,0,0,0,1173
Alexander Blockx,30,0,0,0,1174
Alexander Blockx,31,0,0,0,1175
Alexander Blockx,32,0,0,0,1176
Alexander Blockx,33,0,0,0,1177
Alexander Blockx,34,0,0,0,1178
Alexander Blockx,35,0,0,0,1179
Alexander Blockx,36,0,0,0,1180
Alexander Blockx,37,0,0,0,1181
Alexander Blockx,38,0,0,0,1182
Alexander Blockx,39,0,0,0,1183
Alexander Blockx,40,0,0,0,1184
Alexander Blockx,41,0,0,0,1185
Alexander Blockx,42,0,0,20,1186
Alexander Blockx,43,0,0,0,1187
Alexander Blockx,44,0,0,0,1188
Alexander Blockx,45,0,0,0,1189
Alexander Blockx,46,0,0,0,1190
Alexander Blockx,47,0,0,0,1191
Alexander Blockx,48,0,0,0,1192
Alexander Blockx,49,0,0,0,1193
Alexander Blockx,50,0,0,0,1194
Alexander Blockx,51,0,0,0,1195
Alexander Blockx,52,0,0,0,1196
Alexander Bublik,1,0,0,0,1145
Alexander Bublik,2,0,0,180,1146
Alexander Bublik,3,0,0,10,1147
Alexander Bublik,4,0,0,0,1148
Alexander Bublik,5,0,0,500,1149
Alexander Bublik,6,0,0,0,1150
Alexander Bublik,7,0,0,45,1151
Alexander Bublik,8,0,0,90,1152
Alexander Bublik,9,0,0,600,1153
Alexander Bublik,10,0,0,45,1154
Alexander Bublik,11,0,0,0,1155
Alexander Bublik,12,0,0,25,1156
Alexander Bublik,13,0,0,0,1157
Alexander Bublik,14,0,0,0,1158
Alexander Bublik,15,25,0,0,1159
Alexander Bublik,16,0,0,0,1160
Alexander Bublik,17,90,0,0,1161
Alexander Bublik,18,0,0,0,1162
Alexander Bublik,19,25,0,0,1163
Alexander Bublik,20,0,0,0,1164
Alexander Bublik,21,180,0,0,1165
Alexander Bublik,22,45,0,0,1166
Alexander Bublik,23,0,0,0,1167
Alexander Bublik,24,0,90,0,1168
Alexander Bublik,25,0,45,0,1169
Alexander Bublik,26,0,45,0,1170
Alexander Bublik,27,0,90,0,1171
Alexander Bublik,28,0,0,0,1172
Alexander Bublik,29,0,0,0,1173
Alexander Bublik,30,0,0,0,1174
Alexander Bublik,31,0,0,0,1175
Alexander Bublik,32,0,0,25,1176
Alexander Bublik,33,0,0,0,1177
Alexander Bublik,34,0,0,0,1178
Alexander Bublik,35,0,0,10,1179
Alexander Bublik,36,0,0,0,1180
Alexander Bublik,37,0,0,0,1181
Alexander Bublik,38,0,0,90,1182
Alexander Bublik,39,0,0,20,1183
Alexander Bublik,40,0,0,25,1184
Alexander Bublik,41,0,0,0,1185
Alexander Bublik,42,0,0,0,1186
Alexander Bublik,43,0,0,20,1187
Alexander Bublik,44,0,0,45,1188
Alexander Bublik,45,0,0,0,1189
Alexander Bublik,46,0,0,0,1190
Alexander Bublik,47,0,0,0,1191
Alexander Bublik,48,0,0,0,1192
Alexander Bublik,49,0,0,0,1193
Alexander Bublik,50,0,0,0,1194
Alexander Bublik,51,0,0,0,1195
Alexander Bublik,52,0,0,0,1196
Alexander Ritschard,1,0,0,0,1145
Alexander Ritschard,2,0,0,0,1146
Alexander Ritschard,3,0,0,0,1147
Alexander Ritschard,4,0,0,0,1148
Alexander Ritschard,5,0,0,0,1149
Alexander Ritschard,6,0,0,0,1150
Alexander Ritschard,7,0,0,0,1151
Alexander Ritschard,8,0,0,0,1152
Alexander Ritschard,9,0,0,0,1153
Alexander Ritschard,10,0,0,0,1154
Alexander Ritschard,11,0,0,0,1155
Alexander Ritschard,12,0,0,0,1156
Alexander Ritschard,13,0,0,0,1157
Alexander Ritschard,14,20,0,0,1158
Alexander Ritschard,15,0,0,0,1159
Alexander Ritschard,16,0,0,0,1160
Alexander Ritschard,17,0,0,0,1161
Alexander Ritschard,18,0,0,0,1162
Alexander Ritschard,19,0,0,0,1163
Alexander Ritschard,20,0,0,0,1164
Alexander Ritschard,21,0,0,0,1165
Alexander Ritschard,22,0,0,0,1166
Alexander Ritschard,23,0,0,0,1167
Alexander Ritschard,24,0,0,0,1168
Alexander Ritschard,25,0,0,0,1169
Alexander Ritschard,26,0,0,0,1170
Alexander Ritschard,27,0,0,0,1171
Alexander Ritschard,28,0,0,0,1172
Alexander Ritschard,29,0,0,0,1173
Alexander Ritschard,30,0,0,0,1174
Alexander Ritschard,31,0,0,0,1175
Alexander Ritschard,32,0,0,0,1176
Alexander Ritschard,33,0,0,0,1177
Alexander Ritschard,34,0,0,0,1178
Alexander Ritschard,35,0,0,0,1179
Alexander Ritschard,36,0,0,0,1180
Alexander Ritschard,37,0,0,0,1181
Alexander Ritschard,38,0,0,0,1182
Alexander Ritschard,39,0,0,0,1183
Alexander Ritschard,40,0,0,0,1184
Alexander Ritschard,41,0,0,0,1185
Alexander Ritschard,42,0,0,0,1186
Alexander Ritschard,43,0,0,0,1187
Alexander Ritschard,44,0,0,0,1188
Alexander Ritschard,45,0,0,0,1189
Alexander Ritschard,46,0,0,0,1190
Alexander Ritschard,47,0,0,0,1191
Alexander Ritschard,48,0,0,0,1192
Alexander Ritschard,49,0,0,0,1193
Alexander Ritschard,50,0,0,0,1194
Alexander Ritschard,51,0,0,0,1195
Alexander Ritschard,52,0,0,0,1196
Alexander Shevchenko,1,0,0,45,1145
Alexander Shevchenko,2,0,0,45,1146
Alexander Shevchenko,3,0,0,10,1147
Alexander Shevchenko,4,0,0,0,1148
Alexander Shevchenko,5,0,0,90,1149
Alexander Shevchenko,6,0,0,45,1150
Alexander Shevchenko,7,0,0,90,1151
Alexander Shevchenko,8,0,0,20,1152
Alexander Shevchenko,9,0,0,20,1153
Alexander Shevchenko,10,0,0,25,1154
Alexander Shevchenko,11,0,0,0,1155
Alexander Shevchenko,12,0,0,25,1156
Alexander Shevchenko,13,0,0,0,1157
Alexander Shevchenko,14,20,0,0,1158
Alexander Shevchenko,15,0,0,0,1159
Alexander Shevchenko,16,20,0,0,1160
Alexander Shevchenko,17,25,0,0,1161
Alexander Shevchenko,18,0,0,0,1162
Alexander Shevchenko,19,25,0,0,1163
Alexander Shevchenko,20,0,0,0,1164
Alexander Shevchenko,21,90,0,0,1165
Alexander Shevchenko,22,45,0,0,1166
Alexander Shevchenko,23,0,0,0,1167
Alexander Shevchenko,24,0,0,0,1168
Alexander Shevchenko,25,0,0,0,1169
Alexander Shevchenko,26,0,45,0,1170
Alexander Shevchenko,27,0,10,0,1171
Alexander Shevchenko,28,0,0,0,1172
Alexander Shevchenko,29,45,0,0,1173
Alexander Shevchenko,30,20,0,0,1174
Alexander Shevchenko,31,0,0,0,1175
Alexander Shevchenko,32,0,0,0,1176
Alexander Shevchenko,33,0,0,0,1177
Alexander Shevchenko,34,0,0,20,1178
Alexander Shevchenko,35,0,0,45,1179
Alexander Shevchenko,36,0,0,0,1180
Alexander Shevchenko,37,0,0,0,1181
Alexander Shevchenko,38,0,0,45,1182
Alexander Shevchenko,39,0,0,0,1183
Alexander Shevchenko,40,0,0,45,1184
Alexander Shevchenko,41,0,0,0,1185
Alexander Shevchenko,42,0,0,90,1186
Alexander Shevchenko,43,0,0,0,1187
Alexander Shevchenko,44,0,0,0,1188
Alexander Shevchenko,45,0,0,20,1189
Alexander Shevchenko,46,0,0,0,1190
Alexander Shevchenko,47,0,0,0,1191
Alexander Shevchenko,48,0,0,0,1192
Alexander Shevchenko,49,0,0,0,1193
Alexander Shevchenko,50,0,0,0,1194
Alexander Shevchenko,51,0,0,0,1195
Alexander Shevchenko,52,0,0,0,1196
Alexander Zverev,1,0,0,500,1145
Alexander Zverev,2,0,0,0,1146
Alexander Zverev,3,0,0,720,1147
Alexander Zverev,4,0,0,0,1148
Alexander Zverev,5,0,0,0,1149
Alexander Zverev,6,0,0,0,1150
Alexander Zverev,7,0,0,0,1151
Alexander Zverev,8,0,0,180,1152
Alexander Zverev,9,0,0,20,1153
Alexander Zverev,10,0,0,180,1154
Alexander Zverev,11,0,0,0,1155
Alexander Zverev,12,0,0,360,1156
Alexander Zverev,13,0,0,0,1157
Alexander Zverev,14,0,0,0,1158
Alexander Zverev,15,90,0,0,1159
Alexander Zverev,16,90,0,0,1160
Alexander Zverev,17,90,0,0,1161
Alexander Zverev,18,0,0,0,1162
Alexander Zverev,19,1000,0,0,1163
Alexander Zverev,20,0,0,0,1164
Alexander Zverev,21,0,0,0,1165
Alexander Zverev,22,2400,0,0,1166
Alexander Zverev,23,0,0,0,1167
Alexander Zverev,24,0,0,0,1168
Alexander Zverev,25,0,180,0,1169
Alexander Zverev,26,0,0,0,1170
Alexander Zverev,27,0,180,0,1171
Alexander Zverev,28,0,0,0,1172
Alexander Zverev,29,600,0,0,1173
Alexander Zverev,30,0,0,0,1174
Alexander Zverev,31,0,0,0,1175
Alexander Zverev,32,0,0,180,1176
Alexander Zverev,33,0,0,360,1177
Alexander Zverev,34,0,0,0,1178
Alexander Zverev,35,0,0,360,1179
Alexander Zverev,36,0,0,0,1180
Alexander Zverev,37,0,0,0,1181
Alexander Zverev,38,0,0,0,1182
Alexander Zverev,39,0,0,0,1183
Alexander Zverev,40,0,0,90,1184
Alexander Zverev,41,0,0,0,1185
Alexander Zverev,42,0,0,0,1186
Alexander Zverev,43,0,0,90,1187
Alexander Zverev,44,0,0,1000,1188
Alexander Zverev,45,0,0,0,1189
Alexander Zverev,46,0,0,250,1190
Alexander Zverev,47,0,0,0,1191
Alexander Zverev,48,0,0,0,1192
Alexander Zverev,49,0,0,0,1193
Alexander Zverev,50,0,0,0,1194
Alexander Zverev,51,0,0,0,1195
Alexander Zverev,52,0,0,0,1196
Alexandre Muller,1,0,0,0,1145
Alexandre Muller,2,0,0,90,1146
Alexandre Muller,3,0,0,10,1147
Alexandre Muller,4,0,0,0,1148
Alexandre Muller,5,0,0,45,1149
Alexandre Muller,6,0,0,0,1150
Alexandre Muller,7,0,0,0,1151
Alexandre Muller,8,0,0,20,1152
Alexandre Muller,9,0,0,0,1153
Alexandre Muller,10,0,0,25,1154
Alexandre Muller,11,0,0,0,1155
Alexandre Muller,12,0,0,10,1156
Alexandre Muller,13,0,0,0,1157
Alexandre Muller,14,20,0,0,1158
Alexandre Muller,15,0,0,0,1159
Alexandre Muller,16,20,0,0,1160
Alexandre Muller,17,0,0,0,1161
Alexandre Muller,18,0,0,0,1162
Alexandre Muller,19,90,0,0,1163
Alexandre Muller,20,0,0,0,1164
Alexandre Muller,21,45,0,0,1165
Alexandre Muller,22,45,0,0,1166
Alexandre Muller,23,0,0,0,1167
Alexandre Muller,24,0,0,0,1168
Alexandre Muller,25,0,0,0,1169
Alexandre Muller,26,0,0,0,1170
Alexandre Muller,27,0,45,0,1171
Alexandre Muller,28,0,0,0,1172
Alexandre Muller,29,20,0,0,1173
Alexandre Muller,30,45,0,0,1174
Alexandre Muller,31,0,0,0,1175
Alexandre Muller,32,0,0,0,1176
Alexandre Muller,33,0,0,0,1177
Alexandre Muller,34,0,0,20,1178
Alexandre Muller,35,0,0,45,1179
Alexandre Muller,36,0,0,0,1180
Alexandre Muller,37,0,0,0,1181
Alexandre Muller,38,0,0,20,1182
Alexandre Muller,39,0,0,0,1183
Alexandre Muller,40,0,0,45,1184
Alexandre Muller,41,0,0,0,1185
Alexandre Muller,42,0,0,45,1186
Alexandre Muller,43,0,0,0,1187
Alexandre Muller,44,0,0,0,1188
Alexandre Muller,45,0,0,20,1189
Alexandre Muller,46,0,0,0,1190
Alexandre Muller,47,0,0,0,1191
Alexandre Muller,48,0,0,0,1192
Alexandre Muller,49,0,0,0,1193
Alexandre Muller,50,0,0,0,1194
Alexandre Muller,51,0,0,0,1195
Alexandre Muller,52,0,0,0,1196
Alexei Popyrin,1,0,0,45,1145
Alexei Popyrin,2,0,0,0,1146
Alexei Popyrin,3,0,0,45,1147
Alexei Popyrin,4,0,0,0,1148
Alexei Popyrin,5,0,0,0,1149
Alexei Popyrin,6,0,0,0,1150
Alexei Popyrin,7,0,0,0,1151
Alexei Popyrin,8,0,0,180,1152
Alexei Popyrin,9,0,0,0,1153
Alexei Popyrin,10,0,0,0,1154
Alexei Popyrin,11,0,0,0,1155
Alexei Popyrin,12,0,0,45,1156
Alexei Popyrin,13,0,0,0,1157
Alexei Popyrin,14,0,0,0,1158
Alexei Popyrin,15,90,0,0,1159
Alexei Popyrin,16,0,0,0,1160
Alexei Popyrin,17,10,0,0,1161
Alexei Popyrin,18,0,0,0,1162
Alexei Popyrin,19,10,0,0,1163
Alexei Popyrin,20,0,0,0,1164
Alexei Popyrin,21,0,0,0,1165
Alexei Popyrin,22,10,0,0,1166
Alexei Popyrin,23,0,0,0,1167
Alexei Popyrin,24,0,45,0,1168
Alexei Popyrin,25,0,20,0,1169
Alexei Popyrin,26,0,0,0,1170
Alexei Popyrin,27,0,90,0,1171
Alexei Popyrin,28,0,0,0,1172
Alexei Popyrin,29,20,0,0,1173
Alexei Popyrin,30,20,0,0,1174
Alexei Popyrin,31,0,0,0,1175
Alexei Popyrin,32,0,0,1000,1176
Alexei Popyrin,33,0,0,25,1177
Alexei Popyrin,34,0,0,0,1178
Alexei Popyrin,35,0,0,180,1179
Alexei Popyrin,36,0,0,0,1180
Alexei Popyrin,37,0,0,0,1181
Alexei Popyrin,38,0,0,0,1182
Alexei Popyrin,39,0,0,20,1183
Alexei Popyrin,40,0,0,45,1184
Alexei Popyrin,41,0,0,0,1185
Alexei Popyrin,42,0,0,0,1186
Alexei Popyrin,43,0,0,20,1187
Alexei Popyrin,44,0,0,90,1188
Alexei Popyrin,45,0,0,0,1189
Alexei Popyrin,46,0,0,0,1190
Alexei Popyrin,47,0,0,0,1191
Alexei Popyrin,48,0,0,0,1192
Alexei Popyrin,49,0,0,0,1193
Alexei Popyrin,50,0,0,0,1194
Alexei Popyrin,51,0,0,0,1195
Alexei Popyrin,52,0,0,0,1196
Alexey Vatutin,1,0,0,0,1145
Alexey Vatutin,2,0,0,0,1146
Alexey Vatutin,3,0,0,0,1147
Alexey Vatutin,4,0,0,0,1148
Alexey Vatutin,5,0,0,0,1149
Alexey Vatutin,6,0,0,0,1150
Alexey Vatutin,7,0,0,0,1151
Alexey Vatutin,8,0,0,0,1152
Alexey Vatutin,9,0,0,0,1153
Alexey Vatutin,10,0,0,0,1154
Alexey Vatutin,11,0,0,0,1155
Alexey Vatutin,12,0,0,0,1156
Alexey Vatutin,13,0,0,0,1157
Alexey Vatutin,14,0,0,0,1158
Alexey Vatutin,15,0,0,0,1159
Alexey Vatutin,16,0,0,0,1160
Alexey Vatutin,17,0,0,0,1161
Alexey Vatutin,18,0,0,0,1162
Alexey Vatutin,19,0,0,0,1163
Alexey Vatutin,20,0,0,0,1164
Alexey Vatutin,21,0,0,0,1165
Alexey Vatutin,22,0,0,0,1166
Alexey Vatutin,23,0,0,0,1167
Alexey Vatutin,24,0,0,0,1168
Alexey Vatutin,25,0,0,0,1169
Alexey Vatutin,26,0,0,0,1170
Alexey Vatutin,27,0,0,0,1171
Alexey Vatutin,28,0,0,0,1172
Alexey Vatutin,29,0,0,0,1173
Alexey Vatutin,30,0,0,0,1174
Alexey Vatutin,31,0,0,0,1175
Alexey Vatutin,32,0,0,0,1176
Alexey Vatutin,33,0,0,0,1177
Alexey Vatutin,34,0,0,0,1178
Alexey Vatutin,35,0,0,0,1179
Alexey Vatutin,36,0,0,0,1180
Alexey Vatutin,37,0,0,0,1181
Alexey Vatutin,38,0,0,0,1182
Alexey Vatutin,39,0,0,0,1183
Alexey Vatutin,40,0,0,0,1184
Alexey Vatutin,41,0,0,0,1185
Alexey Vatutin,42,0,0,20,1186
Alexey Vatutin,43,0,0,0,1187
Alexey Vatutin,44,0,0,0,1188
Alexey Vatutin,45,0,0,0,1189
Alexey Vatutin,46,0,0,0,1190
Alexey Vatutin,47,0,0,0,1191
Alexey Vatutin,48,0,0,0,1192
Alexey Vatutin,49,0,0,0,1193
Alexey Vatutin,50,0,0,0,1194
Alexey Vatutin,51,0,0,0,1195
Alexey Vatutin,52,0,0,0,1196
Alibek Kachmazov,1,0,0,0,1145
Alibek Kachmazov,2,0,0,0,1146
Alibek Kachmazov,3,0,0,0,1147
Alibek Kachmazov,4,0,0,0,1148
Alibek Kachmazov,5,0,0,0,1149
Alibek Kachmazov,6,0,0,0,1150
Alibek Kachmazov,7,0,0,0,1151
Alibek Kachmazov,8,0,0,0,1152
Alibek Kachmazov,9,0,0,0,1153
Alibek Kachmazov,10,0,0,0,1154
Alibek Kachmazov,11,0,0,0,1155
Alibek Kachmazov,12,0,0,0,1156
Alibek Kachmazov,13,0,0,0,1157
Alibek Kachmazov,14,0,0,0,1158
Alibek Kachmazov,15,0,0,0,1159
Alibek Kachmazov,16,0,0,0,1160
Alibek Kachmazov,17,0,0,0,1161
Alibek Kachmazov,18,0,0,0,1162
Alibek Kachmazov,19,0,0,0,1163
Alibek Kachmazov,20,0,0,0,1164
Alibek Kachmazov,21,0,0,0,1165
Alibek Kachmazov,22,0,0,0,1166
Alibek Kachmazov,23,0,0,0,1167
Alibek Kachmazov,24,0,0,0,1168
Alibek Kachmazov,25,0,0,0,1169
Alibek Kachmazov,26,0,0,0,1170
Alibek Kachmazov,27,0,0,0,1171
Alibek Kachmazov,28,0,0,0,1172
Alibek Kachmazov,29,0,0,0,1173
Alibek Kachmazov,30,0,0,0,1174
Alibek Kachmazov,31,0,0,0,1175
Alibek Kachmazov,32,0,0,0,1176
Alibek Kachmazov,33,0,0,0,1177
Alibek Kachmazov,34,0,0,0,1178
Alibek Kachmazov,35,0,0,0,1179
Alibek Kachmazov,36,0,0,0,1180
Alibek Kachmazov,37,0,0,0,1181
Alibek Kachmazov,38,0,0,180,1182
Alibek Kachmazov,39,0,0,0,1183
Alibek Kachmazov,40,0,0,0,1184
Alibek Kachmazov,41,0,0,0,1185
Alibek Kachmazov,42,0,0,0,1186
Alibek Kachmazov,43,0,0,0,1187
Alibek Kachmazov,44,0,0,0,1188
Alibek Kachmazov,45,0,0,0,1189
Alibek Kachmazov,46,0,0,0,1190
Alibek Kachmazov,47,0,0,0,1191
Alibek Kachmazov,48,0,0,0,1192
Alibek Kachmazov,49,0,0,0,1193
Alibek Kachmazov,50,0,0,0,1194
Alibek Kachmazov,51,0,0,0,1195
Alibek Kachmazov,52,0,0,0,1196
Andrea Collarini,1,0,0,0,1145
Andrea Collarini,2,0,0,0,1146
Andrea Collarini,3,0,0,0,1147
Andrea Collarini,4,0,0,0,1148
Andrea Collarini,5,0,0,0,1149
Andrea Collarini,6,0,0,0,1150
Andrea Collarini,7,0,0,0,1151
Andrea Collarini,8,0,0,0,1152
Andrea Collarini,9,0,0,0,1153
Andrea Collarini,10,0,0,0,1154
Andrea Collarini,11,0,0,0,1155
Andrea Collarini,12,0,0,0,1156
Andrea Collarini,13,0,0,0,1157
Andrea Collarini,14,0,0,0,1158
Andrea Collarini,15,0,0,0,1159
Andrea Collarini,16,0,0,0,1160
Andrea Collarini,17,0,0,0,1161
Andrea Collarini,18,0,0,0,1162
Andrea Collarini,19,0,0,0,1163
Andrea Collarini,20,0,0,0,1164
Andrea Collarini,21,0,0,0,1165
Andrea Collarini,22,0,0,0,1166
Andrea Collarini,23,0,0,0,1167
Andrea Collarini,24,0,0,0,1168
Andrea Collarini,25,0,0,0,1169
Andrea Collarini,26,0,0,0,1170
Andrea Collarini,27,0,0,0,1171
Andrea Collarini,28,0,0,0,1172
Andrea Collarini,29,0,0,0,1173
Andrea Collarini,30,20,0,0,1174
Andrea Collarini,31,0,0,0,1175
Andrea Collarini,32,0,0,0,1176
Andrea Collarini,33,0,0,0,1177
Andrea Collarini,34,0,0,0,1178
Andrea Collarini,35,0,0,0,1179
Andrea Collarini,36,0,0,0,1180
Andrea Collarini,37,0,0,0,1181
Andrea Collarini,38,0,0,0,1182
Andrea Collarini,39,0,0,0,1183
Andrea Collarini,40,0,0,0,1184
Andrea Collarini,41,0,0,0,1185
Andrea Collarini,42,0,0,0,1186
Andrea Collarini,43,0,0,0,1187
Andrea Collarini,44,0,0,0,1188
Andrea Collarini,45,0,0,0,1189
Andrea Collarini,46,0,0,0,1190
Andrea Collarini,47,0,0,0,1191
Andrea Collarini,48,0,0,0,1192
Andrea Collarini,49,0,0,0,1193
Andrea Collarini,50,0,0,0,1194
Andrea Collarini,51,0,0,0,1195
Andrea Collarini,52,0,0,0,1196
Andrea Pellegrino,1,0,0,0,1145
Andrea Pellegrino,2,0,0,0,1146
Andrea Pellegrino,3,0,0,0,1147
Andrea Pellegrino,4,0,0,0,1148
Andrea Pellegrino,5,0,0,0,1149
Andrea Pellegrino,6,0,0,0,1150
Andrea Pellegrino,7,0,0,0,1151
Andrea Pellegrino,8,0,0,0,1152
Andrea Pellegrino,9,0,0,0,1153
Andrea Pellegrino,10,0,0,0,1154
Andrea Pellegrino,11,0,0,0,1155
Andrea Pellegrino,12,0,0,0,1156
Andrea Pellegrino,13,0,0,0,1157
Andrea Pellegrino,14,0,0,0,1158
Andrea Pellegrino,15,0,0,0,1159
Andrea Pellegrino,16,0,0,0,1160
Andrea Pellegrino,17,0,0,0,1161
Andrea Pellegrino,18,0,0,0,1162
Andrea Pellegrino,19,0,0,0,1163
Andrea Pellegrino,20,0,0,0,1164
Andrea Pellegrino,21,0,0,0,1165
Andrea Pellegrino,22,0,0,0,1166
Andrea Pellegrino,23,0,0,0,1167
Andrea Pellegrino,24,0,0,0,1168
Andrea Pellegrino,25,0,0,0,1169
Andrea Pellegrino,26,0,0,0,1170
Andrea Pellegrino,27,0,0,0,1171
Andrea Pellegrino,28,0,0,0,1172
Andrea Pellegrino,29,20,0,0,1173
Andrea Pellegrino,30,0,0,0,1174
Andrea Pellegrino,31,0,0,0,1175
Andrea Pellegrino,32,0,0,0,1176
Andrea Pellegrino,33,0,0,0,1177
Andrea Pellegrino,34,0,0,0,1178
Andrea Pellegrino,35,0,0,0,1179
Andrea Pellegrino,36,0,0,0,1180
Andrea Pellegrino,37,0,0,0,1181
Andrea Pellegrino,38,0,0,0,1182
Andrea Pellegrino,39,0,0,0,1183
Andrea Pellegrino,40,0,0,0,1184
Andrea Pellegrino,41,0,0,0,1185
Andrea Pellegrino,42,0,0,0,1186
Andrea Pellegrino,43,0,0,0,1187
Andrea Pellegrino,44,0,0,0,1188
Andrea Pellegrino,45,0,0,0,1189
Andrea Pellegrino,46,0,0,0,1190
Andrea Pellegrino,47,0,0,0,1191
Andrea Pellegrino,48,0,0,0,1192
Andrea Pellegrino,49,0,0,0,1193
Andrea Pellegrino,50,0,0,0,1194
Andrea Pellegrino,51,0,0,0,1195
Andrea Pellegrino,52,0,0,0,1196
Andrea Vavassori,1,0,0,0,1145
Andrea Vavassori,2,0,0,0,1146
Andrea Vavassori,3,0,0,0,1147
Andrea Vavassori,4,0,0,0,1148
Andrea Vavassori,5,0,0,0,1149
Andrea Vavassori,6,0,0,0,1150
Andrea Vavassori,7,90,0,0,1151
Andrea Vavassori,8,0,0,0,1152
Andrea Vavassori,9,0,0,0,1153
Andrea Vavassori,10,0,0,0,1154
Andrea Vavassori,11,0,0,0,1155
Andrea Vavassori,12,0,0,25,1156
Andrea Vavassori,13,0,0,0,1157
Andrea Vavassori,14,0,0,0,1158
Andrea Vavassori,15,0,0,0,1159
Andrea Vavassori,16,20,0,0,1160
Andrea Vavassori,17,0,0,0,1161
Andrea Vavassori,18,0,0,0,1162
Andrea Vavassori,19,10,0,0,1163
Andrea Vavassori,20,0,0,0,1164
Andrea Vavassori,21,0,0,0,1165
Andrea Vavassori,22,0,0,0,1166
Andrea Vavassori,23,0,0,0,1167
Andrea Vavassori,24,0,0,0,1168
Andrea Vavassori,25,0,0,0,1169
Andrea Vavassori,26,0,0,0,1170
Andrea Vavassori,27,0,0,0,1171
Andrea Vavassori,28,0,0,0,1172
Andrea Vavassori,29,0,0,0,1173
Andrea Vavassori,30,0,0,0,1174
Andrea Vavassori,31,0,0,0,1175
Andrea Vavassori,32,0,0,0,1176
Andrea Vavassori,33,0,0,0,1177
Andrea Vavassori,34,0,0,0,1178
Andrea Vavassori,35,0,0,0,1179
Andrea Vavassori,36,0,0,0,1180
Andrea Vavassori,37,0,0,0,1181
Andrea Vavassori,38,0,0,0,1182
Andrea Vavassori,39,0,0,0,1183
Andrea Vavassori,40,0,0,0,1184
Andrea Vavassori,41,0,0,0,1185
Andrea Vavassori,42,0,0,0,1186
Andrea Vavassori,43,0,0,0,1187
Andrea Vavassori,44,0,0,0,1188
Andrea Vavassori,45,0,0,0,1189
Andrea Vavassori,46,0,0,0,1190
Andrea Vavassori,47,0,0,0,1191
Andrea Vavassori,48,0,0,0,1192
Andrea Vavassori,49,0,0,0,1193
Andrea Vavassori,50,0,0,0,1194
Andrea Vavassori,51,0,0,0,1195
Andrea Vavassori,52,0,0,0,1196
Andres Martin,1,0,0,0,1145
Andres Martin,2,0,0,0,1146
Andres Martin,3,0,0,0,1147
Andres Martin,4,0,0,0,1148
Andres Martin,5,0,0,0,1149
Andres Martin,6,0,0,0,1150
Andres Martin,7,0,0,0,1151
Andres Martin,8,0,0,0,1152
Andres Martin,9,0,0,0,1153
Andres Martin,10,0,0,0,1154
Andres Martin,11,0,0,0,1155
Andres Martin,12,0,0,0,1156
Andres Martin,13,0,0,0,1157
Andres Martin,14,0,0,0,1158
Andres Martin,15,0,0,0,1159
Andres Martin,16,0,0,0,1160
Andres Martin,17,0,0,0,1161
Andres Martin,18,0,0,0,1162
Andres Martin,19,0,0,0,1163
Andres Martin,20,0,0,0,1164
Andres Martin,21,0,0,0,1165
Andres Martin,22,0,0,0,1166
Andres Martin,23,0,0,0,1167
Andres Martin,24,0,0,0,1168
Andres Martin,25,0,0,0,1169
Andres Martin,26,0,0,0,1170
Andres Martin,27,0,0,0,1171
Andres Martin,28,0,0,0,1172
Andres Martin,29,0,0,0,1173
Andres Martin,30,0,0,20,1174
Andres Martin,31,0,0,0,1175
Andres Martin,32,0,0,0,1176
Andres Martin,33,0,0,0,1177
Andres Martin,34,0,0,0,1178
Andres Martin,35,0,0,0,1179
Andres Martin,36,0,0,0,1180
Andres Martin,37,0,0,0,1181
Andres Martin,38,0,0,0,1182
Andres Martin,39,0,0,0,1183
Andres Martin,40,0,0,0,1184
Andres Martin,41,0,0,0,1185
Andres Martin,42,0,0,0,1186
Andres Martin,43,0,0,0,1187
Andres Martin,44,0,0,0,1188
Andres Martin,45,0,0,0,1189
Andres Martin,46,0,0,0,1190
Andres Martin,47,0,0,0,1191
Andres Martin,48,0,0,0,1192
Andres Martin,49,0,0,0,1193
Andres Martin,50,0,0,0,1194
Andres Martin,51,0,0,0,1195
Andres Martin,52,0,0,0,1196
Andrey Rublev,1,0,0,500,1145
Andrey Rublev,2,0,0,0,1146
Andrey Rublev,3,0,0,360,1147
Andrey Rublev,4,0,0,0,1148
Andrey Rublev,5,0,0,0,1149
Andrey Rublev,6,0,0,0,1150
Andrey Rublev,7,0,0,90,1151
Andrey Rublev,8,0,0,90,1152
Andrey Rublev,9,0,0,180,1153
Andrey Rublev,10,0,0,45,1154
Andrey Rublev,11,0,0,0,1155
Andrey Rublev,12,0,0,25,1156
Andrey Rublev,13,0,0,0,1157
Andrey Rublev,14,0,0,0,1158
Andrey Rublev,15,45,0,0,1159
Andrey Rublev,16,20,0,0,1160
Andrey Rublev,17,1000,0,0,1161
Andrey Rublev,18,0,0,0,1162
Andrey Rublev,19,45,0,0,1163
Andrey Rublev,20,0,0,0,1164
Andrey Rublev,21,0,0,0,1165
Andrey Rublev,22,90,0,0,1166
Andrey Rublev,23,0,0,0,1167
Andrey Rublev,24,0,0,0,1168
Andrey Rublev,25,0,20,0,1169
Andrey Rublev,26,0,0,0,1170
Andrey Rublev,27,0,10,0,1171
Andrey Rublev,28,0,0,0,1172
Andrey Rublev,29,45,0,0,1173
Andrey Rublev,30,180,0,0,1174
Andrey Rublev,31,0,0,90,1175
Andrey Rublev,32,0,0,1200,1176
Andrey Rublev,33,0,0,180,1177
Andrey Rublev,34,0,0,0,1178
Andrey Rublev,35,0,0,180,1179
Andrey Rublev,36,0,0,0,1180
Andrey Rublev,37,0,0,0,1181
Andrey Rublev,38,0,0,0,1182
Andrey Rublev,39,0,0,90,1183
Andrey Rublev,40,0,0,25,1184
Andrey Rublev,41,0,0,0,1185
Andrey Rublev,42,0,0,90,1186
Andrey Rublev,43,0,0,90,1187
Andrey Rublev,44,0,0,45,1188
Andrey Rublev,45,0,0,90,1189
Andrey Rublev,46,0,0,0,1190
Andrey Rublev,47,0,0,0,1191
Andrey Rublev,48,0,0,0,1192
Andrey Rublev,49,0,0,0,1193
Andrey Rublev,50,0,0,0,1194
Andrey Rublev,51,0,0,0,1195
Andrey Rublev,52,0,0,0,1196
Andy Murray,1,0,0,20,1145
Andy Murray,2,0,0,0,1146
Andy Murray,3,0,0,10,1147
Andy Murray,4,0,0,0,1148
Andy Murray,5,0,0,20,1149
Andy Murray,6,0,0,20,1150
Andy Murray,7,0,0,0,1151
Andy Murray,8,0,0,45,1152
Andy Murray,9,0,0,45,1153
Andy Murray,10,0,0,25,1154
Andy Murray,11,0,0,0,1155
Andy Murray,12,0,0,45,1156
Andy Murray,13,0,0,0,1157
Andy Murray,14,0,0,0,1158
Andy Murray,15,0,0,0,1159
Andy Murray,16,0,0,0,1160
Andy Murray,17,0,0,0,1161
Andy Murray,18,0,0,0,1162
Andy Murray,19,0,0,0,1163
Andy Murray,20,0,0,0,1164
Andy Murray,21,20,0,0,1165
Andy Murray,22,10,0,0,1166
Andy Murray,23,0,0,0,1167
Andy Murray,24,0,20,0,1168
Andy Murray,25,0,45,0,1169
Andy Murray,26,0,0,0,1170
Andy Murray,27,0,0,0,1171
Andy Murray,28,0,0,0,1172
Andy Murray,29,0,0,0,1173
Andy Murray,30,0,0,0,1174
Andy Murray,31,0,0,0,1175
Andy Murray,32,0,0,0,1176
Andy Murray,33,0,0,0,1177
Andy Murray,34,0,0,0,1178
Andy Murray,35,0,0,0,1179
Andy Murray,36,0,0,0,1180
Andy Murray,37,0,0,0,1181
Andy Murray,38,0,0,0,1182
Andy Murray,39,0,0,0,1183
Andy Murray,40,0,0,0,1184
Andy Murray,41,0,0,0,1185
Andy Murray,42,0,0,0,1186
Andy Murray,43,0,0,0,1187
Andy Murray,44,0,0,0,1188
Andy Murray,45,0,0,0,1189
Andy Murray,46,0,0,0,1190
Andy Murray,47,0,0,0,1191
Andy Murray,48,0,0,0,1192
Andy Murray,49,0,0,0,1193
Andy Murray,50,0,0,0,1194
Andy Murray,51,0,0,0,1195
Andy Murray,52,0,0,0,1196
Antoine Escoffier,1,0,0,0,1145
Antoine Escoffier,2,0,0,0,1146
Antoine Escoffier,3,0,0,0,1147
Antoine Escoffier,4,0,0,0,1148
Antoine Escoffier,5,0,0,20,1149
Antoine Escoffier,6,0,0,0,1150
Antoine Escoffier,7,0,0,0,1151
Antoine Escoffier,8,0,0,0,1152
Antoine Escoffier,9,0,0,0,1153
Antoine Escoffier,10,0,0,0,1154
Antoine Escoffier,11,0,0,0,1155
Antoine Escoffier,12,0,0,0,1156
Antoine Escoffier,13,0,0,0,1157
Antoine Escoffier,14,0,0,0,1158
Antoine Escoffier,15,0,0,0,1159
Antoine Escoffier,16,0,0,0,1160
Antoine Escoffier,17,0,0,0,1161
Antoine Escoffier,18,0,0,0,1162
Antoine Escoffier,19,0,0,0,1163
Antoine Escoffier,20,0,0,0,1164
Antoine Escoffier,21,0,0,0,1165
Antoine Escoffier,22,0,0,0,1166
Antoine Escoffier,23,0,0,0,1167
Antoine Escoffier,24,0,0,0,1168
Antoine Escoffier,25,0,0,0,1169
Antoine Escoffier,26,0,0,0,1170
Antoine Escoffier,27,0,0,0,1171
Antoine Escoffier,28,0,0,0,1172
Antoine Escoffier,29,0,0,0,1173
Antoine Escoffier,30,0,0,0,1174
Antoine Escoffier,31,0,0,0,1175
Antoine Escoffier,32,0,0,0,1176
Antoine Escoffier,33,0,0,0,1177
Antoine Escoffier,34,0,0,0,1178
Antoine Escoffier,35,0,0,0,1179
Antoine Escoffier,36,0,0,0,1180
Antoine Escoffier,37,0,0,0,1181
Antoine Escoffier,38,0,0,0,1182
Antoine Escoffier,39,0,0,0,1183
Antoine Escoffier,40,0,0,0,1184
Antoine Escoffier,41,0,0,0,1185
Antoine Escoffier,42,0,0,0,1186
Antoine Escoffier,43,0,0,0,1187
Antoine Escoffier,44,0,0,0,1188
Antoine Escoffier,45,0,0,0,1189
Antoine Escoffier,46,0,0,0,1190
Antoine Escoffier,47,0,0,0,1191
Antoine Escoffier,48,0,0,0,1192
Antoine Escoffier,49,0,0,0,1193
Antoine Escoffier,50,0,0,0,1194
Antoine Escoffier,51,0,0,0,1195
Antoine Escoffier,52,0,0,0,1196
Arthur Cazaux,1,0,0,0,1145
Arthur Cazaux,2,0,0,0,1146
Arthur Cazaux,3,0,0,180,1147
Arthur Cazaux,4,0,0,0,1148
Arthur Cazaux,5,0,0,45,1149
Arthur Cazaux,6,0,0,0,1150
Arthur Cazaux,7,0,0,0,1151
Arthur Cazaux,8,0,0,0,1152
Arthur Cazaux,9,0,0,45,1153
Arthur Cazaux,10,0,0,0,1154
Arthur Cazaux,11,0,0,0,1155
Arthur Cazaux,12,0,0,0,1156
Arthur Cazaux,13,0,0,0,1157
Arthur Cazaux,14,0,0,0,1158
Arthur Cazaux,15,0,0,0,1159
Arthur Cazaux,16,0,0,0,1160
Arthur Cazaux,17,0,0,0,1161
Arthur Cazaux,18,0,0,0,1162
Arthur Cazaux,19,0,0,0,1163
Arthur Cazaux,20,0,0,0,1164
Arthur Cazaux,21,0,0,0,1165
Arthur Cazaux,22,10,0,0,1166
Arthur Cazaux,23,0,0,0,1167
Arthur Cazaux,24,0,20,0,1168
Arthur Cazaux,25,0,0,0,1169
Arthur Cazaux,26,0,0,0,1170
Arthur Cazaux,27,0,45,0,1171
Arthur Cazaux,28,0,0,0,1172
Arthur Cazaux,29,0,0,0,1173
Arthur Cazaux,30,0,0,20,1174
Arthur Cazaux,31,0,0,0,1175
Arthur Cazaux,32,0,0,0,1176
Arthur Cazaux,33,0,0,0,1177
Arthur Cazaux,34,0,0,20,1178
Arthur Cazaux,35,0,0,45,1179
Arthur Cazaux,36,0,0,0,1180
Arthur Cazaux,37,0,0,0,1181
Arthur Cazaux,38,0,0,0,1182
Arthur Cazaux,39,0,0,0,1183
Arthur Cazaux,40,0,0,25,1184
Arthur Cazaux,41,0,0,0,1185
Arthur Cazaux,42,0,0,0,1186
Arthur Cazaux,43,0,0,0,1187
Arthur Cazaux,44,0,0,90,1188
Arthur Cazaux,45,0,0,0,1189
Arthur Cazaux,46,0,0,0,1190
Arthur Cazaux,47,0,0,0,1191
Arthur Cazaux,48,0,0,0,1192
Arthur Cazaux,49,0,0,0,1193
Arthur Cazaux,50,0,0,0,1194
Arthur Cazaux,51,0,0,0,1195
Arthur Cazaux,52,0,0,0,1196
Arthur Fery,1,0,0,0,1145
Arthur Fery,2,0,0,0,1146
Arthur Fery,3,0,0,0,1147
Arthur Fery,4,0,0,0,1148
Arthur Fery,5,0,0,0,1149
Arthur Fery,6,0,0,0,1150
Arthur Fery,7,0,0,0,1151
Arthur Fery,8,0,0,0,1152
Arthur Fery,9,0,0,0,1153
Arthur Fery,10,0,0,0,1154
Arthur Fery,11,0,0,0,1155
Arthur Fery,12,0,0,0,1156
Arthur Fery,13,0,0,0,1157
Arthur Fery,14,0,0,0,1158
Arthur Fery,15,0,0,0,1159
Arthur Fery,16,0,0,0,1160
Arthur Fery,17,0,0,0,1161
Arthur Fery,18,0,0,0,1162
Arthur Fery,19,0,0,0,1163
Arthur Fery,20,0,0,0,1164
Arthur Fery,21,0,0,0,1165
Arthur Fery,22,0,0,0,1166
Arthur Fery,23,0,0,0,1167
Arthur Fery,24,0,0,0,1168
Arthur Fery,25,0,0,0,1169
Arthur Fery,26,0,0,0,1170
Arthur Fery,27,0,10,0,1171
Arthur Fery,28,0,0,0,1172
Arthur Fery,29,0,0,0,1173
Arthur Fery,30,0,0,0,1174
Arthur Fery,31,0,0,0,1175
Arthur Fery,32,0,0,0,1176
Arthur Fery,33,0,0,0,1177
Arthur Fery,34,0,0,0,1178
Arthur Fery,35,0,0,0,1179
Arthur Fery,36,0,0,0,1180
Arthur Fery,37,0,0,0,1181
Arthur Fery,38,0,0,0,1182
Arthur Fery,39,0,0,0,1183
Arthur Fery,40,0,0,0,1184
Arthur Fery,41,0,0,0,1185
Arthur Fery,42,0,0,0,1186
Arthur Fery,43,0,0,0,1187
Arthur Fery,44,0,0,0,1188
Arthur Fery,45,0,0,0,1189
Arthur Fery,46,0,0,0,1190
Arthur Fery,47,0,0,0,1191
Arthur Fery,48,0,0,0,1192
Arthur Fery,49,0,0,0,1193
Arthur Fery,50,0,0,0,1194
Arthur Fery,51,0,0,0,1195
Arthur Fery,52,0,0,0,1196
Arthur Fils,1,0,0,90,1145
Arthur Fils,2,0,0,180,1146
Arthur Fils,3,0,0,45,1147
Arthur Fils,4,0,0,0,1148
Arthur Fils,5,0,0,0,1149
Arthur Fils,6,0,0,0,1150
Arthur Fils,7,20,0,0,1151
Arthur Fils,8,20,0,0,1152
Arthur Fils,9,90,0,0,1153
Arthur Fils,10,0,0,45,1154
Arthur Fils,11,0,0,0,1155
Arthur Fils,12,0,0,10,1156
Arthur Fils,13,0,0,0,1157
Arthur Fils,14,45,0,0,1158
Arthur Fils,15,45,0,0,1159
Arthur Fils,16,90,0,0,1160
Arthur Fils,17,25,0,0,1161
Arthur Fils,18,0,0,0,1162
Arthur Fils,19,25,0,0,1163
Arthur Fils,20,0,0,0,1164
Arthur Fils,21,0,0,0,1165
Arthur Fils,22,10,0,0,1166
Arthur Fils,23,0,0,0,1167
Arthur Fils,24,0,45,0,1168
Arthur Fils,25,0,90,0,1169
Arthur Fils,26,0,0,0,1170
Arthur Fils,27,0,180,0,1171
Arthur Fils,28,0,0,0,1172
Arthur Fils,29,500,0,0,1173
Arthur Fils,30,0,0,0,1174
Arthur Fils,31,0,0,0,1175
Arthur Fils,32,0,0,25,1176
Arthur Fils,33,0,0,45,1177
Arthur Fils,34,0,0,0,1178
Arthur Fils,35,0,0,45,1179
Arthur Fils,36,0,0,0,1180
Arthur Fils,37,0,0,0,1181
Arthur Fils,38,0,0,0,1182
Arthur Fils,39,0,0,500,1183
Arthur Fils,40,0,0,25,1184
Arthur Fils,41,0,0,0,1185
Arthur Fils,42,0,0,0,1186
Arthur Fils,43,0,0,180,1187
Arthur Fils,44,0,0,90,1188
Arthur Fils,45,0,0,0,1189
Arthur Fils,46,0,0,0,1190
Arthur Fils,47,0,0,0,1191
Arthur Fils,48,0,0,0,1192
Arthur Fils,49,0,0,0,1193
Arthur Fils,50,0,0,0,1194
Arthur Fils,51,0,0,0,1195
Arthur Fils,52,0,0,0,1196
Arthur Rinderknech,1,0,0,0,1145
Arthur Rinderknech,2,0,0,20,1146
Arthur Rinderknech,3,0,0,10,1147
Arthur Rinderknech,4,0,0,0,1148
Arthur Rinderknech,5,0,0,0,1149
Arthur Rinderknech,6,0,0,90,1150
Arthur Rinderknech,7,0,0,0,1151
Arthur Rinderknech,8,0,0,0,1152
Arthur Rinderknech,9,0,0,0,1153
Arthur Rinderknech,10,0,0,0,1154
Arthur Rinderknech,11,0,0,0,1155
Arthur Rinderknech,12,0,0,0,1156
Arthur Rinderknech,13,0,0,0,1157
Arthur Rinderknech,14,20,0,0,1158
Arthur Rinderknech,15,0,0,0,1159
Arthur Rinderknech,16,45,0,0,1160
Arthur Rinderknech,17,10,0,0,1161
Arthur Rinderknech,18,0,0,0,1162
Arthur Rinderknech,19,10,0,0,1163
Arthur Rinderknech,20,0,0,0,1164
Arthur Rinderknech,21,90,0,0,1165
Arthur Rinderknech,22,45,0,0,1166
Arthur Rinderknech,23,0,0,0,1167
Arthur Rinderknech,24,0,45,0,1168
Arthur Rinderknech,25,0,0,0,1169
Arthur Rinderknech,26,0,20,0,1170
Arthur Rinderknech,27,0,45,0,1171
Arthur Rinderknech,28,0,0,0,1172
Arthur Rinderknech,29,0,45,0,1173
Arthur Rinderknech,30,0,0,180,1174
Arthur Rinderknech,31,0,0,45,1175
Arthur Rinderknech,32,0,0,90,1176
Arthur Rinderknech,33,0,0,0,1177
Arthur Rinderknech,34,0,0,45,1178
Arthur Rinderknech,35,0,0,45,1179
Arthur Rinderknech,36,0,0,0,1180
Arthur Rinderknech,37,0,0,0,1181
Arthur Rinderknech,38,0,0,0,1182
Arthur Rinderknech,39,0,0,20,1183
Arthur Rinderknech,40,0,0,25,1184
Arthur Rinderknech,41,0,0,0,1185
Arthur Rinderknech,42,0,0,45,1186
Arthur Rinderknech,43,0,0,0,1187
Arthur Rinderknech,44,0,0,90,1188
Arthur Rinderknech,45,0,0,0,1189
Arthur Rinderknech,46,0,0,0,1190
Arthur Rinderknech,47,0,0,0,1191
Arthur Rinderknech,48,0,0,0,1192
Arthur Rinderknech,49,0,0,0,1193
Arthur Rinderknech,50,0,0,0,1194
Arthur Rinderknech,51,0,0,0,1195
Arthur Rinderknech,52,0,0,0,1196
Aslan Karatsev,1,0,0,20,1145
Aslan Karatsev,2,0,0,0,1146
Aslan Karatsev,3,0,0,0,1147
Aslan Karatsev,4,0,0,0,1148
Aslan Karatsev,5,0,0,0,1149
Aslan Karatsev,6,0,0,0,1150
Aslan Karatsev,7,0,0,0,1151
Aslan Karatsev,8,0,0,0,1152
Aslan Karatsev,9,0,0,0,1153
Aslan Karatsev,10,0,0,0,1154
Aslan Karatsev,11,0,0,0,1155
Aslan Karatsev,12,0,0,0,1156
Aslan Karatsev,13,0,0,0,1157
Aslan Karatsev,14,0,0,0,1158
Aslan Karatsev,15,0,0,0,1159
Aslan Karatsev,16,0,0,0,1160
Aslan Karatsev,17,10,0,0,1161
Aslan Karatsev,18,0,0,0,1162
Aslan Karatsev,19,25,0,0,1163
Aslan Karatsev,20,0,0,0,1164
Aslan Karatsev,21,20,0,0,1165
Aslan Karatsev,22,10,0,0,1166
Aslan Karatsev,23,0,0,0,1167
Aslan Karatsev,24,0,0,0,1168
Aslan Karatsev,25,0,0,0,1169
Aslan Karatsev,26,0,0,0,1170
Aslan Karatsev,27,0,10,0,1171
Aslan Karatsev,28,0,0,0,1172
Aslan Karatsev,29,0,0,0,1173
Aslan Karatsev,30,0,0,45,1174
Aslan Karatsev,31,0,0,0,1175
Aslan Karatsev,32,0,0,0,1176
Aslan Karatsev,33,0,0,0,1177
Aslan Karatsev,34,0,0,0,1178
Aslan Karatsev,35,0,0,0,1179
Aslan Karatsev,36,0,0,0,1180
Aslan Karatsev,37,0,0,0,1181
Aslan Karatsev,38,0,0,20,1182
Aslan Karatsev,39,0,0,0,1183
Aslan Karatsev,40,0,0,0,1184
Aslan Karatsev,41,0,0,0,1185
Aslan Karatsev,42,0,0,45,1186
Aslan Karatsev,43,0,0,0,1187
Aslan Karatsev,44,0,0,0,1188
Aslan Karatsev,45,0,0,0,1189
Aslan Karatsev,46,0,0,0,1190
Aslan Karatsev,47,0,0,0,1191
Aslan Karatsev,48,0,0,0,1192
Aslan Karatsev,49,0,0,0,1193
Aslan Karatsev,50,0,0,0,1194
Aslan Karatsev,51,0,0,0,1195
Aslan Karatsev,52,0,0,0,1196
Aziz Dougaz,1,0,0,0,1145
Aziz Dougaz,2,0,0,0,1146
Aziz Dougaz,3,0,0,0,1147
Aziz Dougaz,4,0,0,0,1148
Aziz Dougaz,5,0,0,0,1149
Aziz Dougaz,6,0,0,0,1150
Aziz Dougaz,7,0,0,0,1151
Aziz Dougaz,8,0,0,0,1152
Aziz Dougaz,9,0,0,0,1153
Aziz Dougaz,10,0,0,0,1154
Aziz Dougaz,11,0,0,0,1155
Aziz Dougaz,12,0,0,0,1156
Aziz Dougaz,13,0,0,0,1157
Aziz Dougaz,14,20,0,0,1158
Aziz Dougaz,15,0,0,0,1159
Aziz Dougaz,16,0,0,0,1160
Aziz Dougaz,17,0,0,0,1161
Aziz Dougaz,18,0,0,0,1162
Aziz Dougaz,19,0,0,0,1163
Aziz Dougaz,20,0,0,0,1164
Aziz Dougaz,21,0,0,0,1165
Aziz Dougaz,22,0,0,0,1166
Aziz Dougaz,23,0,0,0,1167
Aziz Dougaz,24,0,0,0,1168
Aziz Dougaz,25,0,0,0,1169
Aziz Dougaz,26,0,0,0,1170
Aziz Dougaz,27,0,0,0,1171
Aziz Dougaz,28,0,0,0,1172
Aziz Dougaz,29,0,0,0,1173
Aziz Dougaz,30,0,0,0,1174
Aziz Dougaz,31,0,0,0,1175
Aziz Dougaz,32,0,0,0,1176
Aziz Dougaz,33,0,0,0,1177
Aziz Dougaz,34,0,0,0,1178
Aziz Dougaz,35,0,0,0,1179
Aziz Dougaz,36,0,0,0,1180
Aziz Dougaz,37,0,0,0,1181
Aziz Dougaz,38,0,0,0,1182
Aziz Dougaz,39,0,0,0,1183
Aziz Dougaz,40,0,0,0,1184
Aziz Dougaz,41,0,0,0,1185
Aziz Dougaz,42,0,0,0,1186
Aziz Dougaz,43,0,0,0,1187
Aziz Dougaz,44,0,0,0,1188
Aziz Dougaz,45,0,0,0,1189
Aziz Dougaz,46,0,0,0,1190
Aziz Dougaz,47,0,0,0,1191
Aziz Dougaz,48,0,0,0,1192
Aziz Dougaz,49,0,0,0,1193
Aziz Dougaz,50,0,0,0,1194
Aziz Dougaz,51,0,0,0,1195
Aziz Dougaz,52,0,0,0,1196
Beibit Zhukayev,1,0,0,0,1145
Beibit Zhukayev,2,0,0,0,1146
Beibit Zhukayev,3,0,0,0,1147
Beibit Zhukayev,4,0,0,0,1148
Beibit Zhukayev,5,0,0,0,1149
Beibit Zhukayev,6,0,0,0,1150
Beibit Zhukayev,7,0,0,0,1151
Beibit Zhukayev,8,0,0,0,1152
Beibit Zhukayev,9,0,0,0,1153
Beibit Zhukayev,10,0,0,0,1154
Beibit Zhukayev,11,0,0,0,1155
Beibit Zhukayev,12,0,0,0,1156
Beibit Zhukayev,13,0,0,0,1157
Beibit Zhukayev,14,0,0,0,1158
Beibit Zhukayev,15,0,0,0,1159
Beibit Zhukayev,16,0,0,0,1160
Beibit Zhukayev,17,0,0,0,1161
Beibit Zhukayev,18,0,0,0,1162
Beibit Zhukayev,19,0,0,0,1163
Beibit Zhukayev,20,0,0,0,1164
Beibit Zhukayev,21,0,0,0,1165
Beibit Zhukayev,22,0,0,0,1166
Beibit Zhukayev,23,0,0,0,1167
Beibit Zhukayev,24,0,0,0,1168
Beibit Zhukayev,25,0,0,0,1169
Beibit Zhukayev,26,0,0,0,1170
Beibit Zhukayev,27,0,0,0,1171
Beibit Zhukayev,28,0,0,0,1172
Beibit Zhukayev,29,0,0,0,1173
Beibit Zhukayev,30,0,0,0,1174
Beibit Zhukayev,31,0,0,0,1175
Beibit Zhukayev,32,0,0,0,1176
Beibit Zhukayev,33,0,0,0,1177
Beibit Zhukayev,34,0,0,0,1178
Beibit Zhukayev,35,0,0,0,1179
Beibit Zhukayev,36,0,0,0,1180
Beibit Zhukayev,37,0,0,0,1181
Beibit Zhukayev,38,0,0,0,1182
Beibit Zhukayev,39,0,0,0,1183
Beibit Zhukayev,40,0,0,10,1184
Beibit Zhukayev,41,0,0,0,1185
Beibit Zhukayev,42,0,0,90,1186
Beibit Zhukayev,43,0,0,0,1187
Beibit Zhukayev,44,0,0,0,1188
Beibit Zhukayev,45,0,0,0,1189
Beibit Zhukayev,46,0,0,0,1190
Beibit Zhukayev,47,0,0,0,1191
Beibit Zhukayev,48,0,0,0,1192
Beibit Zhukayev,49,0,0,0,1193
Beibit Zhukayev,50,0,0,0,1194
Beibit Zhukayev,51,0,0,0,1195
Beibit Zhukayev,52,0,0,0,1196
Ben Shelton,1,0,0,20,1145
Ben Shelton,2,0,0,180,1146
Ben Shelton,3,0,0,90,1147
Ben Shelton,4,0,0,0,1148
Ben Shelton,5,0,0,0,1149
Ben Shelton,6,0,0,180,1150
Ben Shelton,7,0,0,0,1151
Ben Shelton,8,0,0,0,1152
Ben Shelton,9,0,0,90,1153
Ben Shelton,10,0,0,90,1154
Ben Shelton,11,0,0,0,1155
Ben Shelton,12,0,0,45,1156
Ben Shelton,13,0,0,0,1157
Ben Shelton,14,500,0,0,1158
Ben Shelton,15,0,0,0,1159
Ben Shelton,16,0,0,0,1160
Ben Shelton,17,45,0,0,1161
Ben Shelton,18,0,0,0,1162
Ben Shelton,19,45,0,0,1163
Ben Shelton,20,0,0,0,1164
Ben Shelton,21,45,0,0,1165
Ben Shelton,22,90,0,0,1166
Ben Shelton,23,0,0,0,1167
Ben Shelton,24,0,45,0,1168
Ben Shelton,25,0,20,0,1169
Ben Shelton,26,0,90,0,1170
Ben Shelton,27,0,180,0,1171
Ben Shelton,28,0,0,0,1172
Ben Shelton,29,0,0,0,1173
Ben Shelton,30,0,0,45,1174
Ben Shelton,31,0,0,180,1175
Ben Shelton,32,0,0,45,1176
Ben Shelton,33,0,0,180,1177
Ben Shelton,34,0,0,0,1178
Ben Shelton,35,0,0,90,1179
Ben Shelton,36,0,0,0,1180
Ben Shelton,37,0,0,0,1181
Ben Shelton,38,0,0,0,1182
Ben Shelton,39,0,0,90,1183
Ben Shelton,40,0,0,90,1184
Ben Shelton,41,0,0,0,1185
Ben Shelton,42,0,0,0,1186
Ben Shelton,43,0,0,600,1187
Ben Shelton,44,0,0,45,1188
Ben Shelton,45,0,0,0,1189
Ben Shelton,46,0,0,0,1190
Ben Shelton,47,0,0,0,1191
Ben Shelton,48,0,0,0,1192
Ben Shelton,49,0,0,0,1193
Ben Shelton,50,0,0,0,1194
Ben Shelton,51,0,0,0,1195
Ben Shelton,52,0,0,0,1196
Benjamin Bonzi,1,0,0,20,1145
Benjamin Bonzi,2,0,0,20,1146
Benjamin Bonzi,3,0,0,10,1147
Benjamin Bonzi,4,0,0,0,1148
Benjamin Bonzi,5,0,0,20,1149
Benjamin Bonzi,6,0,0,20,1150
Benjamin Bonzi,7,0,0,0,1151
Benjamin Bonzi,8,0,0,0,1152
Benjamin Bonzi,9,0,0,0,1153
Benjamin Bonzi,10,0,0,0,1154
Benjamin Bonzi,11,0,0,0,1155
Benjamin Bonzi,12,0,0,0,1156
Benjamin Bonzi,13,0,0,0,1157
Benjamin Bonzi,14,0,0,0,1158
Benjamin Bonzi,15,0,0,0,1159
Benjamin Bonzi,16,20,0,0,1160
Benjamin Bonzi,17,0,0,0,1161
Benjamin Bonzi,18,0,0,0,1162
Benjamin Bonzi,19,0,0,0,1163
Benjamin Bonzi,20,0,0,0,1164
Benjamin Bonzi,21,0,0,0,1165
Benjamin Bonzi,22,0,0,0,1166
Benjamin Bonzi,23,0,0,0,1167
Benjamin Bonzi,24,0,0,0,1168
Benjamin Bonzi,25,0,0,0,1169
Benjamin Bonzi,26,0,0,0,1170
Benjamin Bonzi,27,0,0,0,1171
Benjamin Bonzi,28,0,0,0,1172
Benjamin Bonzi,29,0,0,0,1173
Benjamin Bonzi,30,0,0,0,1174
Benjamin Bonzi,31,0,0,0,1175
Benjamin Bonzi,32,0,0,0,1176
Benjamin Bonzi,33,0,0,0,1177
Benjamin Bonzi,34,0,0,0,1178
Benjamin Bonzi,35,0,0,0,1179
Benjamin Bonzi,36,0,0,0,1180
Benjamin Bonzi,37,0,0,0,1181
Benjamin Bonzi,38,0,0,0,1182
Benjamin Bonzi,39,0,0,0,1183
Benjamin Bonzi,40,0,0,0,1184
Benjamin Bonzi,41,0,0,0,1185
Benjamin Bonzi,42,0,0,0,1186
Benjamin Bonzi,43,0,0,0,1187
Benjamin Bonzi,44,0,0,0,1188
Benjamin Bonzi,45,0,0,500,1189
Benjamin Bonzi,46,0,0,0,1190
Benjamin Bonzi,47,0,0,0,1191
Benjamin Bonzi,48,0,0,0,1192
Benjamin Bonzi,49,0,0,0,1193
Benjamin Bonzi,50,0,0,0,1194
Benjamin Bonzi,51,0,0,0,1195
Benjamin Bonzi,52,0,0,0,1196
Benjamin Hassan,1,0,0,0,1145
Benjamin Hassan,2,0,0,0,1146
Benjamin Hassan,3,0,0,0,1147
Benjamin Hassan,4,0,0,0,1148
Benjamin Hassan,5,0,0,0,1149
Benjamin Hassan,6,0,0,0,1150
Benjamin Hassan,7,0,0,0,1151
Benjamin Hassan,8,0,0,0,1152
Benjamin Hassan,9,0,0,0,1153
Benjamin Hassan,10,0,0,0,1154
Benjamin Hassan,11,0,0,0,1155
Benjamin Hassan,12,0,0,0,1156
Benjamin Hassan,13,0,0,0,1157
Benjamin Hassan,14,0,0,0,1158
Benjamin Hassan,15,0,0,0,1159
Benjamin Hassan,16,0,0,0,1160
Benjamin Hassan,17,10,0,0,1161
Benjamin Hassan,18,0,0,0,1162
Benjamin Hassan,19,0,0,0,1163
Benjamin Hassan,20,0,0,0,1164
Benjamin Hassan,21,0,0,0,1165
Benjamin Hassan,22,0,0,0,1166
Benjamin Hassan,23,0,0,0,1167
Benjamin Hassan,24,0,0,0,1168
Benjamin Hassan,25,0,0,0,1169
Benjamin Hassan,26,0,0,0,1170
Benjamin Hassan,27,0,0,0,1171
Benjamin Hassan,28,0,0,0,1172
Benjamin Hassan,29,0,0,0,1173
Benjamin Hassan,30,0,0,0,1174
Benjamin Hassan,31,0,0,0,1175
Benjamin Hassan,32,0,0,0,1176
Benjamin Hassan,33,0,0,0,1177
Benjamin Hassan,34,0,0,0,1178
Benjamin Hassan,35,0,0,0,1179
Benjamin Hassan,36,0,0,0,1180
Benjamin Hassan,37,0,0,0,1181
Benjamin Hassan,38,0,0,0,1182
Benjamin Hassan,39,0,0,0,1183
Benjamin Hassan,40,0,0,0,1184
Benjamin Hassan,41,0,0,0,1185
Benjamin Hassan,42,0,0,20,1186
Benjamin Hassan,43,0,0,0,1187
Benjamin Hassan,44,0,0,0,1188
Benjamin Hassan,45,0,0,0,1189
Benjamin Hassan,46,0,0,0,1190
Benjamin Hassan,47,0,0,0,1191
Benjamin Hassan,48,0,0,0,1192
Benjamin Hassan,49,0,0,0,1193
Benjamin Hassan,50,0,0,0,1194
Benjamin Hassan,51,0,0,0,1195
Benjamin Hassan,52,0,0,0,1196
Benoit Paire,1,0,0,0,1145
Benoit Paire,2,0,0,0,1146
Benoit Paire,3,0,0,0,1147
Benoit Paire,4,0,0,0,1148
Benoit Paire,5,0,0,45,1149
Benoit Paire,6,0,0,0,1150
Benoit Paire,7,0,0,0,1151
Benoit Paire,8,0,0,0,1152
Benoit Paire,9,0,0,0,1153
Benoit Paire,10,0,0,0,1154
Benoit Paire,11,0,0,0,1155
Benoit Paire,12,0,0,0,1156
Benoit Paire,13,0,0,0,1157
Benoit Paire,14,20,0,0,1158
Benoit Paire,15,0,0,0,1159
Benoit Paire,16,0,0,0,1160
Benoit Paire,17,0,0,0,1161
Benoit Paire,18,0,0,0,1162
Benoit Paire,19,0,0,0,1163
Benoit Paire,20,0,0,0,1164
Benoit Paire,21,0,0,0,1165
Benoit Paire,22,0,0,0,1166
Benoit Paire,23,0,0,0,1167
Benoit Paire,24,0,0,0,1168
Benoit Paire,25,0,0,0,1169
Benoit Paire,26,0,0,0,1170
Benoit Paire,27,0,0,0,1171
Benoit Paire,28,0,0,0,1172
Benoit Paire,29,0,45,0,1173
Benoit Paire,30,0,0,0,1174
Benoit Paire,31,0,0,0,1175
Benoit Paire,32,0,0,0,1176
Benoit Paire,33,0,0,0,1177
Benoit Paire,34,0,0,0,1178
Benoit Paire,35,0,0,0,1179
Benoit Paire,36,0,0,0,1180
Benoit Paire,37,0,0,0,1181
Benoit Paire,38,0,0,0,1182
Benoit Paire,39,0,0,0,1183
Benoit Paire,40,0,0,0,1184
Benoit Paire,41,0,0,0,1185
Benoit Paire,42,0,0,0,1186
Benoit Paire,43,0,0,0,1187
Benoit Paire,44,0,0,0,1188
Benoit Paire,45,0,0,0,1189
Benoit Paire,46,0,0,0,1190
Benoit Paire,47,0,0,0,1191
Benoit Paire,48,0,0,0,1192
Benoit Paire,49,0,0,0,1193
Benoit Paire,50,0,0,0,1194
Benoit Paire,51,0,0,0,1195
Benoit Paire,52,0,0,0,1196
Bernabe Zapata Miralles,1,0,0,0,1145
Bernabe Zapata Miralles,2,0,0,20,1146
Bernabe Zapata Miralles,3,0,0,10,1147
Bernabe Zapata Miralles,4,0,0,0,1148
Bernabe Zapata Miralles,5,0,0,20,1149
Bernabe Zapata Miralles,6,45,0,0,1150
Bernabe Zapata Miralles,7,20,0,0,1151
Bernabe Zapata Miralles,8,20,0,0,1152
Bernabe Zapata Miralles,9,20,0,0,1153
Bernabe Zapata Miralles,10,0,0,10,1154
Bernabe Zapata Miralles,11,0,0,0,1155
Bernabe Zapata Miralles,12,0,0,0,1156
Bernabe Zapata Miralles,13,0,0,0,1157
Bernabe Zapata Miralles,14,0,0,0,1158
Bernabe Zapata Miralles,15,0,0,0,1159
Bernabe Zapata Miralles,16,0,0,0,1160
Bernabe Zapata Miralles,17,0,0,0,1161
Bernabe Zapata Miralles,18,0,0,0,1162
Bernabe Zapata Miralles,19,0,0,0,1163
Bernabe Zapata Miralles,20,0,0,0,1164
Bernabe Zapata Miralles,21,0,0,0,1165
Bernabe Zapata Miralles,22,0,0,0,1166
Bernabe Zapata Miralles,23,0,0,0,1167
Bernabe Zapata Miralles,24,0,0,0,1168
Bernabe Zapata Miralles,25,0,0,0,1169
Bernabe Zapata Miralles,26,0,0,0,1170
Bernabe Zapata Miralles,27,0,0,0,1171
Bernabe Zapata Miralles,28,0,0,0,1172
Bernabe Zapata Miralles,29,0,0,0,1173
Bernabe Zapata Miralles,30,0,0,0,1174
Bernabe Zapata Miralles,31,0,0,0,1175
Bernabe Zapata Miralles,32,0,0,0,1176
Bernabe Zapata Miralles,33,0,0,0,1177
Bernabe Zapata Miralles,34,0,0,0,1178
Bernabe Zapata Miralles,35,0,0,0,1179
Bernabe Zapata Miralles,36,0,0,0,1180
Bernabe Zapata Miralles,37,0,0,0,1181
Bernabe Zapata Miralles,38,0,0,0,1182
Bernabe Zapata Miralles,39,0,0,0,1183
Bernabe Zapata Miralles,40,0,0,0,1184
Bernabe Zapata Miralles,41,0,0,0,1185
Bernabe Zapata Miralles,42,0,0,0,1186
Bernabe Zapata Miralles,43,0,0,0,1187
Bernabe Zapata Miralles,44,0,0,0,1188
Bernabe Zapata Miralles,45,0,0,0,1189
Bernabe Zapata Miralles,46,0,0,0,1190
Bernabe Zapata Miralles,47,0,0,0,1191
Bernabe Zapata Miralles,48,0,0,0,1192
Bernabe Zapata Miralles,49,0,0,0,1193
Bernabe Zapata Miralles,50,0,0,0,1194
Bernabe Zapata Miralles,51,0,0,0,1195
Bernabe Zapata Miralles,52,0,0,0,1196
Billy Harris,1,0,0,0,1145
Billy Harris,2,0,0,0,1146
Billy Harris,3,0,0,0,1147
Billy Harris,4,0,0,0,1148
Billy Harris,5,0,0,0,1149
Billy Harris,6,0,0,0,1150
Billy Harris,7,0,0,0,1151
Billy Harris,8,0,0,0,1152
Billy Harris,9,0,0,0,1153
Billy Harris,10,0,0,0,1154
Billy Harris,11,0,0,0,1155
Billy Harris,12,0,0,0,1156
Billy Harris,13,0,0,0,1157
Billy Harris,14,0,0,0,1158
Billy Harris,15,0,0,0,1159
Billy Harris,16,0,0,0,1160
Billy Harris,17,0,0,0,1161
Billy Harris,18,0,0,0,1162
Billy Harris,19,0,0,0,1163
Billy Harris,20,0,0,0,1164
Billy Harris,21,0,0,0,1165
Billy Harris,22,0,0,0,1166
Billy Harris,23,0,0,0,1167
Billy Harris,24,0,0,0,1168
Billy Harris,25,0,90,0,1169
Billy Harris,26,0,180,0,1170
Billy Harris,27,0,10,0,1171
Billy Harris,28,0,0,0,1172
Billy Harris,29,0,45,0,1173
Billy Harris,30,0,0,20,1174
Billy Harris,31,0,0,0,1175
Billy Harris,32,0,0,0,1176
Billy Harris,33,0,0,0,1177
Billy Harris,34,0,0,0,1178
Billy Harris,35,0,0,0,1179
Billy Harris,36,0,0,0,1180
Billy Harris,37,0,0,0,1181
Billy Harris,38,0,0,0,1182
Billy Harris,39,0,0,0,1183
Billy Harris,40,0,0,10,1184
Billy Harris,41,0,0,0,1185
Billy Harris,42,0,0,0,1186
Billy Harris,43,0,0,0,1187
Billy Harris,44,0,0,0,1188
Billy Harris,45,0,0,0,1189
Billy Harris,46,0,0,0,1190
Billy Harris,47,0,0,0,1191
Billy Harris,48,0,0,0,1192
Billy Harris,49,0,0,0,1193
Billy Harris,50,0,0,0,1194
Billy Harris,51,0,0,0,1195
Billy Harris,52,0,0,0,1196
Borna Coric,1,0,0,0,1145
Borna Coric,2,0,0,0,1146
Borna Coric,3,0,0,10,1147
Borna Coric,4,0,0,0,1148
Borna Coric,5,0,0,600,1149
Borna Coric,6,0,0,0,1150
Borna Coric,7,0,0,20,1151
Borna Coric,8,0,0,0,1152
Borna Coric,9,0,0,20,1153
Borna Coric,10,0,0,25,1154
Borna Coric,11,0,0,0,1155
Borna Coric,12,0,0,0,1156
Borna Coric,13,0,0,0,1157
Borna Coric,14,0,0,0,1158
Borna Coric,15,45,0,0,1159
Borna Coric,16,20,0,0,1160
Borna Coric,17,25,0,0,1161
Borna Coric,18,0,0,0,1162
Borna Coric,19,10,0,0,1163
Borna Coric,20,0,0,0,1164
Borna Coric,21,0,0,0,1165
Borna Coric,22,10,0,0,1166
Borna Coric,23,0,0,0,1167
Borna Coric,24,0,0,0,1168
Borna Coric,25,0,0,0,1169
Borna Coric,26,0,0,0,1170
Borna Coric,27,0,45,0,1171
Borna Coric,28,0,0,0,1172
Borna Coric,29,0,0,0,1173
Borna Coric,30,0,0,20,1174
Borna Coric,31,0,0,0,1175
Borna Coric,32,0,0,45,1176
Borna Coric,33,0,0,0,1177
Borna Coric,34,0,0,45,1178
Borna Coric,35,0,0,10,1179
Borna Coric,36,0,0,0,1180
Borna Coric,37,0,0,0,1181
Borna Coric,38,0,0,20,1182
Borna Coric,39,0,0,0,1183
Borna Coric,40,0,0,0,1184
Borna Coric,41,0,0,0,1185
Borna Coric,42,0,0,45,1186
Borna Coric,43,0,0,0,1187
Borna Coric,44,0,0,0,1188
Borna Coric,45,0,0,0,1189
Borna Coric,46,0,0,0,1190
Borna Coric,47,0,0,0,1191
Borna Coric,48,0,0,0,1192
Borna Coric,49,0,0,0,1193
Borna Coric,50,0,0,0,1194
Borna Coric,51,0,0,0,1195
Borna Coric,52,0,0,0,1196
Borna Gojo,1,0,0,20,1145
Borna Gojo,2,0,0,20,1146
Borna Gojo,3,0,0,0,1147
Borna Gojo,4,0,0,0,1148
Borna Gojo,5,0,0,0,1149
Borna Gojo,6,0,0,0,1150
Borna Gojo,7,0,0,0,1151
Borna Gojo,8,0,0,0,1152
Borna Gojo,9,0,0,0,1153
Borna Gojo,10,0,0,0,1154
Borna Gojo,11,0,0,0,1155
Borna Gojo,12,0,0,0,1156
Borna Gojo,13,0,0,0,1157
Borna Gojo,14,0,0,0,1158
Borna Gojo,15,0,0,0,1159
Borna Gojo,16,0,0,0,1160
Borna Gojo,17,0,0,0,1161
Borna Gojo,18,0,0,0,1162
Borna Gojo,19,0,0,0,1163
Borna Gojo,20,0,0,0,1164
Borna Gojo,21,0,0,0,1165
Borna Gojo,22,0,0,0,1166
Borna Gojo,23,0,0,0,1167
Borna Gojo,24,0,0,0,1168
Borna Gojo,25,0,0,0,1169
Borna Gojo,26,0,0,0,1170
Borna Gojo,27,0,0,0,1171
Borna Gojo,28,0,0,0,1172
Borna Gojo,29,0,0,0,1173
Borna Gojo,30,0,0,0,1174
Borna Gojo,31,0,0,0,1175
Borna Gojo,32,0,0,0,1176
Borna Gojo,33,0,0,0,1177
Borna Gojo,34,0,0,0,1178
Borna Gojo,35,0,0,0,1179
Borna Gojo,36,0,0,0,1180
Borna Gojo,37,0,0,0,1181
Borna Gojo,38,0,0,0,1182
Borna Gojo,39,0,0,0,1183
Borna Gojo,40,0,0,0,1184
Borna Gojo,41,0,0,0,1185
Borna Gojo,42,0,0,0,1186
Borna Gojo,43,0,0,0,1187
Borna Gojo,44,0,0,0,1188
Borna Gojo,45,0,0,0,1189
Borna Gojo,46,0,0,0,1190
Borna Gojo,47,0,0,0,1191
Borna Gojo,48,0,0,0,1192
Borna Gojo,49,0,0,0,1193
Borna Gojo,50,0,0,0,1194
Borna Gojo,51,0,0,0,1195
Borna Gojo,52,0,0,0,1196
Botic Van De Zandschulp,1,0,0,45,1145
Botic Van De Zandschulp,2,0,0,45,1146
Botic Van De Zandschulp,3,0,0,10,1147
Botic Van De Zandschulp,4,0,0,0,1148
Botic Van De Zandschulp,5,0,0,0,1149
Botic Van De Zandschulp,6,0,0,0,1150
Botic Van De Zandschulp,7,0,0,20,1151
Botic Van De Zandschulp,8,0,0,20,1152
Botic Van De Zandschulp,9,0,0,45,1153
Botic Van De Zandschulp,10,0,0,10,1154
Botic Van De Zandschulp,11,0,0,0,1155
Botic Van De Zandschulp,12,0,0,25,1156
Botic Van De Zandschulp,13,0,0,0,1157
Botic Van De Zandschulp,14,45,0,0,1158
Botic Van De Zandschulp,15,0,0,0,1159
Botic Van De Zandschulp,16,45,0,0,1160
Botic Van De Zandschulp,17,25,0,0,1161
Botic Van De Zandschulp,18,0,0,0,1162
Botic Van De Zandschulp,19,25,0,0,1163
Botic Van De Zandschulp,20,0,0,0,1164
Botic Van De Zandschulp,21,0,0,0,1165
Botic Van De Zandschulp,22,10,0,0,1166
Botic Van De Zandschulp,23,0,0,0,1167
Botic Van De Zandschulp,24,0,20,0,1168
Botic Van De Zandschulp,25,0,0,0,1169
Botic Van De Zandschulp,26,0,0,0,1170
Botic Van De Zandschulp,27,0,45,0,1171
Botic Van De Zandschulp,28,0,0,0,1172
Botic Van De Zandschulp,29,45,0,0,1173
Botic Van De Zandschulp,30,0,0,0,1174
Botic Van De Zandschulp,31,0,0,0,1175
Botic Van De Zandschulp,32,0,0,0,1176
Botic Van De Zandschulp,33,0,0,0,1177
Botic Van De Zandschulp,34,0,0,0,1178
Botic Van De Zandschulp,35,0,0,90,1179
Botic Van De Zandschulp,36,0,0,0,1180
Botic Van De Zandschulp,37,0,0,0,1181
Botic Van De Zandschulp,38,0,0,0,1182
Botic Van De Zandschulp,39,0,0,20,1183
Botic Van De Zandschulp,40,0,0,25,1184
Botic Van De Zandschulp,41,0,0,0,1185
Botic Van De Zandschulp,42,0,0,20,1186
Botic Van De Zandschulp,43,0,0,45,1187
Botic Van De Zandschulp,44,0,0,0,1188
Botic Van De Zandschulp,45,0,0,0,1189
Botic Van De Zandschulp,46,0,0,0,1190
Botic Van De Zandschulp,47,0,0,0,1191
Botic Van De Zandschulp,48,0,0,0,1192
Botic Van De Zandschulp,49,0,0,0,1193
Botic Van De Zandschulp,50,0,0,0,1194
Botic Van De Zandschulp,51,0,0,0,1195
Botic Van De Zandschulp,52,0,0,0,1196
Brandon Holt,1,0,0,0,1145
Brandon Holt,2,0,0,0,1146
Brandon Holt,3,0,0,0,1147
Brandon Holt,4,0,0,0,1148
Brandon Holt,5,0,0,0,1149
Brandon Holt,6,0,0,0,1150
Brandon Holt,7,0,0,0,1151
Brandon Holt,8,0,0,20,1152
Brandon Holt,9,0,0,0,1153
Brandon Holt,10,0,0,0,1154
Brandon Holt,11,0,0,0,1155
Brandon Holt,12,0,0,0,1156
Brandon Holt,13,0,0,0,1157
Brandon Holt,14,0,0,0,1158
Brandon Holt,15,0,0,0,1159
Brandon Holt,16,0,0,0,1160
Brandon Holt,17,0,0,0,1161
Brandon Holt,18,0,0,0,1162
Brandon Holt,19,0,0,0,1163
Brandon Holt,20,0,0,0,1164
Brandon Holt,21,0,0,0,1165
Brandon Holt,22,0,0,0,1166
Brandon Holt,23,0,0,0,1167
Brandon Holt,24,0,0,0,1168
Brandon Holt,25,0,0,0,1169
Brandon Holt,26,0,0,0,1170
Brandon Holt,27,0,0,0,1171
Brandon Holt,28,0,0,0,1172
Brandon Holt,29,0,0,0,1173
Brandon Holt,30,0,0,0,1174
Brandon Holt,31,0,0,0,1175
Brandon Holt,32,0,0,0,1176
Brandon Holt,33,0,0,25,1177
Brandon Holt,34,0,0,0,1178
Brandon Holt,35,0,0,0,1179
Brandon Holt,36,0,0,0,1180
Brandon Holt,37,0,0,0,1181
Brandon Holt,38,0,0,0,1182
Brandon Holt,39,0,0,0,1183
Brandon Holt,40,0,0,0,1184
Brandon Holt,41,0,0,0,1185
Brandon Holt,42,0,0,0,1186
Brandon Holt,43,0,0,0,1187
Brandon Holt,44,0,0,0,1188
Brandon Holt,45,0,0,0,1189
Brandon Holt,46,0,0,0,1190
Brandon Holt,47,0,0,0,1191
Brandon Holt,48,0,0,0,1192
Brandon Holt,49,0,0,0,1193
Brandon Holt,50,0,0,0,1194
Brandon Holt,51,0,0,0,1195
Brandon Holt,52,0,0,0,1196
Brandon Nakashima,1,0,0,0,1145
Brandon Nakashima,2,0,0,0,1146
Brandon Nakashima,3,0,0,0,1147
Brandon Nakashima,4,0,0,0,1148
Brandon Nakashima,5,0,0,0,1149
Brandon Nakashima,6,0,0,0,1150
Brandon Nakashima,7,0,0,0,1151
Brandon Nakashima,8,0,0,0,1152
Brandon Nakashima,9,0,0,0,1153
Brandon Nakashima,10,0,0,25,1154
Brandon Nakashima,11,0,0,0,1155
Brandon Nakashima,12,0,0,10,1156
Brandon Nakashima,13,0,0,0,1157
Brandon Nakashima,14,90,0,0,1158
Brandon Nakashima,15,0,0,0,1159
Brandon Nakashima,16,45,0,0,1160
Brandon Nakashima,17,10,0,0,1161
Brandon Nakashima,18,0,0,0,1162
Brandon Nakashima,19,10,0,0,1163
Brandon Nakashima,20,0,0,0,1164
Brandon Nakashima,21,0,0,0,1165
Brandon Nakashima,22,45,0,0,1166
Brandon Nakashima,23,0,0,0,1167
Brandon Nakashima,24,0,180,0,1168
Brandon Nakashima,25,0,45,0,1169
Brandon Nakashima,26,0,0,0,1170
Brandon Nakashima,27,0,90,0,1171
Brandon Nakashima,28,0,0,0,1172
Brandon Nakashima,29,0,45,0,1173
Brandon Nakashima,30,0,0,20,1174
Brandon Nakashima,31,0,0,45,1175
Brandon Nakashima,32,0,0,90,1176
Brandon Nakashima,33,0,0,90,1177
Brandon Nakashima,34,0,0,0,1178
Brandon Nakashima,35,0,0,180,1179
Brandon Nakashima,36,0,0,0,1180
Brandon Nakashima,37,0,0,0,1181
Brandon Nakashima,38,0,0,180,1182
Brandon Nakashima,39,0,0,45,1183
Brandon Nakashima,40,0,0,25,1184
Brandon Nakashima,41,0,0,0,1185
Brandon Nakashima,42,0,0,20,1186
Brandon Nakashima,43,0,0,45,1187
Brandon Nakashima,44,0,0,25,1188
Brandon Nakashima,45,0,0,20,1189
Brandon Nakashima,46,0,0,0,1190
Brandon Nakashima,47,0,0,0,1191
Brandon Nakashima,48,0,0,0,1192
Brandon Nakashima,49,0,0,0,1193
Brandon Nakashima,50,0,0,0,1194
Brandon Nakashima,51,0,0,0,1195
Brandon Nakashima,52,0,0,0,1196
Branko Djuric,1,0,0,0,1145
Branko Djuric,2,0,0,0,1146
Branko Djuric,3,0,0,0,1147
Branko Djuric,4,0,0,0,1148
Branko Djuric,5,0,0,0,1149
Branko Djuric,6,0,0,0,1150
Branko Djuric,7,0,0,0,1151
Branko Djuric,8,0,0,0,1152
Branko Djuric,9,0,0,0,1153
Branko Djuric,10,0,0,0,1154
Branko Djuric,11,0,0,0,1155
Branko Djuric,12,0,0,0,1156
Branko Djuric,13,0,0,0,1157
Branko Djuric,14,0,0,0,1158
Branko Djuric,15,0,0,0,1159
Branko Djuric,16,0,0,0,1160
Branko Djuric,17,0,0,0,1161
Branko Djuric,18,0,0,0,1162
Branko Djuric,19,0,0,0,1163
Branko Djuric,20,0,0,0,1164
Branko Djuric,21,0,0,0,1165
Branko Djuric,22,0,0,0,1166
Branko Djuric,23,0,0,0,1167
Branko Djuric,24,0,0,0,1168
Branko Djuric,25,0,0,0,1169
Branko Djuric,26,0,0,0,1170
Branko Djuric,27,0,0,0,1171
Branko Djuric,28,0,0,0,1172
Branko Djuric,29,0,0,0,1173
Branko Djuric,30,0,0,0,1174
Branko Djuric,31,0,0,0,1175
Branko Djuric,32,0,0,0,1176
Branko Djuric,33,0,0,0,1177
Branko Djuric,34,0,0,0,1178
Branko Djuric,35,0,0,0,1179
Branko Djuric,36,0,0,0,1180
Branko Djuric,37,0,0,0,1181
Branko Djuric,38,0,0,0,1182
Branko Djuric,39,0,0,0,1183
Branko Djuric,40,0,0,0,1184
Branko Djuric,41,0,0,0,1185
Branko Djuric,42,0,0,0,1186
Branko Djuric,43,0,0,0,1187
Branko Djuric,44,0,0,0,1188
Branko Djuric,45,0,0,20,1189
Branko Djuric,46,0,0,0,1190
Branko Djuric,47,0,0,0,1191
Branko Djuric,48,0,0,0,1192
Branko Djuric,49,0,0,0,1193
Branko Djuric,50,0,0,0,1194
Branko Djuric,51,0,0,0,1195
Branko Djuric,52,0,0,0,1196
Bu Yunchaokete,1,0,0,0,1145
Bu Yunchaokete,2,0,0,0,1146
Bu Yunchaokete,3,0,0,0,1147
Bu Yunchaokete,4,0,0,0,1148
Bu Yunchaokete,5,0,0,0,1149
Bu Yunchaokete,6,0,0,0,1150
Bu Yunchaokete,7,0,0,0,1151
Bu Yunchaokete,8,0,0,0,1152
Bu Yunchaokete,9,0,0,0,1153
Bu Yunchaokete,10,0,0,0,1154
Bu Yunchaokete,11,0,0,0,1155
Bu Yunchaokete,12,0,0,0,1156
Bu Yunchaokete,13,0,0,0,1157
Bu Yunchaokete,14,0,0,0,1158
Bu Yunchaokete,15,0,0,0,1159
Bu Yunchaokete,16,0,0,0,1160
Bu Yunchaokete,17,0,0,0,1161
Bu Yunchaokete,18,0,0,0,1162
Bu Yunchaokete,19,0,0,0,1163
Bu Yunchaokete,20,0,0,0,1164
Bu Yunchaokete,21,0,0,0,1165
Bu Yunchaokete,22,0,0,0,1166
Bu Yunchaokete,23,0,0,0,1167
Bu Yunchaokete,24,0,0,0,1168
Bu Yunchaokete,25,0,0,0,1169
Bu Yunchaokete,26,0,0,0,1170
Bu Yunchaokete,27,0,0,0,1171
Bu Yunchaokete,28,0,0,0,1172
Bu Yunchaokete,29,0,0,0,1173
Bu Yunchaokete,30,0,0,0,1174
Bu Yunchaokete,31,0,0,0,1175
Bu Yunchaokete,32,0,0,0,1176
Bu Yunchaokete,33,0,0,0,1177
Bu Yunchaokete,34,0,0,0,1178
Bu Yunchaokete,35,0,0,10,1179
Bu Yunchaokete,36,0,0,0,1180
Bu Yunchaokete,37,0,0,0,1181
Bu Yunchaokete,38,0,0,180,1182
Bu Yunchaokete,39,0,0,180,1183
Bu Yunchaokete,40,0,0,10,1184
Bu Yunchaokete,41,0,0,0,1185
Bu Yunchaokete,42,0,0,0,1186
Bu Yunchaokete,43,0,0,0,1187
Bu Yunchaokete,44,0,0,0,1188
Bu Yunchaokete,45,0,0,90,1189
Bu Yunchaokete,46,0,0,0,1190
Bu Yunchaokete,47,0,0,0,1191
Bu Yunchaokete,48,0,0,0,1192
Bu Yunchaokete,49,0,0,0,1193
Bu Yunchaokete,50,0,0,0,1194
Bu Yunchaokete,51,0,0,0,1195
Bu Yunchaokete,52,0,0,0,1196
Cameron Norrie,1,0,0,0,1145
Cameron Norrie,2,0,0,90,1146
Cameron Norrie,3,0,0,180,1147
Cameron Norrie,4,0,0,0,1148
Cameron Norrie,5,0,0,0,1149
Cameron Norrie,6,0,0,0,1150
Cameron Norrie,7,45,0,0,1151
Cameron Norrie,8,180,0,0,1152
Cameron Norrie,9,0,0,0,1153
Cameron Norrie,10,0,0,45,1154
Cameron Norrie,11,0,0,0,1155
Cameron Norrie,12,0,0,45,1156
Cameron Norrie,13,0,0,0,1157
Cameron Norrie,14,0,0,0,1158
Cameron Norrie,15,25,0,0,1159
Cameron Norrie,16,90,0,0,1160
Cameron Norrie,17,45,0,0,1161
Cameron Norrie,18,0,0,0,1162
Cameron Norrie,19,45,0,0,1163
Cameron Norrie,20,0,0,0,1164
Cameron Norrie,21,0,0,0,1165
Cameron Norrie,22,10,0,0,1166
Cameron Norrie,23,0,0,0,1167
Cameron Norrie,24,0,0,0,1168
Cameron Norrie,25,0,20,0,1169
Cameron Norrie,26,0,20,0,1170
Cameron Norrie,27,0,90,0,1171
Cameron Norrie,28,0,0,0,1172
Cameron Norrie,29,45,0,0,1173
Cameron Norrie,30,0,0,0,1174
Cameron Norrie,31,0,0,0,1175
Cameron Norrie,32,0,0,0,1176
Cameron Norrie,33,0,0,0,1177
Cameron Norrie,34,0,0,0,1178
Cameron Norrie,35,0,0,0,1179
Cameron Norrie,36,0,0,0,1180
Cameron Norrie,37,0,0,0,1181
Cameron Norrie,38,0,0,0,1182
Cameron Norrie,39,0,0,0,1183
Cameron Norrie,40,0,0,0,1184
Cameron Norrie,41,0,0,0,1185
Cameron Norrie,42,0,0,20,1186
Cameron Norrie,43,0,0,20,1187
Cameron Norrie,44,0,0,0,1188
Cameron Norrie,45,0,0,600,1189
Cameron Norrie,46,0,0,0,1190
Cameron Norrie,47,0,0,0,1191
Cameron Norrie,48,0,0,0,1192
Cameron Norrie,49,0,0,0,1193
Cameron Norrie,50,0,0,0,1194
Cameron Norrie,51,0,0,0,1195
Cameron Norrie,52,0,0,0,1196
Camilo Ugo Carabelli,1,0,0,0,1145
Camilo Ugo Carabelli,2,0,0,0,1146
Camilo Ugo Carabelli,3,0,0,0,1147
Camilo Ugo Carabelli,4,0,0,0,1148
Camilo Ugo Carabelli,5,0,0,0,1149
Camilo Ugo Carabelli,6,0,0,0,1150
Camilo Ugo Carabelli,7,45,0,0,1151
Camilo Ugo Carabelli,8,0,0,0,1152
Camilo Ugo Carabelli,9,0,0,0,1153
Camilo Ugo Carabelli,10,0,0,0,1154
Camilo Ugo Carabelli,11,0,0,0,1155
Camilo Ugo Carabelli,12,0,0,0,1156
Camilo Ugo Carabelli,13,0,0,0,1157
Camilo Ugo Carabelli,14,0,0,0,1158
Camilo Ugo Carabelli,15,0,0,0,1159
Camilo Ugo Carabelli,16,20,0,0,1160
Camilo Ugo Carabelli,17,0,0,0,1161
Camilo Ugo Carabelli,18,0,0,0,1162
Camilo Ugo Carabelli,19,0,0,0,1163
Camilo Ugo Carabelli,20,0,0,0,1164
Camilo Ugo Carabelli,21,0,0,0,1165
Camilo Ugo Carabelli,22,0,0,0,1166
Camilo Ugo Carabelli,23,0,0,0,1167
Camilo Ugo Carabelli,24,0,0,0,1168
Camilo Ugo Carabelli,25,0,0,0,1169
Camilo Ugo Carabelli,26,0,0,0,1170
Camilo Ugo Carabelli,27,0,0,0,1171
Camilo Ugo Carabelli,28,0,0,0,1172
Camilo Ugo Carabelli,29,20,0,0,1173
Camilo Ugo Carabelli,30,45,0,0,1174
Camilo Ugo Carabelli,31,0,0,0,1175
Camilo Ugo Carabelli,32,0,0,0,1176
Camilo Ugo Carabelli,33,0,0,0,1177
Camilo Ugo Carabelli,34,0,0,0,1178
Camilo Ugo Carabelli,35,0,0,10,1179
Camilo Ugo Carabelli,36,0,0,0,1180
Camilo Ugo Carabelli,37,0,0,0,1181
Camilo Ugo Carabelli,38,0,0,0,1182
Camilo Ugo Carabelli,39,0,0,0,1183
Camilo Ugo Carabelli,40,0,0,0,1184
Camilo Ugo Carabelli,41,0,0,0,1185
Camilo Ugo Carabelli,42,0,0,0,1186
Camilo Ugo Carabelli,43,0,0,0,1187
Camilo Ugo Carabelli,44,0,0,0,1188
Camilo Ugo Carabelli,45,0,0,0,1189
Camilo Ugo Carabelli,46,0,0,0,1190
Camilo Ugo Carabelli,47,0,0,0,1191
Camilo Ugo Carabelli,48,0,0,0,1192
Camilo Ugo Carabelli,49,0,0,0,1193
Camilo Ugo Carabelli,50,0,0,0,1194
Camilo Ugo Carabelli,51,0,0,0,1195
Camilo Ugo Carabelli,52,0,0,0,1196
Carlos Alcaraz,1,0,0,0,1145
Carlos Alcaraz,2,0,0,0,1146
Carlos Alcaraz,3,0,0,360,1147
Carlos Alcaraz,4,0,0,0,1148
Carlos Alcaraz,5,0,0,0,1149
Carlos Alcaraz,6,0,0,0,1150
Carlos Alcaraz,7,180,0,0,1151
Carlos Alcaraz,8,20,0,0,1152
Carlos Alcaraz,9,0,0,0,1153
Carlos Alcaraz,10,0,0,1000,1154
Carlos Alcaraz,11,0,0,0,1155
Carlos Alcaraz,12,0,0,180,1156
Carlos Alcaraz,13,0,0,0,1157
Carlos Alcaraz,14,0,0,0,1158
Carlos Alcaraz,15,0,0,0,1159
Carlos Alcaraz,16,0,0,0,1160
Carlos Alcaraz,17,180,0,0,1161
Carlos Alcaraz,18,0,0,0,1162
Carlos Alcaraz,19,0,0,0,1163
Carlos Alcaraz,20,0,0,0,1164
Carlos Alcaraz,21,0,0,0,1165
Carlos Alcaraz,22,2000,0,0,1166
Carlos Alcaraz,23,0,0,0,1167
Carlos Alcaraz,24,0,0,0,1168
Carlos Alcaraz,25,0,45,0,1169
Carlos Alcaraz,26,0,0,0,1170
Carlos Alcaraz,27,0,2000,0,1171
Carlos Alcaraz,28,0,0,0,1172
Carlos Alcaraz,29,0,0,0,1173
Carlos Alcaraz,30,0,0,0,1174
Carlos Alcaraz,31,0,0,0,1175
Carlos Alcaraz,32,0,0,0,1176
Carlos Alcaraz,33,0,0,45,1177
Carlos Alcaraz,34,0,0,0,1178
Carlos Alcaraz,35,0,0,45,1179
Carlos Alcaraz,36,0,0,0,1180
Carlos Alcaraz,37,0,0,0,1181
Carlos Alcaraz,38,0,0,250,1182
Carlos Alcaraz,39,0,0,500,1183
Carlos Alcaraz,40,0,0,180,1184
Carlos Alcaraz,41,0,0,0,1185
Carlos Alcaraz,42,0,0,0,1186
Carlos Alcaraz,43,0,0,0,1187
Carlos Alcaraz,44,0,0,90,1188
Carlos Alcaraz,45,0,0,0,1189
Carlos Alcaraz,46,0,0,0,1190
Carlos Alcaraz,47,0,0,0,1191
Carlos Alcaraz,48,0,0,0,1192
Carlos Alcaraz,49,0,0,0,1193
Carlos Alcaraz,50,0,0,0,1194
Carlos Alcaraz,51,0,0,0,1195
Carlos Alcaraz,52,0,0,0,1196
Carlos Taberner,1,0,0,0,1145
Carlos Taberner,2,0,0,0,1146
Carlos Taberner,3,0,0,0,1147
Carlos Taberner,4,0,0,0,1148
Carlos Taberner,5,0,0,0,1149
Carlos Taberner,6,0,0,0,1150
Carlos Taberner,7,0,0,0,1151
Carlos Taberner,8,0,0,0,1152
Carlos Taberner,9,0,0,0,1153
Carlos Taberner,10,0,0,0,1154
Carlos Taberner,11,0,0,0,1155
Carlos Taberner,12,0,0,0,1156
Carlos Taberner,13,0,0,0,1157
Carlos Taberner,14,0,0,0,1158
Carlos Taberner,15,0,0,0,1159
Carlos Taberner,16,20,0,0,1160
Carlos Taberner,17,0,0,0,1161
Carlos Taberner,18,0,0,0,1162
Carlos Taberner,19,0,0,0,1163
Carlos Taberner,20,0,0,0,1164
Carlos Taberner,21,0,0,0,1165
Carlos Taberner,22,0,0,0,1166
Carlos Taberner,23,0,0,0,1167
Carlos Taberner,24,0,0,0,1168
Carlos Taberner,25,0,0,0,1169
Carlos Taberner,26,0,0,0,1170
Carlos Taberner,27,0,0,0,1171
Carlos Taberner,28,0,0,0,1172
Carlos Taberner,29,0,0,0,1173
Carlos Taberner,30,0,0,0,1174
Carlos Taberner,31,0,0,0,1175
Carlos Taberner,32,0,0,0,1176
Carlos Taberner,33,0,0,0,1177
Carlos Taberner,34,0,0,0,1178
Carlos Taberner,35,0,0,0,1179
Carlos Taberner,36,0,0,0,1180
Carlos Taberner,37,0,0,0,1181
Carlos Taberner,38,0,0,0,1182
Carlos Taberner,39,0,0,0,1183
Carlos Taberner,40,0,0,0,1184
Carlos Taberner,41,0,0,0,1185
Carlos Taberner,42,0,0,0,1186
Carlos Taberner,43,0,0,0,1187
Carlos Taberner,44,0,0,0,1188
Carlos Taberner,45,0,0,0,1189
Carlos Taberner,46,0,0,0,1190
Carlos Taberner,47,0,0,0,1191
Carlos Taberner,48,0,0,0,1192
Carlos Taberner,49,0,0,0,1193
Carlos Taberner,50,0,0,0,1194
Carlos Taberner,51,0,0,0,1195
Carlos Taberner,52,0,0,0,1196
Casper Ruud,1,0,0,0,1145
Casper Ruud,2,0,0,0,1146
Casper Ruud,3,0,0,90,1147
Casper Ruud,4,0,0,0,1148
Casper Ruud,5,0,0,0,1149
Casper Ruud,6,0,0,0,1150
Casper Ruud,7,0,0,0,1151
Casper Ruud,8,0,0,600,1152
Casper Ruud,9,0,0,600,1153
Casper Ruud,10,0,0,180,1154
Casper Ruud,11,0,0,0,1155
Casper Ruud,12,0,0,90,1156
Casper Ruud,13,0,0,0,1157
Casper Ruud,14,180,0,0,1158
Casper Ruud,15,1200,0,0,1159
Casper Ruud,16,500,0,0,1160
Casper Ruud,17,90,0,0,1161
Casper Ruud,18,0,0,0,1162
Casper Ruud,19,25,0,0,1163
Casper Ruud,20,0,0,0,1164
Casper Ruud,21,500,0,0,1165
Casper Ruud,22,720,0,0,1166
Casper Ruud,23,0,0,0,1167
Casper Ruud,24,0,0,0,1168
Casper Ruud,25,0,0,0,1169
Casper Ruud,26,0,0,0,1170
Casper Ruud,27,0,45,0,1171
Casper Ruud,28,0,0,0,1172
Casper Ruud,29,45,0,0,1173
Casper Ruud,30,0,0,0,1174
Casper Ruud,31,0,0,0,1175
Casper Ruud,32,0,0,90,1176
Casper Ruud,33,0,0,45,1177
Casper Ruud,34,0,0,0,1178
Casper Ruud,35,0,0,180,1179
Casper Ruud,36,0,0,0,1180
Casper Ruud,37,0,0,0,1181
Casper Ruud,38,0,0,0,1182
Casper Ruud,39,0,0,20,1183
Casper Ruud,40,0,0,25,1184
Casper Ruud,41,0,0,0,1185
Casper Ruud,42,0,0,90,1186
Casper Ruud,43,0,0,20,1187
Casper Ruud,44,0,0,45,1188
Casper Ruud,45,0,0,45,1189
Casper Ruud,46,0,0,250,1190
Casper Ruud,47,0,0,0,1191
Casper Ruud,48,0,0,0,1192
Casper Ruud,49,0,0,0,1193
Casper Ruud,50,0,0,0,1194
Casper Ruud,51,0,0,0,1195
Casper Ruud,52,0,0,0,1196
Chak Lam Coleman Wong,1,0,0,20,1145
Chak Lam Coleman Wong,2,0,0,0,1146
Chak Lam Coleman Wong,3,0,0,0,1147
Chak Lam Coleman Wong,4,0,0,0,1148
Chak Lam Coleman Wong,5,0,0,0,1149
Chak Lam Coleman Wong,6,0,0,0,1150
Chak Lam Coleman Wong,7,0,0,0,1151
Chak Lam Coleman Wong,8,0,0,0,1152
Chak Lam Coleman Wong,9,0,0,0,1153
Chak Lam Coleman Wong,10,0,0,0,1154
Chak Lam Coleman Wong,11,0,0,0,1155
Chak Lam Coleman Wong,12,0,0,0,1156
Chak Lam Coleman Wong,13,0,0,0,1157
Chak Lam Coleman Wong,14,0,0,0,1158
Chak Lam Coleman Wong,15,0,0,0,1159
Chak Lam Coleman Wong,16,0,0,0,1160
Chak Lam Coleman Wong,17,0,0,0,1161
Chak Lam Coleman Wong,18,0,0,0,1162
Chak Lam Coleman Wong,19,0,0,0,1163
Chak Lam Coleman Wong,20,0,0,0,1164
Chak Lam Coleman Wong,21,0,0,0,1165
Chak Lam Coleman Wong,22,0,0,0,1166
Chak Lam Coleman Wong,23,0,0,0,1167
Chak Lam Coleman Wong,24,0,0,0,1168
Chak Lam Coleman Wong,25,0,0,0,1169
Chak Lam Coleman Wong,26,0,0,0,1170
Chak Lam Coleman Wong,27,0,0,0,1171
Chak Lam Coleman Wong,28,0,0,0,1172
Chak Lam Coleman Wong,29,0,0,0,1173
Chak Lam Coleman Wong,30,0,0,0,1174
Chak Lam Coleman Wong,31,0,0,0,1175
Chak Lam Coleman Wong,32,0,0,0,1176
Chak Lam Coleman Wong,33,0,0,0,1177
Chak Lam Coleman Wong,34,0,0,0,1178
Chak Lam Coleman Wong,35,0,0,0,1179
Chak Lam Coleman Wong,36,0,0,0,1180
Chak Lam Coleman Wong,37,0,0,0,1181
Chak Lam Coleman Wong,38,0,0,0,1182
Chak Lam Coleman Wong,39,0,0,0,1183
Chak Lam Coleman Wong,40,0,0,0,1184
Chak Lam Coleman Wong,41,0,0,0,1185
Chak Lam Coleman Wong,42,0,0,0,1186
Chak Lam Coleman Wong,43,0,0,0,1187
Chak Lam Coleman Wong,44,0,0,0,1188
Chak Lam Coleman Wong,45,0,0,0,1189
Chak Lam Coleman Wong,46,0,0,0,1190
Chak Lam Coleman Wong,47,0,0,0,1191
Chak Lam Coleman Wong,48,0,0,0,1192
Chak Lam Coleman Wong,49,0,0,0,1193
Chak Lam Coleman Wong,50,0,0,0,1194
Chak Lam Coleman Wong,51,0,0,0,1195
Chak Lam Coleman Wong,52,0,0,0,1196
Charles Broom,1,0,0,0,1145
Charles Broom,2,0,0,0,1146
Charles Broom,3,0,0,0,1147
Charles Broom,4,0,0,0,1148
Charles Broom,5,0,0,0,1149
Charles Broom,6,0,0,0,1150
Charles Broom,7,0,0,0,1151
Charles Broom,8,0,0,0,1152
Charles Broom,9,0,0,0,1153
Charles Broom,10,0,0,0,1154
Charles Broom,11,0,0,0,1155
Charles Broom,12,0,0,0,1156
Charles Broom,13,0,0,0,1157
Charles Broom,14,0,0,0,1158
Charles Broom,15,0,0,0,1159
Charles Broom,16,0,0,0,1160
Charles Broom,17,0,0,0,1161
Charles Broom,18,0,0,0,1162
Charles Broom,19,0,0,0,1163
Charles Broom,20,0,0,0,1164
Charles Broom,21,0,0,0,1165
Charles Broom,22,0,0,0,1166
Charles Broom,23,0,0,0,1167
Charles Broom,24,0,0,0,1168
Charles Broom,25,0,0,0,1169
Charles Broom,26,0,45,0,1170
Charles Broom,27,0,10,0,1171
Charles Broom,28,0,0,0,1172
Charles Broom,29,0,0,0,1173
Charles Broom,30,0,0,0,1174
Charles Broom,31,0,0,0,1175
Charles Broom,32,0,0,0,1176
Charles Broom,33,0,0,0,1177
Charles Broom,34,0,0,0,1178
Charles Broom,35,0,0,0,1179
Charles Broom,36,0,0,0,1180
Charles Broom,37,0,0,0,1181
Charles Broom,38,0,0,0,1182
Charles Broom,39,0,0,0,1183
Charles Broom,40,0,0,0,1184
Charles Broom,41,0,0,0,1185
Charles Broom,42,0,0,0,1186
Charles Broom,43,0,0,0,1187
Charles Broom,44,0,0,0,1188
Charles Broom,45,0,0,0,1189
Charles Broom,46,0,0,0,1190
Charles Broom,47,0,0,0,1191
Charles Broom,48,0,0,0,1192
Charles Broom,49,0,0,0,1193
Charles Broom,50,0,0,0,1194
Charles Broom,51,0,0,0,1195
Charles Broom,52,0,0,0,1196
Christopher Eubanks,1,0,0,0,1145
Christopher Eubanks,2,0,0,20,1146
Christopher Eubanks,3,0,0,45,1147
Christopher Eubanks,4,0,0,0,1148
Christopher Eubanks,5,0,0,0,1149
Christopher Eubanks,6,0,0,45,1150
Christopher Eubanks,7,0,0,0,1151
Christopher Eubanks,8,0,0,0,1152
Christopher Eubanks,9,0,0,20,1153
Christopher Eubanks,10,0,0,10,1154
Christopher Eubanks,11,0,0,0,1155
Christopher Eubanks,12,0,0,45,1156
Christopher Eubanks,13,0,0,0,1157
Christopher Eubanks,14,20,0,0,1158
Christopher Eubanks,15,0,0,0,1159
Christopher Eubanks,16,0,0,0,1160
Christopher Eubanks,17,10,0,0,1161
Christopher Eubanks,18,0,0,0,1162
Christopher Eubanks,19,10,0,0,1163
Christopher Eubanks,20,0,0,0,1164
Christopher Eubanks,21,20,0,0,1165
Christopher Eubanks,22,10,0,0,1166
Christopher Eubanks,23,0,0,0,1167
Christopher Eubanks,24,0,20,0,1168
Christopher Eubanks,25,0,90,0,1169
Christopher Eubanks,26,0,20,0,1170
Christopher Eubanks,27,0,10,0,1171
Christopher Eubanks,28,0,0,0,1172
Christopher Eubanks,29,0,180,0,1173
Christopher Eubanks,30,0,0,0,1174
Christopher Eubanks,31,0,0,0,1175
Christopher Eubanks,32,0,0,0,1176
Christopher Eubanks,33,0,0,0,1177
Christopher Eubanks,34,0,0,90,1178
Christopher Eubanks,35,0,0,10,1179
Christopher Eubanks,36,0,0,0,1180
Christopher Eubanks,37,0,0,0,1181
Christopher Eubanks,38,0,0,0,1182
Christopher Eubanks,39,0,0,0,1183
Christopher Eubanks,40,0,0,0,1184
Christopher Eubanks,41,0,0,0,1185
Christopher Eubanks,42,0,0,0,1186
Christopher Eubanks,43,0,0,0,1187
Christopher Eubanks,44,0,0,0,1188
Christopher Eubanks,45,0,0,0,1189
Christopher Eubanks,46,0,0,0,1190
Christopher Eubanks,47,0,0,0,1191
Christopher Eubanks,48,0,0,0,1192
Christopher Eubanks,49,0,0,0,1193
Christopher Eubanks,50,0,0,0,1194
Christopher Eubanks,51,0,0,0,1195
Christopher Eubanks,52,0,0,0,1196
Christopher Oconnell,1,0,0,20,1145
Christopher Oconnell,2,0,0,90,1146
Christopher Oconnell,3,0,0,45,1147
Christopher Oconnell,4,0,0,0,1148
Christopher Oconnell,5,0,0,0,1149
Christopher Oconnell,6,0,0,0,1150
Christopher Oconnell,7,0,0,0,1151
Christopher Oconnell,8,0,0,45,1152
Christopher Oconnell,9,0,0,45,1153
Christopher Oconnell,10,0,0,25,1154
Christopher Oconnell,11,0,0,0,1155
Christopher Oconnell,12,0,0,90,1156
Christopher Oconnell,13,0,0,0,1157
Christopher Oconnell,14,0,0,0,1158
Christopher Oconnell,15,25,0,0,1159
Christopher Oconnell,16,20,0,0,1160
Christopher Oconnell,17,10,0,0,1161
Christopher Oconnell,18,0,0,0,1162
Christopher Oconnell,19,10,0,0,1163
Christopher Oconnell,20,0,0,0,1164
Christopher Oconnell,21,0,0,0,1165
Christopher Oconnell,22,0,0,0,1166
Christopher Oconnell,23,0,0,0,1167
Christopher Oconnell,24,0,0,0,1168
Christopher Oconnell,25,0,0,0,1169
Christopher Oconnell,26,0,0,0,1170
Christopher Oconnell,27,0,10,0,1171
Christopher Oconnell,28,0,0,0,1172
Christopher Oconnell,29,0,0,0,1173
Christopher Oconnell,30,0,0,20,1174
Christopher Oconnell,31,0,0,20,1175
Christopher Oconnell,32,0,0,0,1176
Christopher Oconnell,33,0,0,0,1177
Christopher Oconnell,34,0,0,20,1178
Christopher Oconnell,35,0,0,90,1179
Christopher Oconnell,36,0,0,0,1180
Christopher Oconnell,37,0,0,0,1181
Christopher Oconnell,38,0,0,45,1182
Christopher Oconnell,39,0,0,45,1183
Christopher Oconnell,40,0,0,10,1184
Christopher Oconnell,41,0,0,0,1185
Christopher Oconnell,42,0,0,20,1186
Christopher Oconnell,43,0,0,0,1187
Christopher Oconnell,44,0,0,25,1188
Christopher Oconnell,45,0,0,90,1189
Christopher Oconnell,46,0,0,0,1190
Christopher Oconnell,47,0,0,0,1191
Christopher Oconnell,48,0,0,0,1192
Christopher Oconnell,49,0,0,0,1193
Christopher Oconnell,50,0,0,0,1194
Christopher Oconnell,51,0,0,0,1195
Christopher Oconnell,52,0,0,0,1196
Chun Hsin Tseng,1,0,0,0,1145
Chun Hsin Tseng,2,0,0,0,1146
Chun Hsin Tseng,3,0,0,0,1147
Chun Hsin Tseng,4,0,0,0,1148
Chun Hsin Tseng,5,0,0,0,1149
Chun Hsin Tseng,6,0,0,0,1150
Chun Hsin Tseng,7,0,0,0,1151
Chun Hsin Tseng,8,0,0,0,1152
Chun Hsin Tseng,9,0,0,0,1153
Chun Hsin Tseng,10,0,0,0,1154
Chun Hsin Tseng,11,0,0,0,1155
Chun Hsin Tseng,12,0,0,0,1156
Chun Hsin Tseng,13,0,0,0,1157
Chun Hsin Tseng,14,0,0,0,1158
Chun Hsin Tseng,15,0,0,0,1159
Chun Hsin Tseng,16,0,0,0,1160
Chun Hsin Tseng,17,0,0,0,1161
Chun Hsin Tseng,18,0,0,0,1162
Chun Hsin Tseng,19,0,0,0,1163
Chun Hsin Tseng,20,0,0,0,1164
Chun Hsin Tseng,21,0,0,0,1165
Chun Hsin Tseng,22,0,0,0,1166
Chun Hsin Tseng,23,0,0,0,1167
Chun Hsin Tseng,24,0,0,0,1168
Chun Hsin Tseng,25,0,0,0,1169
Chun Hsin Tseng,26,0,0,0,1170
Chun Hsin Tseng,27,0,0,0,1171
Chun Hsin Tseng,28,0,0,0,1172
Chun Hsin Tseng,29,0,0,0,1173
Chun Hsin Tseng,30,90,0,0,1174
Chun Hsin Tseng,31,0,0,0,1175
Chun Hsin Tseng,32,0,0,0,1176
Chun Hsin Tseng,33,0,0,0,1177
Chun Hsin Tseng,34,0,0,0,1178
Chun Hsin Tseng,35,0,0,0,1179
Chun Hsin Tseng,36,0,0,0,1180
Chun Hsin Tseng,37,0,0,0,1181
Chun Hsin Tseng,38,0,0,20,1182
Chun Hsin Tseng,39,0,0,0,1183
Chun Hsin Tseng,40,0,0,0,1184
Chun Hsin Tseng,41,0,0,0,1185
Chun Hsin Tseng,42,0,0,0,1186
Chun Hsin Tseng,43,0,0,0,1187
Chun Hsin Tseng,44,0,0,0,1188
Chun Hsin Tseng,45,0,0,0,1189
Chun Hsin Tseng,46,0,0,0,1190
Chun Hsin Tseng,47,0,0,0,1191
Chun Hsin Tseng,48,0,0,0,1192
Chun Hsin Tseng,49,0,0,0,1193
Chun Hsin Tseng,50,0,0,0,1194
Chun Hsin Tseng,51,0,0,0,1195
Chun Hsin Tseng,52,0,0,0,1196
Coleman Wong,1,0,0,0,1145
Coleman Wong,2,0,0,0,1146
Coleman Wong,3,0,0,0,1147
Coleman Wong,4,0,0,0,1148
Coleman Wong,5,0,0,0,1149
Coleman Wong,6,0,0,0,1150
Coleman Wong,7,0,0,0,1151
Coleman Wong,8,0,0,0,1152
Coleman Wong,9,0,0,0,1153
Coleman Wong,10,0,0,0,1154
Coleman Wong,11,0,0,0,1155
Coleman Wong,12,0,0,10,1156
Coleman Wong,13,0,0,0,1157
Coleman Wong,14,0,0,0,1158
Coleman Wong,15,0,0,0,1159
Coleman Wong,16,0,0,0,1160
Coleman Wong,17,0,0,0,1161
Coleman Wong,18,0,0,0,1162
Coleman Wong,19,0,0,0,1163
Coleman Wong,20,0,0,0,1164
Coleman Wong,21,0,0,0,1165
Coleman Wong,22,0,0,0,1166
Coleman Wong,23,0,0,0,1167
Coleman Wong,24,0,0,0,1168
Coleman Wong,25,0,0,0,1169
Coleman Wong,26,0,0,0,1170
Coleman Wong,27,0,0,0,1171
Coleman Wong,28,0,0,0,1172
Coleman Wong,29,0,20,0,1173
Coleman Wong,30,0,0,0,1174
Coleman Wong,31,0,0,0,1175
Coleman Wong,32,0,0,0,1176
Coleman Wong,33,0,0,0,1177
Coleman Wong,34,0,0,0,1178
Coleman Wong,35,0,0,0,1179
Coleman Wong,36,0,0,0,1180
Coleman Wong,37,0,0,0,1181
Coleman Wong,38,0,0,45,1182
Coleman Wong,39,0,0,0,1183
Coleman Wong,40,0,0,10,1184
Coleman Wong,41,0,0,0,1185
Coleman Wong,42,0,0,20,1186
Coleman Wong,43,0,0,0,1187
Coleman Wong,44,0,0,0,1188
Coleman Wong,45,0,0,0,1189
Coleman Wong,46,0,0,0,1190
Coleman Wong,47,0,0,0,1191
Coleman Wong,48,0,0,0,1192
Coleman Wong,49,0,0,0,1193
Coleman Wong,50,0,0,0,1194
Coleman Wong,51,0,0,0,1195
Coleman Wong,52,0,0,0,1196
Constant Lestienne,1,0,0,0,1145
Constant Lestienne,2,0,0,0,1146
Constant Lestienne,3,0,0,10,1147
Constant Lestienne,4,0,0,0,1148
Constant Lestienne,5,0,0,45,1149
Constant Lestienne,6,0,0,20,1150
Constant Lestienne,7,0,0,45,1151
Constant Lestienne,8,0,0,20,1152
Constant Lestienne,9,0,0,0,1153
Constant Lestienne,10,0,0,25,1154
Constant Lestienne,11,0,0,0,1155
Constant Lestienne,12,0,0,0,1156
Constant Lestienne,13,0,0,0,1157
Constant Lestienne,14,0,0,0,1158
Constant Lestienne,15,0,0,0,1159
Constant Lestienne,16,0,0,0,1160
Constant Lestienne,17,0,0,0,1161
Constant Lestienne,18,0,0,0,1162
Constant Lestienne,19,0,0,0,1163
Constant Lestienne,20,0,0,0,1164
Constant Lestienne,21,0,0,0,1165
Constant Lestienne,22,10,0,0,1166
Constant Lestienne,23,0,0,0,1167
Constant Lestienne,24,0,0,0,1168
Constant Lestienne,25,0,0,0,1169
Constant Lestienne,26,0,20,0,1170
Constant Lestienne,27,0,10,0,1171
Constant Lestienne,28,0,0,0,1172
Constant Lestienne,29,0,20,0,1173
Constant Lestienne,30,0,0,0,1174
Constant Lestienne,31,0,0,0,1175
Constant Lestienne,32,0,0,0,1176
Constant Lestienne,33,0,0,0,1177
Constant Lestienne,34,0,0,0,1178
Constant Lestienne,35,0,0,10,1179
Constant Lestienne,36,0,0,0,1180
Constant Lestienne,37,0,0,0,1181
Constant Lestienne,38,0,0,0,1182
Constant Lestienne,39,0,0,0,1183
Constant Lestienne,40,0,0,0,1184
Constant Lestienne,41,0,0,0,1185
Constant Lestienne,42,0,0,0,1186
Constant Lestienne,43,0,0,0,1187
Constant Lestienne,44,0,0,0,1188
Constant Lestienne,45,0,0,0,1189
Constant Lestienne,46,0,0,0,1190
Constant Lestienne,47,0,0,0,1191
Constant Lestienne,48,0,0,0,1192
Constant Lestienne,49,0,0,0,1193
Constant Lestienne,50,0,0,0,1194
Constant Lestienne,51,0,0,0,1195
Constant Lestienne,52,0,0,0,1196
Corentin Moutet,1,0,0,0,1145
Corentin Moutet,2,0,0,0,1146
Corentin Moutet,3,0,0,0,1147
Corentin Moutet,4,0,0,0,1148
Corentin Moutet,5,0,0,0,1149
Corentin Moutet,6,0,0,0,1150
Corentin Moutet,7,0,0,0,1151
Corentin Moutet,8,20,0,0,1152
Corentin Moutet,9,180,0,0,1153
Corentin Moutet,10,0,0,0,1154
Corentin Moutet,11,0,0,0,1155
Corentin Moutet,12,0,0,0,1156
Corentin Moutet,13,0,0,0,1157
Corentin Moutet,14,20,0,0,1158
Corentin Moutet,15,25,0,0,1159
Corentin Moutet,16,90,0,0,1160
Corentin Moutet,17,10,0,0,1161
Corentin Moutet,18,0,0,0,1162
Corentin Moutet,19,25,0,0,1163
Corentin Moutet,20,0,0,0,1164
Corentin Moutet,21,0,0,0,1165
Corentin Moutet,22,180,0,0,1166
Corentin Moutet,23,0,0,0,1167
Corentin Moutet,24,0,0,0,1168
Corentin Moutet,25,0,0,0,1169
Corentin Moutet,26,0,0,0,1170
Corentin Moutet,27,0,0,0,1171
Corentin Moutet,28,0,0,0,1172
Corentin Moutet,29,0,0,0,1173
Corentin Moutet,30,0,0,0,1174
Corentin Moutet,31,0,0,0,1175
Corentin Moutet,32,0,0,0,1176
Corentin Moutet,33,0,0,25,1177
Corentin Moutet,34,0,0,20,1178
Corentin Moutet,35,0,0,10,1179
Corentin Moutet,36,0,0,0,1180
Corentin Moutet,37,0,0,0,1181
Corentin Moutet,38,0,0,20,1182
Corentin Moutet,39,0,0,0,1183
Corentin Moutet,40,0,0,10,1184
Corentin Moutet,41,0,0,0,1185
Corentin Moutet,42,0,0,20,1186
Corentin Moutet,43,0,0,0,1187
Corentin Moutet,44,0,0,25,1188
Corentin Moutet,45,0,0,180,1189
Corentin Moutet,46,0,0,0,1190
Corentin Moutet,47,0,0,0,1191
Corentin Moutet,48,0,0,0,1192
Corentin Moutet,49,0,0,0,1193
Corentin Moutet,50,0,0,0,1194
Corentin Moutet,51,0,0,0,1195
Corentin Moutet,52,0,0,0,1196
Cristian Garin,1,0,0,0,1145
Cristian Garin,2,0,0,0,1146
Cristian Garin,3,0,0,10,1147
Cristian Garin,4,0,0,0,1148
Cristian Garin,5,0,0,0,1149
Cristian Garin,6,20,0,0,1150
Cristian Garin,7,0,0,0,1151
Cristian Garin,8,45,0,0,1152
Cristian Garin,9,20,0,0,1153
Cristian Garin,10,0,0,0,1154
Cristian Garin,11,0,0,0,1155
Cristian Garin,12,0,0,0,1156
Cristian Garin,13,0,0,0,1157
Cristian Garin,14,180,0,0,1158
Cristian Garin,15,0,0,0,1159
Cristian Garin,16,180,0,0,1160
Cristian Garin,17,0,0,0,1161
Cristian Garin,18,0,0,0,1162
Cristian Garin,19,0,0,0,1163
Cristian Garin,20,0,0,0,1164
Cristian Garin,21,0,0,0,1165
Cristian Garin,22,0,0,0,1166
Cristian Garin,23,0,0,0,1167
Cristian Garin,24,0,0,0,1168
Cristian Garin,25,0,0,0,1169
Cristian Garin,26,0,0,0,1170
Cristian Garin,27,0,10,0,1171
Cristian Garin,28,0,0,0,1172
Cristian Garin,29,20,0,0,1173
Cristian Garin,30,0,0,0,1174
Cristian Garin,31,0,0,20,1175
Cristian Garin,32,0,0,0,1176
Cristian Garin,33,0,0,0,1177
Cristian Garin,34,0,0,0,1178
Cristian Garin,35,0,0,0,1179
Cristian Garin,36,0,0,0,1180
Cristian Garin,37,0,0,0,1181
Cristian Garin,38,0,0,0,1182
Cristian Garin,39,0,0,0,1183
Cristian Garin,40,0,0,0,1184
Cristian Garin,41,0,0,0,1185
Cristian Garin,42,0,0,0,1186
Cristian Garin,43,0,0,0,1187
Cristian Garin,44,0,0,0,1188
Cristian Garin,45,0,0,0,1189
Cristian Garin,46,0,0,0,1190
Cristian Garin,47,0,0,0,1191
Cristian Garin,48,0,0,0,1192
Cristian Garin,49,0,0,0,1193
Cristian Garin,50,0,0,0,1194
Cristian Garin,51,0,0,0,1195
Cristian Garin,52,0,0,0,1196
Dalibor Svrcina,1,0,0,0,1145
Dalibor Svrcina,2,0,0,0,1146
Dalibor Svrcina,3,0,0,0,1147
Dalibor Svrcina,4,0,0,0,1148
Dalibor Svrcina,5,0,0,20,1149
Dalibor Svrcina,6,0,0,0,1150
Dalibor Svrcina,7,0,0,0,1151
Dalibor Svrcina,8,0,0,0,1152
Dalibor Svrcina,9,0,0,0,1153
Dalibor Svrcina,10,0,0,0,1154
Dalibor Svrcina,11,0,0,0,1155
Dalibor Svrcina,12,0,0,0,1156
Dalibor Svrcina,13,0,0,0,1157
Dalibor Svrcina,14,0,0,0,1158
Dalibor Svrcina,15,0,0,0,1159
Dalibor Svrcina,16,0,0,0,1160
Dalibor Svrcina,17,0,0,0,1161
Dalibor Svrcina,18,0,0,0,1162
Dalibor Svrcina,19,0,0,0,1163
Dalibor Svrcina,20,0,0,0,1164
Dalibor Svrcina,21,0,0,0,1165
Dalibor Svrcina,22,0,0,0,1166
Dalibor Svrcina,23,0,0,0,1167
Dalibor Svrcina,24,0,0,0,1168
Dalibor Svrcina,25,0,0,0,1169
Dalibor Svrcina,26,0,0,0,1170
Dalibor Svrcina,27,0,0,0,1171
Dalibor Svrcina,28,0,0,0,1172
Dalibor Svrcina,29,0,0,0,1173
Dalibor Svrcina,30,0,0,0,1174
Dalibor Svrcina,31,0,0,0,1175
Dalibor Svrcina,32,0,0,0,1176
Dalibor Svrcina,33,0,0,0,1177
Dalibor Svrcina,34,0,0,0,1178
Dalibor Svrcina,35,0,0,0,1179
Dalibor Svrcina,36,0,0,0,1180
Dalibor Svrcina,37,0,0,0,1181
Dalibor Svrcina,38,0,0,0,1182
Dalibor Svrcina,39,0,0,0,1183
Dalibor Svrcina,40,0,0,0,1184
Dalibor Svrcina,41,0,0,0,1185
Dalibor Svrcina,42,0,0,0,1186
Dalibor Svrcina,43,0,0,0,1187
Dalibor Svrcina,44,0,0,0,1188
Dalibor Svrcina,45,0,0,0,1189
Dalibor Svrcina,46,0,0,0,1190
Dalibor Svrcina,47,0,0,0,1191
Dalibor Svrcina,48,0,0,0,1192
Dalibor Svrcina,49,0,0,0,1193
Dalibor Svrcina,50,0,0,0,1194
Dalibor Svrcina,51,0,0,0,1195
Dalibor Svrcina,52,0,0,0,1196
Damir Dzumhur,1,0,0,0,1145
Damir Dzumhur,2,0,0,0,1146
Damir Dzumhur,3,0,0,0,1147
Damir Dzumhur,4,0,0,0,1148
Damir Dzumhur,5,0,0,0,1149
Damir Dzumhur,6,0,0,0,1150
Damir Dzumhur,7,0,0,0,1151
Damir Dzumhur,8,0,0,0,1152
Damir Dzumhur,9,0,0,0,1153
Damir Dzumhur,10,0,0,0,1154
Damir Dzumhur,11,0,0,0,1155
Damir Dzumhur,12,0,0,0,1156
Damir Dzumhur,13,0,0,0,1157
Damir Dzumhur,14,0,0,0,1158
Damir Dzumhur,15,0,0,0,1159
Damir Dzumhur,16,0,0,0,1160
Damir Dzumhur,17,0,0,0,1161
Damir Dzumhur,18,0,0,0,1162
Damir Dzumhur,19,0,0,0,1163
Damir Dzumhur,20,0,0,0,1164
Damir Dzumhur,21,0,0,0,1165
Damir Dzumhur,22,0,0,0,1166
Damir Dzumhur,23,0,0,0,1167
Damir Dzumhur,24,0,0,0,1168
Damir Dzumhur,25,0,0,0,1169
Damir Dzumhur,26,0,0,0,1170
Damir Dzumhur,27,0,0,0,1171
Damir Dzumhur,28,0,0,0,1172
Damir Dzumhur,29,0,0,0,1173
Damir Dzumhur,30,0,0,0,1174
Damir Dzumhur,31,0,0,0,1175
Damir Dzumhur,32,0,0,0,1176
Damir Dzumhur,33,0,0,0,1177
Damir Dzumhur,34,0,0,0,1178
Damir Dzumhur,35,0,0,0,1179
Damir Dzumhur,36,0,0,0,1180
Damir Dzumhur,37,0,0,0,1181
Damir Dzumhur,38,0,0,20,1182
Damir Dzumhur,39,0,0,0,1183
Damir Dzumhur,40,0,0,10,1184
Damir Dzumhur,41,0,0,0,1185
Damir Dzumhur,42,0,0,20,1186
Damir Dzumhur,43,0,0,0,1187
Damir Dzumhur,44,0,0,0,1188
Damir Dzumhur,45,0,0,0,1189
Damir Dzumhur,46,0,0,0,1190
Damir Dzumhur,47,0,0,0,1191
Damir Dzumhur,48,0,0,0,1192
Damir Dzumhur,49,0,0,0,1193
Damir Dzumhur,50,0,0,0,1194
Damir Dzumhur,51,0,0,0,1195
Damir Dzumhur,52,0,0,0,1196
Dane Sweeny,1,0,0,0,1145
Dane Sweeny,2,0,0,0,1146
Dane Sweeny,3,0,0,10,1147
Dane Sweeny,4,0,0,0,1148
Dane Sweeny,5,0,0,0,1149
Dane Sweeny,6,0,0,0,1150
Dane Sweeny,7,0,0,0,1151
Dane Sweeny,8,0,0,0,1152
Dane Sweeny,9,0,0,0,1153
Dane Sweeny,10,0,0,0,1154
Dane Sweeny,11,0,0,0,1155
Dane Sweeny,12,0,0,0,1156
Dane Sweeny,13,0,0,0,1157
Dane Sweeny,14,0,0,0,1158
Dane Sweeny,15,0,0,0,1159
Dane Sweeny,16,0,0,0,1160
Dane Sweeny,17,0,0,0,1161
Dane Sweeny,18,0,0,0,1162
Dane Sweeny,19,0,0,0,1163
Dane Sweeny,20,0,0,0,1164
Dane Sweeny,21,0,0,0,1165
Dane Sweeny,22,0,0,0,1166
Dane Sweeny,23,0,0,0,1167
Dane Sweeny,24,0,0,0,1168
Dane Sweeny,25,0,0,0,1169
Dane Sweeny,26,0,0,0,1170
Dane Sweeny,27,0,0,0,1171
Dane Sweeny,28,0,0,0,1172
Dane Sweeny,29,0,0,0,1173
Dane Sweeny,30,0,0,0,1174
Dane Sweeny,31,0,0,0,1175
Dane Sweeny,32,0,0,0,1176
Dane Sweeny,33,0,0,0,1177
Dane Sweeny,34,0,0,0,1178
Dane Sweeny,35,0,0,0,1179
Dane Sweeny,36,0,0,0,1180
Dane Sweeny,37,0,0,0,1181
Dane Sweeny,38,0,0,0,1182
Dane Sweeny,39,0,0,0,1183
Dane Sweeny,40,0,0,0,1184
Dane Sweeny,41,0,0,0,1185
Dane Sweeny,42,0,0,0,1186
Dane Sweeny,43,0,0,0,1187
Dane Sweeny,44,0,0,0,1188
Dane Sweeny,45,0,0,0,1189
Dane Sweeny,46,0,0,0,1190
Dane Sweeny,47,0,0,0,1191
Dane Sweeny,48,0,0,0,1192
Dane Sweeny,49,0,0,0,1193
Dane Sweeny,50,0,0,0,1194
Dane Sweeny,51,0,0,0,1195
Dane Sweeny,52,0,0,0,1196
Daniel Altmaier,1,0,0,45,1145
Daniel Altmaier,2,0,0,90,1146
Daniel Altmaier,3,0,0,10,1147
Daniel Altmaier,4,0,0,0,1148
Daniel Altmaier,5,0,0,0,1149
Daniel Altmaier,6,20,0,0,1150
Daniel Altmaier,7,20,0,0,1151
Daniel Altmaier,8,0,0,0,1152
Daniel Altmaier,9,0,0,45,1153
Daniel Altmaier,10,0,0,10,1154
Daniel Altmaier,11,0,0,0,1155
Daniel Altmaier,12,0,0,25,1156
Daniel Altmaier,13,0,0,0,1157
Daniel Altmaier,14,20,0,0,1158
Daniel Altmaier,15,25,0,0,1159
Daniel Altmaier,16,20,0,0,1160
Daniel Altmaier,17,45,0,0,1161
Daniel Altmaier,18,0,0,0,1162
Daniel Altmaier,19,10,0,0,1163
Daniel Altmaier,20,0,0,0,1164
Daniel Altmaier,21,20,0,0,1165
Daniel Altmaier,22,45,0,0,1166
Daniel Altmaier,23,0,0,0,1167
Daniel Altmaier,24,0,0,0,1168
Daniel Altmaier,25,0,0,0,1169
Daniel Altmaier,26,0,0,0,1170
Daniel Altmaier,27,0,45,0,1171
Daniel Altmaier,28,0,0,0,1172
Daniel Altmaier,29,20,0,0,1173
Daniel Altmaier,30,20,0,0,1174
Daniel Altmaier,31,0,0,0,1175
Daniel Altmaier,32,0,0,0,1176
Daniel Altmaier,33,0,0,0,1177
Daniel Altmaier,34,0,0,0,1178
Daniel Altmaier,35,0,0,10,1179
Daniel Altmaier,36,0,0,0,1180
Daniel Altmaier,37,0,0,0,1181
Daniel Altmaier,38,0,0,0,1182
Daniel Altmaier,39,0,0,0,1183
Daniel Altmaier,40,0,0,0,1184
Daniel Altmaier,41,0,0,0,1185
Daniel Altmaier,42,0,0,45,1186
Daniel Altmaier,43,0,0,20,1187
Daniel Altmaier,44,0,0,0,1188
Daniel Altmaier,45,0,0,45,1189
Daniel Altmaier,46,0,0,0,1190
Daniel Altmaier,47,0,0,0,1191
Daniel Altmaier,48,0,0,0,1192
Daniel Altmaier,49,0,0,0,1193
Daniel Altmaier,50,0,0,0,1194
Daniel Altmaier,51,0,0,0,1195
Daniel Altmaier,52,0,0,0,1196
Daniel Elahi Galan,1,0,0,0,1145
Daniel Elahi Galan,2,0,0,0,1146
Daniel Elahi Galan,3,0,0,45,1147
Daniel Elahi Galan,4,0,0,0,1148
Daniel Elahi Galan,5,0,0,0,1149
Daniel Elahi Galan,6,20,0,0,1150
Daniel Elahi Galan,7,45,0,0,1151
Daniel Elahi Galan,8,20,0,0,1152
Daniel Elahi Galan,9,0,0,0,1153
Daniel Elahi Galan,10,0,0,10,1154
Daniel Elahi Galan,11,0,0,0,1155
Daniel Elahi Galan,12,0,0,10,1156
Daniel Elahi Galan,13,0,0,0,1157
Daniel Elahi Galan,14,45,0,0,1158
Daniel Elahi Galan,15,0,0,0,1159
Daniel Elahi Galan,16,45,0,0,1160
Daniel Elahi Galan,17,10,0,0,1161
Daniel Elahi Galan,18,0,0,0,1162
Daniel Elahi Galan,19,10,0,0,1163
Daniel Elahi Galan,20,0,0,0,1164
Daniel Elahi Galan,21,20,0,0,1165
Daniel Elahi Galan,22,10,0,0,1166
Daniel Elahi Galan,23,0,0,0,1167
Daniel Elahi Galan,24,0,0,0,1168
Daniel Elahi Galan,25,0,0,0,1169
Daniel Elahi Galan,26,0,0,0,1170
Daniel Elahi Galan,27,0,10,0,1171
Daniel Elahi Galan,28,0,0,0,1172
Daniel Elahi Galan,29,45,0,0,1173
Daniel Elahi Galan,30,45,0,0,1174
Daniel Elahi Galan,31,0,0,20,1175
Daniel Elahi Galan,32,0,0,0,1176
Daniel Elahi Galan,33,0,0,0,1177
Daniel Elahi Galan,34,0,0,0,1178
Daniel Elahi Galan,35,0,0,0,1179
Daniel Elahi Galan,36,0,0,0,1180
Daniel Elahi Galan,37,0,0,0,1181
Daniel Elahi Galan,38,0,0,0,1182
Daniel Elahi Galan,39,0,0,0,1183
Daniel Elahi Galan,40,0,0,0,1184
Daniel Elahi Galan,41,0,0,0,1185
Daniel Elahi Galan,42,0,0,0,1186
Daniel Elahi Galan,43,0,0,0,1187
Daniel Elahi Galan,44,0,0,0,1188
Daniel Elahi Galan,45,0,0,0,1189
Daniel Elahi Galan,46,0,0,0,1190
Daniel Elahi Galan,47,0,0,0,1191
Daniel Elahi Galan,48,0,0,0,1192
Daniel Elahi Galan,49,0,0,0,1193
Daniel Elahi Galan,50,0,0,0,1194
Daniel Elahi Galan,51,0,0,0,1195
Daniel Elahi Galan,52,0,0,0,1196
Daniel Evans,1,0,0,0,1145
Daniel Evans,2,0,0,45,1146
Daniel Evans,3,0,0,10,1147
Daniel Evans,4,0,0,0,1148
Daniel Evans,5,0,0,0,1149
Daniel Evans,6,0,0,0,1150
Daniel Evans,7,0,0,20,1151
Daniel Evans,8,0,0,45,1152
Daniel Evans,9,0,0,20,1153
Daniel Evans,10,0,0,10,1154
Daniel Evans,11,0,0,0,1155
Daniel Evans,12,0,0,25,1156
Daniel Evans,13,0,0,0,1157
Daniel Evans,14,45,0,0,1158
Daniel Evans,15,25,0,0,1159
Daniel Evans,16,0,0,0,1160
Daniel Evans,17,0,0,0,1161
Daniel Evans,18,0,0,0,1162
Daniel Evans,19,10,0,0,1163
Daniel Evans,20,0,0,0,1164
Daniel Evans,21,20,0,0,1165
Daniel Evans,22,10,0,0,1166
Daniel Evans,23,0,0,0,1167
Daniel Evans,24,0,0,0,1168
Daniel Evans,25,0,20,0,1169
Daniel Evans,26,0,0,0,1170
Daniel Evans,27,0,10,0,1171
Daniel Evans,28,0,0,0,1172
Daniel Evans,29,0,0,0,1173
Daniel Evans,30,0,0,0,1174
Daniel Evans,31,0,0,0,1175
Daniel Evans,32,0,0,0,1176
Daniel Evans,33,0,0,0,1177
Daniel Evans,34,0,0,0,1178
Daniel Evans,35,0,0,90,1179
Daniel Evans,36,0,0,0,1180
Daniel Evans,37,0,0,0,1181
Daniel Evans,38,0,0,0,1182
Daniel Evans,39,0,0,0,1183
Daniel Evans,40,0,0,10,1184
Daniel Evans,41,0,0,0,1185
Daniel Evans,42,0,0,45,1186
Daniel Evans,43,0,0,0,1187
Daniel Evans,44,0,0,0,1188
Daniel Evans,45,0,0,0,1189
Daniel Evans,46,0,0,0,1190
Daniel Evans,47,0,0,0,1191
Daniel Evans,48,0,0,0,1192
Daniel Evans,49,0,0,0,1193
Daniel Evans,50,0,0,0,1194
Daniel Evans,51,0,0,0,1195
Daniel Evans,52,0,0,0,1196
Daniel Rincon,1,0,0,0,1145
Daniel Rincon,2,0,0,0,1146
Daniel Rincon,3,0,0,0,1147
Daniel Rincon,4,0,0,0,1148
Daniel Rincon,5,0,0,0,1149
Daniel Rincon,6,0,0,0,1150
Daniel Rincon,7,0,0,0,1151
Daniel Rincon,8,0,0,0,1152
Daniel Rincon,9,0,0,0,1153
Daniel Rincon,10,0,0,0,1154
Daniel Rincon,11,0,0,0,1155
Daniel Rincon,12,0,0,0,1156
Daniel Rincon,13,0,0,0,1157
Daniel Rincon,14,0,0,0,1158
Daniel Rincon,15,0,0,0,1159
Daniel Rincon,16,0,0,0,1160
Daniel Rincon,17,0,0,0,1161
Daniel Rincon,18,0,0,0,1162
Daniel Rincon,19,0,0,0,1163
Daniel Rincon,20,0,0,0,1164
Daniel Rincon,21,0,0,0,1165
Daniel Rincon,22,0,0,0,1166
Daniel Rincon,23,0,0,0,1167
Daniel Rincon,24,0,0,0,1168
Daniel Rincon,25,0,0,0,1169
Daniel Rincon,26,0,0,0,1170
Daniel Rincon,27,0,0,0,1171
Daniel Rincon,28,0,0,0,1172
Daniel Rincon,29,0,0,0,1173
Daniel Rincon,30,0,0,0,1174
Daniel Rincon,31,0,0,0,1175
Daniel Rincon,32,0,0,0,1176
Daniel Rincon,33,0,0,0,1177
Daniel Rincon,34,0,0,0,1178
Daniel Rincon,35,0,0,0,1179
Daniel Rincon,36,0,0,0,1180
Daniel Rincon,37,0,0,0,1181
Daniel Rincon,38,0,0,0,1182
Daniel Rincon,39,0,0,0,1183
Daniel Rincon,40,0,0,0,1184
Daniel Rincon,41,0,0,0,1185
Daniel Rincon,42,0,0,0,1186
Daniel Rincon,43,0,0,0,1187
Daniel Rincon,44,0,0,0,1188
Daniel Rincon,45,0,0,0,1189
Daniel Rincon,46,0,0,0,1190
Daniel Rincon,47,0,0,0,1191
Daniel Rincon,48,0,0,0,1192
Daniel Rincon,49,0,0,0,1193
Daniel Rincon,50,0,0,0,1194
Daniel Rincon,51,0,0,0,1195
Daniel Rincon,52,0,0,0,1196
Daniil Medvedev,1,0,0,0,1145
Daniil Medvedev,2,0,0,0,1146
Daniil Medvedev,3,0,0,2400,1147
Daniil Medvedev,4,0,0,0,1148
Daniil Medvedev,5,0,0,0,1149
Daniil Medvedev,6,0,0,0,1150
Daniil Medvedev,7,0,0,0,1151
Daniil Medvedev,8,0,0,0,1152
Daniil Medvedev,9,0,0,180,1153
Daniil Medvedev,10,0,0,1200,1154
Daniil Medvedev,11,0,0,0,1155
Daniil Medvedev,12,0,0,360,1156
Daniil Medvedev,13,0,0,0,1157
Daniil Medvedev,14,0,0,0,1158
Daniil Medvedev,15,90,0,0,1159
Daniil Medvedev,16,0,0,0,1160
Daniil Medvedev,17,180,0,0,1161
Daniil Medvedev,18,0,0,0,1162
Daniil Medvedev,19,90,0,0,1163
Daniil Medvedev,20,0,0,0,1164
Daniil Medvedev,21,0,0,0,1165
Daniil Medvedev,22,180,0,0,1166
Daniil Medvedev,23,0,0,0,1167
Daniil Medvedev,24,0,0,0,1168
Daniil Medvedev,25,0,45,0,1169
Daniil Medvedev,26,0,0,0,1170
Daniil Medvedev,27,0,720,0,1171
Daniil Medvedev,28,0,0,0,1172
Daniil Medvedev,29,0,0,0,1173
Daniil Medvedev,30,0,0,0,1174
Daniil Medvedev,31,0,0,0,1175
Daniil Medvedev,32,0,0,45,1176
Daniil Medvedev,33,0,0,45,1177
Daniil Medvedev,34,0,0,0,1178
Daniil Medvedev,35,0,0,360,1179
Daniil Medvedev,36,0,0,0,1180
Daniil Medvedev,37,0,0,0,1181
Daniil Medvedev,38,0,0,0,1182
Daniil Medvedev,39,0,0,180,1183
Daniil Medvedev,40,0,0,180,1184
Daniil Medvedev,41,0,0,0,1185
Daniil Medvedev,42,0,0,0,1186
Daniil Medvedev,43,0,0,0,1187
Daniil Medvedev,44,0,0,45,1188
Daniil Medvedev,45,0,0,0,1189
Daniil Medvedev,46,0,0,0,1190
Daniil Medvedev,47,0,0,0,1191
Daniil Medvedev,48,0,0,0,1192
Daniil Medvedev,49,0,0,0,1193
Daniil Medvedev,50,0,0,0,1194
Daniil Medvedev,51,0,0,0,1195
Daniil Medvedev,52,0,0,0,1196
Darwin Blanch,1,0,0,0,1145
Darwin Blanch,2,0,0,0,1146
Darwin Blanch,3,0,0,0,1147
Darwin Blanch,4,0,0,0,1148
Darwin Blanch,5,0,0,0,1149
Darwin Blanch,6,0,0,0,1150
Darwin Blanch,7,0,0,0,1151
Darwin Blanch,8,0,0,0,1152
Darwin Blanch,9,0,0,0,1153
Darwin Blanch,10,0,0,0,1154
Darwin Blanch,11,0,0,0,1155
Darwin Blanch,12,0,0,10,1156
Darwin Blanch,13,0,0,0,1157
Darwin Blanch,14,0,0,0,1158
Darwin Blanch,15,0,0,0,1159
Darwin Blanch,16,0,0,0,1160
Darwin Blanch,17,10,0,0,1161
Darwin Blanch,18,0,0,0,1162
Darwin Blanch,19,0,0,0,1163
Darwin Blanch,20,0,0,0,1164
Darwin Blanch,21,0,0,0,1165
Darwin Blanch,22,0,0,0,1166
Darwin Blanch,23,0,0,0,1167
Darwin Blanch,24,0,0,0,1168
Darwin Blanch,25,0,0,0,1169
Darwin Blanch,26,0,0,0,1170
Darwin Blanch,27,0,0,0,1171
Darwin Blanch,28,0,0,0,1172
Darwin Blanch,29,0,0,0,1173
Darwin Blanch,30,0,0,0,1174
Darwin Blanch,31,0,0,0,1175
Darwin Blanch,32,0,0,0,1176
Darwin Blanch,33,0,0,0,1177
Darwin Blanch,34,0,0,0,1178
Darwin Blanch,35,0,0,0,1179
Darwin Blanch,36,0,0,0,1180
Darwin Blanch,37,0,0,0,1181
Darwin Blanch,38,0,0,0,1182
Darwin Blanch,39,0,0,0,1183
Darwin Blanch,40,0,0,0,1184
Darwin Blanch,41,0,0,0,1185
Darwin Blanch,42,0,0,0,1186
Darwin Blanch,43,0,0,0,1187
Darwin Blanch,44,0,0,0,1188
Darwin Blanch,45,0,0,0,1189
Darwin Blanch,46,0,0,0,1190
Darwin Blanch,47,0,0,0,1191
Darwin Blanch,48,0,0,0,1192
Darwin Blanch,49,0,0,0,1193
Darwin Blanch,50,0,0,0,1194
Darwin Blanch,51,0,0,0,1195
Darwin Blanch,52,0,0,0,1196
David Goffin,1,0,0,0,1145
David Goffin,2,0,0,0,1146
David Goffin,3,0,0,10,1147
David Goffin,4,0,0,0,1148
David Goffin,5,0,0,0,1149
David Goffin,6,0,0,20,1150
David Goffin,7,0,0,45,1151
David Goffin,8,0,0,0,1152
David Goffin,9,0,0,0,1153
David Goffin,10,0,0,10,1154
David Goffin,11,0,0,0,1155
David Goffin,12,0,0,0,1156
David Goffin,13,0,0,0,1157
David Goffin,14,45,0,0,1158
David Goffin,15,0,0,0,1159
David Goffin,16,20,0,0,1160
David Goffin,17,0,0,0,1161
David Goffin,18,0,0,0,1162
David Goffin,19,0,0,0,1163
David Goffin,20,0,0,0,1164
David Goffin,21,20,0,0,1165
David Goffin,22,45,0,0,1166
David Goffin,23,0,0,0,1167
David Goffin,24,0,20,0,1168
David Goffin,25,0,0,0,1169
David Goffin,26,0,0,0,1170
David Goffin,27,0,10,0,1171
David Goffin,28,0,0,0,1172
David Goffin,29,0,0,0,1173
David Goffin,30,0,0,45,1174
David Goffin,31,0,0,20,1175
David Goffin,32,0,0,0,1176
David Goffin,33,0,0,0,1177
David Goffin,34,0,0,180,1178
David Goffin,35,0,0,90,1179
David Goffin,36,0,0,0,1180
David Goffin,37,0,0,0,1181
David Goffin,38,0,0,0,1182
David Goffin,39,0,0,0,1183
David Goffin,40,0,0,180,1184
David Goffin,41,0,0,0,1185
David Goffin,42,0,0,0,1186
David Goffin,43,0,0,90,1187
David Goffin,44,0,0,0,1188
David Goffin,45,0,0,0,1189
David Goffin,46,0,0,0,1190
David Goffin,47,0,0,0,1191
David Goffin,48,0,0,0,1192
David Goffin,49,0,0,0,1193
David Goffin,50,0,0,0,1194
David Goffin,51,0,0,0,1195
David Goffin,52,0,0,0,1196
David Jorda Sanchis,1,0,0,0,1145
David Jorda Sanchis,2,0,0,0,1146
David Jorda Sanchis,3,0,0,0,1147
David Jorda Sanchis,4,0,0,0,1148
David Jorda Sanchis,5,0,0,0,1149
David Jorda Sanchis,6,0,0,0,1150
David Jorda Sanchis,7,0,0,0,1151
David Jorda Sanchis,8,0,0,0,1152
David Jorda Sanchis,9,0,0,0,1153
David Jorda Sanchis,10,0,0,0,1154
David Jorda Sanchis,11,0,0,0,1155
David Jorda Sanchis,12,0,0,0,1156
David Jorda Sanchis,13,0,0,0,1157
David Jorda Sanchis,14,45,0,0,1158
David Jorda Sanchis,15,0,0,0,1159
David Jorda Sanchis,16,0,0,0,1160
David Jorda Sanchis,17,0,0,0,1161
David Jorda Sanchis,18,0,0,0,1162
David Jorda Sanchis,19,0,0,0,1163
David Jorda Sanchis,20,0,0,0,1164
David Jorda Sanchis,21,0,0,0,1165
David Jorda Sanchis,22,0,0,0,1166
David Jorda Sanchis,23,0,0,0,1167
David Jorda Sanchis,24,0,0,0,1168
David Jorda Sanchis,25,0,0,0,1169
David Jorda Sanchis,26,0,0,0,1170
David Jorda Sanchis,27,0,0,0,1171
David Jorda Sanchis,28,0,0,0,1172
David Jorda Sanchis,29,0,0,0,1173
David Jorda Sanchis,30,0,0,0,1174
David Jorda Sanchis,31,0,0,0,1175
David Jorda Sanchis,32,0,0,0,1176
David Jorda Sanchis,33,0,0,0,1177
David Jorda Sanchis,34,0,0,0,1178
David Jorda Sanchis,35,0,0,0,1179
David Jorda Sanchis,36,0,0,0,1180
David Jorda Sanchis,37,0,0,0,1181
David Jorda Sanchis,38,0,0,0,1182
David Jorda Sanchis,39,0,0,0,1183
David Jorda Sanchis,40,0,0,0,1184
David Jorda Sanchis,41,0,0,0,1185
David Jorda Sanchis,42,0,0,0,1186
David Jorda Sanchis,43,0,0,0,1187
David Jorda Sanchis,44,0,0,0,1188
David Jorda Sanchis,45,0,0,0,1189
David Jorda Sanchis,46,0,0,0,1190
David Jorda Sanchis,47,0,0,0,1191
David Jorda Sanchis,48,0,0,0,1192
David Jorda Sanchis,49,0,0,0,1193
David Jorda Sanchis,50,0,0,0,1194
David Jorda Sanchis,51,0,0,0,1195
David Jorda Sanchis,52,0,0,0,1196
Denis Kudla,1,0,0,0,1145
Denis Kudla,2,0,0,0,1146
Denis Kudla,3,0,0,0,1147
Denis Kudla,4,0,0,0,1148
Denis Kudla,5,0,0,0,1149
Denis Kudla,6,0,0,45,1150
Denis Kudla,7,0,0,0,1151
Denis Kudla,8,0,0,0,1152
Denis Kudla,9,0,0,0,1153
Denis Kudla,10,0,0,10,1154
Denis Kudla,11,0,0,0,1155
Denis Kudla,12,0,0,0,1156
Denis Kudla,13,0,0,0,1157
Denis Kudla,14,20,0,0,1158
Denis Kudla,15,0,0,0,1159
Denis Kudla,16,0,0,0,1160
Denis Kudla,17,0,0,0,1161
Denis Kudla,18,0,0,0,1162
Denis Kudla,19,0,0,0,1163
Denis Kudla,20,0,0,0,1164
Denis Kudla,21,0,0,0,1165
Denis Kudla,22,0,0,0,1166
Denis Kudla,23,0,0,0,1167
Denis Kudla,24,0,0,0,1168
Denis Kudla,25,0,0,0,1169
Denis Kudla,26,0,0,0,1170
Denis Kudla,27,0,0,0,1171
Denis Kudla,28,0,0,0,1172
Denis Kudla,29,0,0,0,1173
Denis Kudla,30,0,0,0,1174
Denis Kudla,31,0,0,0,1175
Denis Kudla,32,0,0,0,1176
Denis Kudla,33,0,0,0,1177
Denis Kudla,34,0,0,0,1178
Denis Kudla,35,0,0,0,1179
Denis Kudla,36,0,0,0,1180
Denis Kudla,37,0,0,0,1181
Denis Kudla,38,0,0,0,1182
Denis Kudla,39,0,0,0,1183
Denis Kudla,40,0,0,0,1184
Denis Kudla,41,0,0,0,1185
Denis Kudla,42,0,0,0,1186
Denis Kudla,43,0,0,0,1187
Denis Kudla,44,0,0,0,1188
Denis Kudla,45,0,0,0,1189
Denis Kudla,46,0,0,0,1190
Denis Kudla,47,0,0,0,1191
Denis Kudla,48,0,0,0,1192
Denis Kudla,49,0,0,0,1193
Denis Kudla,50,0,0,0,1194
Denis Kudla,51,0,0,0,1195
Denis Kudla,52,0,0,0,1196
Denis Shapovalov,1,0,0,0,1145
Denis Shapovalov,2,0,0,20,1146
Denis Shapovalov,3,0,0,10,1147
Denis Shapovalov,4,0,0,0,1148
Denis Shapovalov,5,0,0,45,1149
Denis Shapovalov,6,0,0,20,1150
Denis Shapovalov,7,0,0,20,1151
Denis Shapovalov,8,0,0,0,1152
Denis Shapovalov,9,0,0,20,1153
Denis Shapovalov,10,0,0,25,1154
Denis Shapovalov,11,0,0,0,1155
Denis Shapovalov,12,0,0,45,1156
Denis Shapovalov,13,0,0,0,1157
Denis Shapovalov,14,20,0,0,1158
Denis Shapovalov,15,0,0,0,1159
Denis Shapovalov,16,20,0,0,1160
Denis Shapovalov,17,45,0,0,1161
Denis Shapovalov,18,0,0,0,1162
Denis Shapovalov,19,10,0,0,1163
Denis Shapovalov,20,0,0,0,1164
Denis Shapovalov,21,45,0,0,1165
Denis Shapovalov,22,90,0,0,1166
Denis Shapovalov,23,0,0,0,1167
Denis Shapovalov,24,0,45,0,1168
Denis Shapovalov,25,0,0,0,1169
Denis Shapovalov,26,0,0,0,1170
Denis Shapovalov,27,0,90,0,1171
Denis Shapovalov,28,0,0,0,1172
Denis Shapovalov,29,0,0,0,1173
Denis Shapovalov,30,0,0,20,1174
Denis Shapovalov,31,0,0,90,1175
Denis Shapovalov,32,0,0,25,1176
Denis Shapovalov,33,0,0,0,1177
Denis Shapovalov,34,0,0,0,1178
Denis Shapovalov,35,0,0,10,1179
Denis Shapovalov,36,0,0,0,1180
Denis Shapovalov,37,0,0,0,1181
Denis Shapovalov,38,0,0,0,1182
Denis Shapovalov,39,0,0,0,1183
Denis Shapovalov,40,0,0,25,1184
Denis Shapovalov,41,0,0,0,1185
Denis Shapovalov,42,0,0,0,1186
Denis Shapovalov,43,0,0,90,1187
Denis Shapovalov,44,0,0,0,1188
Denis Shapovalov,45,0,0,500,1189
Denis Shapovalov,46,0,0,0,1190
Denis Shapovalov,47,0,0,0,1191
Denis Shapovalov,48,0,0,0,1192
Denis Shapovalov,49,0,0,0,1193
Denis Shapovalov,50,0,0,0,1194
Denis Shapovalov,51,0,0,0,1195
Denis Shapovalov,52,0,0,0,1196
Denis Yevseyev,1,0,0,0,1145
Denis Yevseyev,2,0,0,0,1146
Denis Yevseyev,3,0,0,0,1147
Denis Yevseyev,4,0,0,0,1148
Denis Yevseyev,5,0,0,0,1149
Denis Yevseyev,6,0,0,0,1150
Denis Yevseyev,7,0,0,0,1151
Denis Yevseyev,8,0,0,0,1152
Denis Yevseyev,9,0,0,0,1153
Denis Yevseyev,10,0,0,0,1154
Denis Yevseyev,11,0,0,0,1155
Denis Yevseyev,12,0,0,0,1156
Denis Yevseyev,13,0,0,0,1157
Denis Yevseyev,14,0,0,0,1158
Denis Yevseyev,15,0,0,0,1159
Denis Yevseyev,16,0,0,0,1160
Denis Yevseyev,17,0,0,0,1161
Denis Yevseyev,18,0,0,0,1162
Denis Yevseyev,19,0,0,0,1163
Denis Yevseyev,20,0,0,0,1164
Denis Yevseyev,21,0,0,0,1165
Denis Yevseyev,22,0,0,0,1166
Denis Yevseyev,23,0,0,0,1167
Denis Yevseyev,24,0,0,0,1168
Denis Yevseyev,25,0,0,0,1169
Denis Yevseyev,26,0,0,0,1170
Denis Yevseyev,27,0,0,0,1171
Denis Yevseyev,28,0,0,0,1172
Denis Yevseyev,29,45,0,0,1173
Denis Yevseyev,30,0,0,0,1174
Denis Yevseyev,31,0,0,0,1175
Denis Yevseyev,32,0,0,0,1176
Denis Yevseyev,33,0,0,0,1177
Denis Yevseyev,34,0,0,0,1178
Denis Yevseyev,35,0,0,0,1179
Denis Yevseyev,36,0,0,0,1180
Denis Yevseyev,37,0,0,0,1181
Denis Yevseyev,38,0,0,20,1182
Denis Yevseyev,39,0,0,0,1183
Denis Yevseyev,40,0,0,0,1184
Denis Yevseyev,41,0,0,0,1185
Denis Yevseyev,42,0,0,0,1186
Denis Yevseyev,43,0,0,0,1187
Denis Yevseyev,44,0,0,0,1188
Denis Yevseyev,45,0,0,0,1189
Denis Yevseyev,46,0,0,0,1190
Denis Yevseyev,47,0,0,0,1191
Denis Yevseyev,48,0,0,0,1192
Denis Yevseyev,49,0,0,0,1193
Denis Yevseyev,50,0,0,0,1194
Denis Yevseyev,51,0,0,0,1195
Denis Yevseyev,52,0,0,0,1196
Diego Schwartzman,1,0,0,0,1145
Diego Schwartzman,2,0,0,0,1146
Diego Schwartzman,3,0,0,0,1147
Diego Schwartzman,4,0,0,0,1148
Diego Schwartzman,5,0,0,0,1149
Diego Schwartzman,6,20,0,0,1150
Diego Schwartzman,7,20,0,0,1151
Diego Schwartzman,8,0,0,20,1152
Diego Schwartzman,9,0,0,20,1153
Diego Schwartzman,10,0,0,0,1154
Diego Schwartzman,11,0,0,0,1155
Diego Schwartzman,12,0,0,10,1156
Diego Schwartzman,13,0,0,0,1157
Diego Schwartzman,14,0,0,0,1158
Diego Schwartzman,15,0,0,0,1159
Diego Schwartzman,16,0,0,0,1160
Diego Schwartzman,17,0,0,0,1161
Diego Schwartzman,18,0,0,0,1162
Diego Schwartzman,19,10,0,0,1163
Diego Schwartzman,20,0,0,0,1164
Diego Schwartzman,21,0,0,0,1165
Diego Schwartzman,22,0,0,0,1166
Diego Schwartzman,23,0,0,0,1167
Diego Schwartzman,24,0,0,0,1168
Diego Schwartzman,25,0,0,0,1169
Diego Schwartzman,26,0,0,0,1170
Diego Schwartzman,27,0,0,0,1171
Diego Schwartzman,28,0,0,0,1172
Diego Schwartzman,29,0,0,0,1173
Diego Schwartzman,30,0,0,0,1174
Diego Schwartzman,31,0,0,0,1175
Diego Schwartzman,32,0,0,0,1176
Diego Schwartzman,33,0,0,0,1177
Diego Schwartzman,34,0,0,0,1178
Diego Schwartzman,35,0,0,10,1179
Diego Schwartzman,36,0,0,0,1180
Diego Schwartzman,37,0,0,0,1181
Diego Schwartzman,38,0,0,0,1182
Diego Schwartzman,39,0,0,0,1183
Diego Schwartzman,40,0,0,0,1184
Diego Schwartzman,41,0,0,0,1185
Diego Schwartzman,42,0,0,0,1186
Diego Schwartzman,43,0,0,0,1187
Diego Schwartzman,44,0,0,0,1188
Diego Schwartzman,45,0,0,0,1189
Diego Schwartzman,46,0,0,0,1190
Diego Schwartzman,47,0,0,0,1191
Diego Schwartzman,48,0,0,0,1192
Diego Schwartzman,49,0,0,0,1193
Diego Schwartzman,50,0,0,0,1194
Diego Schwartzman,51,0,0,0,1195
Diego Schwartzman,52,0,0,0,1196
Dino Prizmic,1,0,0,0,1145
Dino Prizmic,2,0,0,0,1146
Dino Prizmic,3,0,0,10,1147
Dino Prizmic,4,0,0,0,1148
Dino Prizmic,5,0,0,0,1149
Dino Prizmic,6,0,0,0,1150
Dino Prizmic,7,0,0,20,1151
Dino Prizmic,8,0,0,0,1152
Dino Prizmic,9,0,0,0,1153
Dino Prizmic,10,0,0,0,1154
Dino Prizmic,11,0,0,0,1155
Dino Prizmic,12,0,0,0,1156
Dino Prizmic,13,0,0,0,1157
Dino Prizmic,14,0,0,0,1158
Dino Prizmic,15,0,0,0,1159
Dino Prizmic,16,0,0,0,1160
Dino Prizmic,17,0,0,0,1161
Dino Prizmic,18,0,0,0,1162
Dino Prizmic,19,0,0,0,1163
Dino Prizmic,20,0,0,0,1164
Dino Prizmic,21,0,0,0,1165
Dino Prizmic,22,0,0,0,1166
Dino Prizmic,23,0,0,0,1167
Dino Prizmic,24,0,0,0,1168
Dino Prizmic,25,0,0,0,1169
Dino Prizmic,26,0,0,0,1170
Dino Prizmic,27,0,0,0,1171
Dino Prizmic,28,0,0,0,1172
Dino Prizmic,29,0,0,0,1173
Dino Prizmic,30,0,0,0,1174
Dino Prizmic,31,0,0,0,1175
Dino Prizmic,32,0,0,0,1176
Dino Prizmic,33,0,0,0,1177
Dino Prizmic,34,0,0,0,1178
Dino Prizmic,35,0,0,0,1179
Dino Prizmic,36,0,0,0,1180
Dino Prizmic,37,0,0,0,1181
Dino Prizmic,38,0,0,0,1182
Dino Prizmic,39,0,0,0,1183
Dino Prizmic,40,0,0,0,1184
Dino Prizmic,41,0,0,0,1185
Dino Prizmic,42,0,0,0,1186
Dino Prizmic,43,0,0,0,1187
Dino Prizmic,44,0,0,0,1188
Dino Prizmic,45,0,0,0,1189
Dino Prizmic,46,0,0,0,1190
Dino Prizmic,47,0,0,0,1191
Dino Prizmic,48,0,0,0,1192
Dino Prizmic,49,0,0,0,1193
Dino Prizmic,50,0,0,0,1194
Dino Prizmic,51,0,0,0,1195
Dino Prizmic,52,0,0,0,1196
Dominic Stricker,1,0,0,0,1145
Dominic Stricker,2,0,0,0,1146
Dominic Stricker,3,0,0,0,1147
Dominic Stricker,4,0,0,0,1148
Dominic Stricker,5,0,0,0,1149
Dominic Stricker,6,0,0,0,1150
Dominic Stricker,7,0,0,0,1151
Dominic Stricker,8,0,0,0,1152
Dominic Stricker,9,0,0,0,1153
Dominic Stricker,10,0,0,0,1154
Dominic Stricker,11,0,0,0,1155
Dominic Stricker,12,0,0,0,1156
Dominic Stricker,13,0,0,0,1157
Dominic Stricker,14,0,0,0,1158
Dominic Stricker,15,0,0,0,1159
Dominic Stricker,16,0,0,0,1160
Dominic Stricker,17,0,0,0,1161
Dominic Stricker,18,0,0,0,1162
Dominic Stricker,19,0,0,0,1163
Dominic Stricker,20,0,0,0,1164
Dominic Stricker,21,0,0,0,1165
Dominic Stricker,22,0,0,0,1166
Dominic Stricker,23,0,0,0,1167
Dominic Stricker,24,0,0,0,1168
Dominic Stricker,25,0,0,0,1169
Dominic Stricker,26,0,0,0,1170
Dominic Stricker,27,0,10,0,1171
Dominic Stricker,28,0,0,0,1172
Dominic Stricker,29,20,0,0,1173
Dominic Stricker,30,0,0,0,1174
Dominic Stricker,31,0,0,0,1175
Dominic Stricker,32,0,0,0,1176
Dominic Stricker,33,0,0,0,1177
Dominic Stricker,34,0,0,20,1178
Dominic Stricker,35,0,0,10,1179
Dominic Stricker,36,0,0,0,1180
Dominic Stricker,37,0,0,0,1181
Dominic Stricker,38,0,0,0,1182
Dominic Stricker,39,0,0,0,1183
Dominic Stricker,40,0,0,0,1184
Dominic Stricker,41,0,0,0,1185
Dominic Stricker,42,0,0,90,1186
Dominic Stricker,43,0,0,45,1187
Dominic Stricker,44,0,0,0,1188
Dominic Stricker,45,0,0,0,1189
Dominic Stricker,46,0,0,0,1190
Dominic Stricker,47,0,0,0,1191
Dominic Stricker,48,0,0,0,1192
Dominic Stricker,49,0,0,0,1193
Dominic Stricker,50,0,0,0,1194
Dominic Stricker,51,0,0,0,1195
Dominic Stricker,52,0,0,0,1196
Dominic Thiem,1,0,0,20,1145
Dominic Thiem,2,0,0,0,1146
Dominic Thiem,3,0,0,10,1147
Dominic Thiem,4,0,0,0,1148
Dominic Thiem,5,0,0,0,1149
Dominic Thiem,6,0,0,0,1150
Dominic Thiem,7,0,0,0,1151
Dominic Thiem,8,0,0,0,1152
Dominic Thiem,9,0,0,0,1153
Dominic Thiem,10,0,0,0,1154
Dominic Thiem,11,0,0,0,1155
Dominic Thiem,12,0,0,0,1156
Dominic Thiem,13,0,0,0,1157
Dominic Thiem,14,45,0,0,1158
Dominic Thiem,15,0,0,0,1159
Dominic Thiem,16,20,0,0,1160
Dominic Thiem,17,0,0,0,1161
Dominic Thiem,18,0,0,0,1162
Dominic Thiem,19,0,0,0,1163
Dominic Thiem,20,0,0,0,1164
Dominic Thiem,21,0,0,0,1165
Dominic Thiem,22,0,0,0,1166
Dominic Thiem,23,0,0,0,1167
Dominic Thiem,24,0,0,0,1168
Dominic Thiem,25,0,0,0,1169
Dominic Thiem,26,0,20,0,1170
Dominic Thiem,27,0,0,0,1171
Dominic Thiem,28,0,0,0,1172
Dominic Thiem,29,20,0,0,1173
Dominic Thiem,30,20,0,0,1174
Dominic Thiem,31,0,0,0,1175
Dominic Thiem,32,0,0,0,1176
Dominic Thiem,33,0,0,0,1177
Dominic Thiem,34,0,0,0,1178
Dominic Thiem,35,0,0,10,1179
Dominic Thiem,36,0,0,0,1180
Dominic Thiem,37,0,0,0,1181
Dominic Thiem,38,0,0,0,1182
Dominic Thiem,39,0,0,0,1183
Dominic Thiem,40,0,0,0,1184
Dominic Thiem,41,0,0,0,1185
Dominic Thiem,42,0,0,0,1186
Dominic Thiem,43,0,0,20,1187
Dominic Thiem,44,0,0,0,1188
Dominic Thiem,45,0,0,0,1189
Dominic Thiem,46,0,0,0,1190
Dominic Thiem,47,0,0,0,1191
Dominic Thiem,48,0,0,0,1192
Dominic Thiem,49,0,0,0,1193
Dominic Thiem,50,0,0,0,1194
Dominic Thiem,51,0,0,0,1195
Dominic Thiem,52,0,0,0,1196
Dominik Koepfer,1,0,0,0,1145
Dominik Koepfer,2,0,0,0,1146
Dominik Koepfer,3,0,0,10,1147
Dominik Koepfer,4,0,0,0,1148
Dominik Koepfer,5,0,0,0,1149
Dominik Koepfer,6,0,0,90,1150
Dominik Koepfer,7,0,0,0,1151
Dominik Koepfer,8,0,0,20,1152
Dominik Koepfer,9,0,0,90,1153
Dominik Koepfer,10,0,0,10,1154
Dominik Koepfer,11,0,0,0,1155
Dominik Koepfer,12,0,0,90,1156
Dominik Koepfer,13,0,0,0,1157
Dominik Koepfer,14,20,0,0,1158
Dominik Koepfer,15,25,0,0,1159
Dominik Koepfer,16,20,0,0,1160
Dominik Koepfer,17,10,0,0,1161
Dominik Koepfer,18,0,0,0,1162
Dominik Koepfer,19,45,0,0,1163
Dominik Koepfer,20,0,0,0,1164
Dominik Koepfer,21,90,0,0,1165
Dominik Koepfer,22,10,0,0,1166
Dominik Koepfer,23,0,0,0,1167
Dominik Koepfer,24,0,45,0,1168
Dominik Koepfer,25,0,45,0,1169
Dominik Koepfer,26,0,0,0,1170
Dominik Koepfer,27,0,0,0,1171
Dominik Koepfer,28,0,0,0,1172
Dominik Koepfer,29,20,0,0,1173
Dominik Koepfer,30,0,0,0,1174
Dominik Koepfer,31,0,0,0,1175
Dominik Koepfer,32,0,0,0,1176
Dominik Koepfer,33,0,0,0,1177
Dominik Koepfer,34,0,0,0,1178
Dominik Koepfer,35,0,0,10,1179
Dominik Koepfer,36,0,0,0,1180
Dominik Koepfer,37,0,0,0,1181
Dominik Koepfer,38,0,0,0,1182
Dominik Koepfer,39,0,0,0,1183
Dominik Koepfer,40,0,0,0,1184
Dominik Koepfer,41,0,0,0,1185
Dominik Koepfer,42,0,0,20,1186
Dominik Koepfer,43,0,0,0,1187
Dominik Koepfer,44,0,0,0,1188
Dominik Koepfer,45,0,0,0,1189
Dominik Koepfer,46,0,0,0,1190
Dominik Koepfer,47,0,0,0,1191
Dominik Koepfer,48,0,0,0,1192
Dominik Koepfer,49,0,0,0,1193
Dominik Koepfer,50,0,0,0,1194
Dominik Koepfer,51,0,0,0,1195
Dominik Koepfer,52,0,0,0,1196
Duje Ajdukovic,1,0,0,0,1145
Duje Ajdukovic,2,0,0,0,1146
Duje Ajdukovic,3,0,0,0,1147
Duje Ajdukovic,4,0,0,0,1148
Duje Ajdukovic,5,0,0,0,1149
Duje Ajdukovic,6,0,0,0,1150
Duje Ajdukovic,7,0,0,0,1151
Duje Ajdukovic,8,0,0,0,1152
Duje Ajdukovic,9,0,0,0,1153
Duje Ajdukovic,10,0,0,0,1154
Duje Ajdukovic,11,0,0,0,1155
Duje Ajdukovic,12,0,0,0,1156
Duje Ajdukovic,13,0,0,0,1157
Duje Ajdukovic,14,20,0,0,1158
Duje Ajdukovic,15,0,0,0,1159
Duje Ajdukovic,16,0,0,0,1160
Duje Ajdukovic,17,0,0,0,1161
Duje Ajdukovic,18,0,0,0,1162
Duje Ajdukovic,19,0,0,0,1163
Duje Ajdukovic,20,0,0,0,1164
Duje Ajdukovic,21,0,0,0,1165
Duje Ajdukovic,22,0,0,0,1166
Duje Ajdukovic,23,0,0,0,1167
Duje Ajdukovic,24,0,0,0,1168
Duje Ajdukovic,25,0,0,0,1169
Duje Ajdukovic,26,0,0,0,1170
Duje Ajdukovic,27,0,0,0,1171
Duje Ajdukovic,28,0,0,0,1172
Duje Ajdukovic,29,180,0,0,1173
Duje Ajdukovic,30,20,0,0,1174
Duje Ajdukovic,31,0,0,0,1175
Duje Ajdukovic,32,0,0,0,1176
Duje Ajdukovic,33,0,0,0,1177
Duje Ajdukovic,34,0,0,0,1178
Duje Ajdukovic,35,0,0,0,1179
Duje Ajdukovic,36,0,0,0,1180
Duje Ajdukovic,37,0,0,0,1181
Duje Ajdukovic,38,0,0,0,1182
Duje Ajdukovic,39,0,0,0,1183
Duje Ajdukovic,40,0,0,0,1184
Duje Ajdukovic,41,0,0,0,1185
Duje Ajdukovic,42,0,0,0,1186
Duje Ajdukovic,43,0,0,0,1187
Duje Ajdukovic,44,0,0,0,1188
Duje Ajdukovic,45,0,0,45,1189
Duje Ajdukovic,46,0,0,0,1190
Duje Ajdukovic,47,0,0,0,1191
Duje Ajdukovic,48,0,0,0,1192
Duje Ajdukovic,49,0,0,0,1193
Duje Ajdukovic,50,0,0,0,1194
Duje Ajdukovic,51,0,0,0,1195
Duje Ajdukovic,52,0,0,0,1196
Dusan Lajovic,1,0,0,0,1145
Dusan Lajovic,2,0,0,45,1146
Dusan Lajovic,3,0,0,10,1147
Dusan Lajovic,4,0,0,0,1148
Dusan Lajovic,5,0,0,0,1149
Dusan Lajovic,6,0,0,0,1150
Dusan Lajovic,7,90,0,0,1151
Dusan Lajovic,8,90,0,0,1152
Dusan Lajovic,9,0,0,45,1153
Dusan Lajovic,10,0,0,25,1154
Dusan Lajovic,11,0,0,0,1155
Dusan Lajovic,12,0,0,10,1156
Dusan Lajovic,13,0,0,0,1157
Dusan Lajovic,14,0,0,0,1158
Dusan Lajovic,15,0,0,0,1159
Dusan Lajovic,16,180,0,0,1160
Dusan Lajovic,17,10,0,0,1161
Dusan Lajovic,18,0,0,0,1162
Dusan Lajovic,19,25,0,0,1163
Dusan Lajovic,20,0,0,0,1164
Dusan Lajovic,21,0,0,0,1165
Dusan Lajovic,22,45,0,0,1166
Dusan Lajovic,23,0,0,0,1167
Dusan Lajovic,24,0,0,0,1168
Dusan Lajovic,25,0,0,0,1169
Dusan Lajovic,26,0,0,0,1170
Dusan Lajovic,27,0,10,0,1171
Dusan Lajovic,28,0,0,0,1172
Dusan Lajovic,29,45,0,0,1173
Dusan Lajovic,30,90,0,0,1174
Dusan Lajovic,31,0,0,0,1175
Dusan Lajovic,32,0,0,0,1176
Dusan Lajovic,33,0,0,0,1177
Dusan Lajovic,34,0,0,0,1178
Dusan Lajovic,35,0,0,10,1179
Dusan Lajovic,36,0,0,0,1180
Dusan Lajovic,37,0,0,0,1181
Dusan Lajovic,38,0,0,0,1182
Dusan Lajovic,39,0,0,0,1183
Dusan Lajovic,40,0,0,0,1184
Dusan Lajovic,41,0,0,0,1185
Dusan Lajovic,42,0,0,0,1186
Dusan Lajovic,43,0,0,0,1187
Dusan Lajovic,44,0,0,0,1188
Dusan Lajovic,45,0,0,45,1189
Dusan Lajovic,46,0,0,0,1190
Dusan Lajovic,47,0,0,0,1191
Dusan Lajovic,48,0,0,0,1192
Dusan Lajovic,49,0,0,0,1193
Dusan Lajovic,50,0,0,0,1194
Dusan Lajovic,51,0,0,0,1195
Dusan Lajovic,52,0,0,0,1196
Egor Gerasimov,1,0,0,0,1145
Egor Gerasimov,2,0,0,0,1146
Egor Gerasimov,3,0,0,0,1147
Egor Gerasimov,4,0,0,0,1148
Egor Gerasimov,5,0,0,0,1149
Egor Gerasimov,6,0,0,0,1150
Egor Gerasimov,7,0,0,0,1151
Egor Gerasimov,8,0,0,0,1152
Egor Gerasimov,9,0,0,0,1153
Egor Gerasimov,10,0,0,0,1154
Egor Gerasimov,11,0,0,0,1155
Egor Gerasimov,12,0,0,0,1156
Egor Gerasimov,13,0,0,0,1157
Egor Gerasimov,14,0,0,0,1158
Egor Gerasimov,15,0,0,0,1159
Egor Gerasimov,16,0,0,0,1160
Egor Gerasimov,17,0,0,0,1161
Egor Gerasimov,18,0,0,0,1162
Egor Gerasimov,19,0,0,0,1163
Egor Gerasimov,20,0,0,0,1164
Egor Gerasimov,21,0,0,0,1165
Egor Gerasimov,22,0,0,0,1166
Egor Gerasimov,23,0,0,0,1167
Egor Gerasimov,24,0,0,0,1168
Egor Gerasimov,25,0,0,0,1169
Egor Gerasimov,26,0,0,0,1170
Egor Gerasimov,27,0,0,0,1171
Egor Gerasimov,28,0,0,0,1172
Egor Gerasimov,29,0,0,0,1173
Egor Gerasimov,30,0,0,0,1174
Egor Gerasimov,31,0,0,0,1175
Egor Gerasimov,32,0,0,0,1176
Egor Gerasimov,33,0,0,0,1177
Egor Gerasimov,34,0,0,0,1178
Egor Gerasimov,35,0,0,0,1179
Egor Gerasimov,36,0,0,0,1180
Egor Gerasimov,37,0,0,0,1181
Egor Gerasimov,38,0,0,0,1182
Egor Gerasimov,39,0,0,0,1183
Egor Gerasimov,40,0,0,10,1184
Egor Gerasimov,41,0,0,0,1185
Egor Gerasimov,42,0,0,0,1186
Egor Gerasimov,43,0,0,0,1187
Egor Gerasimov,44,0,0,0,1188
Egor Gerasimov,45,0,0,0,1189
Egor Gerasimov,46,0,0,0,1190
Egor Gerasimov,47,0,0,0,1191
Egor Gerasimov,48,0,0,0,1192
Egor Gerasimov,49,0,0,0,1193
Egor Gerasimov,50,0,0,0,1194
Egor Gerasimov,51,0,0,0,1195
Egor Gerasimov,52,0,0,0,1196
Elias Ymer,1,0,0,0,1145
Elias Ymer,2,0,0,0,1146
Elias Ymer,3,0,0,0,1147
Elias Ymer,4,0,0,0,1148
Elias Ymer,5,0,0,0,1149
Elias Ymer,6,0,0,0,1150
Elias Ymer,7,0,0,0,1151
Elias Ymer,8,0,0,0,1152
Elias Ymer,9,0,0,0,1153
Elias Ymer,10,0,0,0,1154
Elias Ymer,11,0,0,0,1155
Elias Ymer,12,0,0,0,1156
Elias Ymer,13,0,0,0,1157
Elias Ymer,14,0,0,0,1158
Elias Ymer,15,0,0,0,1159
Elias Ymer,16,0,0,0,1160
Elias Ymer,17,0,0,0,1161
Elias Ymer,18,0,0,0,1162
Elias Ymer,19,0,0,0,1163
Elias Ymer,20,0,0,0,1164
Elias Ymer,21,0,0,0,1165
Elias Ymer,22,0,0,0,1166
Elias Ymer,23,0,0,0,1167
Elias Ymer,24,0,0,0,1168
Elias Ymer,25,0,0,0,1169
Elias Ymer,26,0,0,0,1170
Elias Ymer,27,0,10,0,1171
Elias Ymer,28,0,0,0,1172
Elias Ymer,29,20,0,0,1173
Elias Ymer,30,0,0,0,1174
Elias Ymer,31,0,0,0,1175
Elias Ymer,32,0,0,0,1176
Elias Ymer,33,0,0,0,1177
Elias Ymer,34,0,0,0,1178
Elias Ymer,35,0,0,0,1179
Elias Ymer,36,0,0,0,1180
Elias Ymer,37,0,0,0,1181
Elias Ymer,38,0,0,0,1182
Elias Ymer,39,0,0,0,1183
Elias Ymer,40,0,0,0,1184
Elias Ymer,41,0,0,0,1185
Elias Ymer,42,0,0,20,1186
Elias Ymer,43,0,0,0,1187
Elias Ymer,44,0,0,0,1188
Elias Ymer,45,0,0,0,1189
Elias Ymer,46,0,0,0,1190
Elias Ymer,47,0,0,0,1191
Elias Ymer,48,0,0,0,1192
Elias Ymer,49,0,0,0,1193
Elias Ymer,50,0,0,0,1194
Elias Ymer,51,0,0,0,1195
Elias Ymer,52,0,0,0,1196
Eliot Spizzirri,1,0,0,0,1145
Eliot Spizzirri,2,0,0,0,1146
Eliot Spizzirri,3,0,0,0,1147
Eliot Spizzirri,4,0,0,0,1148
Eliot Spizzirri,5,0,0,0,1149
Eliot Spizzirri,6,0,0,0,1150
Eliot Spizzirri,7,0,0,0,1151
Eliot Spizzirri,8,0,0,0,1152
Eliot Spizzirri,9,0,0,0,1153
Eliot Spizzirri,10,0,0,0,1154
Eliot Spizzirri,11,0,0,0,1155
Eliot Spizzirri,12,0,0,0,1156
Eliot Spizzirri,13,0,0,0,1157
Eliot Spizzirri,14,0,0,0,1158
Eliot Spizzirri,15,0,0,0,1159
Eliot Spizzirri,16,0,0,0,1160
Eliot Spizzirri,17,0,0,0,1161
Eliot Spizzirri,18,0,0,0,1162
Eliot Spizzirri,19,0,0,0,1163
Eliot Spizzirri,20,0,0,0,1164
Eliot Spizzirri,21,0,0,0,1165
Eliot Spizzirri,22,0,0,0,1166
Eliot Spizzirri,23,0,0,0,1167
Eliot Spizzirri,24,0,0,0,1168
Eliot Spizzirri,25,0,0,0,1169
Eliot Spizzirri,26,0,0,0,1170
Eliot Spizzirri,27,0,0,0,1171
Eliot Spizzirri,28,0,0,0,1172
Eliot Spizzirri,29,0,45,0,1173
Eliot Spizzirri,30,0,0,0,1174
Eliot Spizzirri,31,0,0,0,1175
Eliot Spizzirri,32,0,0,0,1176
Eliot Spizzirri,33,0,0,0,1177
Eliot Spizzirri,34,0,0,0,1178
Eliot Spizzirri,35,0,0,10,1179
Eliot Spizzirri,36,0,0,0,1180
Eliot Spizzirri,37,0,0,0,1181
Eliot Spizzirri,38,0,0,0,1182
Eliot Spizzirri,39,0,0,0,1183
Eliot Spizzirri,40,0,0,0,1184
Eliot Spizzirri,41,0,0,0,1185
Eliot Spizzirri,42,0,0,0,1186
Eliot Spizzirri,43,0,0,0,1187
Eliot Spizzirri,44,0,0,0,1188
Eliot Spizzirri,45,0,0,0,1189
Eliot Spizzirri,46,0,0,0,1190
Eliot Spizzirri,47,0,0,0,1191
Eliot Spizzirri,48,0,0,0,1192
Eliot Spizzirri,49,0,0,0,1193
Eliot Spizzirri,50,0,0,0,1194
Eliot Spizzirri,51,0,0,0,1195
Eliot Spizzirri,52,0,0,0,1196
Elliot Benchetrit,1,0,0,0,1145
Elliot Benchetrit,2,0,0,0,1146
Elliot Benchetrit,3,0,0,0,1147
Elliot Benchetrit,4,0,0,0,1148
Elliot Benchetrit,5,0,0,0,1149
Elliot Benchetrit,6,0,0,0,1150
Elliot Benchetrit,7,0,0,0,1151
Elliot Benchetrit,8,0,0,0,1152
Elliot Benchetrit,9,0,0,0,1153
Elliot Benchetrit,10,0,0,0,1154
Elliot Benchetrit,11,0,0,0,1155
Elliot Benchetrit,12,0,0,0,1156
Elliot Benchetrit,13,0,0,0,1157
Elliot Benchetrit,14,20,0,0,1158
Elliot Benchetrit,15,0,0,0,1159
Elliot Benchetrit,16,0,0,0,1160
Elliot Benchetrit,17,0,0,0,1161
Elliot Benchetrit,18,0,0,0,1162
Elliot Benchetrit,19,0,0,0,1163
Elliot Benchetrit,20,0,0,0,1164
Elliot Benchetrit,21,0,0,0,1165
Elliot Benchetrit,22,0,0,0,1166
Elliot Benchetrit,23,0,0,0,1167
Elliot Benchetrit,24,0,0,0,1168
Elliot Benchetrit,25,0,0,0,1169
Elliot Benchetrit,26,0,0,0,1170
Elliot Benchetrit,27,0,0,0,1171
Elliot Benchetrit,28,0,0,0,1172
Elliot Benchetrit,29,0,0,0,1173
Elliot Benchetrit,30,0,0,0,1174
Elliot Benchetrit,31,0,0,0,1175
Elliot Benchetrit,32,0,0,0,1176
Elliot Benchetrit,33,0,0,0,1177
Elliot Benchetrit,34,0,0,0,1178
Elliot Benchetrit,35,0,0,0,1179
Elliot Benchetrit,36,0,0,0,1180
Elliot Benchetrit,37,0,0,0,1181
Elliot Benchetrit,38,0,0,0,1182
Elliot Benchetrit,39,0,0,0,1183
Elliot Benchetrit,40,0,0,0,1184
Elliot Benchetrit,41,0,0,0,1185
Elliot Benchetrit,42,0,0,0,1186
Elliot Benchetrit,43,0,0,0,1187
Elliot Benchetrit,44,0,0,0,1188
Elliot Benchetrit,45,0,0,0,1189
Elliot Benchetrit,46,0,0,0,1190
Elliot Benchetrit,47,0,0,0,1191
Elliot Benchetrit,48,0,0,0,1192
Elliot Benchetrit,49,0,0,0,1193
Elliot Benchetrit,50,0,0,0,1194
Elliot Benchetrit,51,0,0,0,1195
Elliot Benchetrit,52,0,0,0,1196
Emil Ruusuvuori,1,0,0,600,1145
Emil Ruusuvuori,2,0,0,0,1146
Emil Ruusuvuori,3,0,0,45,1147
Emil Ruusuvuori,4,0,0,0,1148
Emil Ruusuvuori,5,0,0,0,1149
Emil Ruusuvuori,6,0,0,45,1150
Emil Ruusuvuori,7,0,0,90,1151
Emil Ruusuvuori,8,0,0,90,1152
Emil Ruusuvuori,9,0,0,0,1153
Emil Ruusuvuori,10,0,0,10,1154
Emil Ruusuvuori,11,0,0,0,1155
Emil Ruusuvuori,12,0,0,10,1156
Emil Ruusuvuori,13,0,0,0,1157
Emil Ruusuvuori,14,0,0,0,1158
Emil Ruusuvuori,15,0,0,0,1159
Emil Ruusuvuori,16,0,0,0,1160
Emil Ruusuvuori,17,10,0,0,1161
Emil Ruusuvuori,18,0,0,0,1162
Emil Ruusuvuori,19,10,0,0,1163
Emil Ruusuvuori,20,0,0,0,1164
Emil Ruusuvuori,21,45,0,0,1165
Emil Ruusuvuori,22,10,0,0,1166
Emil Ruusuvuori,23,0,0,0,1167
Emil Ruusuvuori,24,0,0,0,1168
Emil Ruusuvuori,25,0,0,0,1169
Emil Ruusuvuori,26,0,45,0,1170
Emil Ruusuvuori,27,0,90,0,1171
Emil Ruusuvuori,28,0,0,0,1172
Emil Ruusuvuori,29,0,0,0,1173
Emil Ruusuvuori,30,0,0,0,1174
Emil Ruusuvuori,31,0,0,20,1175
Emil Ruusuvuori,32,0,0,0,1176
Emil Ruusuvuori,33,0,0,0,1177
Emil Ruusuvuori,34,0,0,0,1178
Emil Ruusuvuori,35,0,0,0,1179
Emil Ruusuvuori,36,0,0,0,1180
Emil Ruusuvuori,37,0,0,0,1181
Emil Ruusuvuori,38,0,0,0,1182
Emil Ruusuvuori,39,0,0,0,1183
Emil Ruusuvuori,40,0,0,0,1184
Emil Ruusuvuori,41,0,0,0,1185
Emil Ruusuvuori,42,0,0,0,1186
Emil Ruusuvuori,43,0,0,0,1187
Emil Ruusuvuori,44,0,0,0,1188
Emil Ruusuvuori,45,0,0,0,1189
Emil Ruusuvuori,46,0,0,0,1190
Emil Ruusuvuori,47,0,0,0,1191
Emil Ruusuvuori,48,0,0,0,1192
Emil Ruusuvuori,49,0,0,0,1193
Emil Ruusuvuori,50,0,0,0,1194
Emil Ruusuvuori,51,0,0,0,1195
Emil Ruusuvuori,52,0,0,0,1196
Emilio Nava,1,0,0,0,1145
Emilio Nava,2,0,0,0,1146
Emilio Nava,3,0,0,0,1147
Emilio Nava,4,0,0,0,1148
Emilio Nava,5,0,0,0,1149
Emilio Nava,6,0,0,20,1150
Emilio Nava,7,0,0,20,1151
Emilio Nava,8,0,0,45,1152
Emilio Nava,9,0,0,0,1153
Emilio Nava,10,0,0,0,1154
Emilio Nava,11,0,0,0,1155
Emilio Nava,12,0,0,10,1156
Emilio Nava,13,0,0,0,1157
Emilio Nava,14,0,0,0,1158
Emilio Nava,15,0,0,0,1159
Emilio Nava,16,0,0,0,1160
Emilio Nava,17,0,0,0,1161
Emilio Nava,18,0,0,0,1162
Emilio Nava,19,0,0,0,1163
Emilio Nava,20,0,0,0,1164
Emilio Nava,21,0,0,0,1165
Emilio Nava,22,0,0,0,1166
Emilio Nava,23,0,0,0,1167
Emilio Nava,24,0,0,0,1168
Emilio Nava,25,0,0,0,1169
Emilio Nava,26,0,0,0,1170
Emilio Nava,27,0,0,0,1171
Emilio Nava,28,0,0,0,1172
Emilio Nava,29,0,20,0,1173
Emilio Nava,30,0,0,0,1174
Emilio Nava,31,0,0,0,1175
Emilio Nava,32,0,0,0,1176
Emilio Nava,33,0,0,0,1177
Emilio Nava,34,0,0,0,1178
Emilio Nava,35,0,0,0,1179
Emilio Nava,36,0,0,0,1180
Emilio Nava,37,0,0,0,1181
Emilio Nava,38,0,0,0,1182
Emilio Nava,39,0,0,0,1183
Emilio Nava,40,0,0,0,1184
Emilio Nava,41,0,0,0,1185
Emilio Nava,42,0,0,0,1186
Emilio Nava,43,0,0,0,1187
Emilio Nava,44,0,0,0,1188
Emilio Nava,45,0,0,0,1189
Emilio Nava,46,0,0,0,1190
Emilio Nava,47,0,0,0,1191
Emilio Nava,48,0,0,0,1192
Emilio Nava,49,0,0,0,1193
Emilio Nava,50,0,0,0,1194
Emilio Nava,51,0,0,0,1195
Emilio Nava,52,0,0,0,1196
Enzo Couacaud,1,0,0,0,1145
Enzo Couacaud,2,0,0,0,1146
Enzo Couacaud,3,0,0,0,1147
Enzo Couacaud,4,0,0,0,1148
Enzo Couacaud,5,0,0,0,1149
Enzo Couacaud,6,0,0,0,1150
Enzo Couacaud,7,0,0,0,1151
Enzo Couacaud,8,0,0,0,1152
Enzo Couacaud,9,0,0,0,1153
Enzo Couacaud,10,0,0,0,1154
Enzo Couacaud,11,0,0,0,1155
Enzo Couacaud,12,0,0,0,1156
Enzo Couacaud,13,0,0,0,1157
Enzo Couacaud,14,0,0,0,1158
Enzo Couacaud,15,0,0,0,1159
Enzo Couacaud,16,0,0,0,1160
Enzo Couacaud,17,0,0,0,1161
Enzo Couacaud,18,0,0,0,1162
Enzo Couacaud,19,0,0,0,1163
Enzo Couacaud,20,0,0,0,1164
Enzo Couacaud,21,0,0,0,1165
Enzo Couacaud,22,0,0,0,1166
Enzo Couacaud,23,0,0,0,1167
Enzo Couacaud,24,0,0,0,1168
Enzo Couacaud,25,0,0,0,1169
Enzo Couacaud,26,0,0,0,1170
Enzo Couacaud,27,0,0,0,1171
Enzo Couacaud,28,0,0,0,1172
Enzo Couacaud,29,0,0,0,1173
Enzo Couacaud,30,20,0,0,1174
Enzo Couacaud,31,0,0,0,1175
Enzo Couacaud,32,0,0,0,1176
Enzo Couacaud,33,0,0,0,1177
Enzo Couacaud,34,0,0,0,1178
Enzo Couacaud,35,0,0,0,1179
Enzo Couacaud,36,0,0,0,1180
Enzo Couacaud,37,0,0,0,1181
Enzo Couacaud,38,0,0,0,1182
Enzo Couacaud,39,0,0,0,1183
Enzo Couacaud,40,0,0,0,1184
Enzo Couacaud,41,0,0,0,1185
Enzo Couacaud,42,0,0,0,1186
Enzo Couacaud,43,0,0,0,1187
Enzo Couacaud,44,0,0,0,1188
Enzo Couacaud,45,0,0,0,1189
Enzo Couacaud,46,0,0,0,1190
Enzo Couacaud,47,0,0,0,1191
Enzo Couacaud,48,0,0,0,1192
Enzo Couacaud,49,0,0,0,1193
Enzo Couacaud,50,0,0,0,1194
Enzo Couacaud,51,0,0,0,1195
Enzo Couacaud,52,0,0,0,1196
Ernesto Escobedo,1,0,0,0,1145
Ernesto Escobedo,2,0,0,0,1146
Ernesto Escobedo,3,0,0,0,1147
Ernesto Escobedo,4,0,0,0,1148
Ernesto Escobedo,5,0,0,0,1149
Ernesto Escobedo,6,0,0,0,1150
Ernesto Escobedo,7,0,0,0,1151
Ernesto Escobedo,8,0,0,20,1152
Ernesto Escobedo,9,0,0,20,1153
Ernesto Escobedo,10,0,0,0,1154
Ernesto Escobedo,11,0,0,0,1155
Ernesto Escobedo,12,0,0,0,1156
Ernesto Escobedo,13,0,0,0,1157
Ernesto Escobedo,14,0,0,0,1158
Ernesto Escobedo,15,0,0,0,1159
Ernesto Escobedo,16,0,0,0,1160
Ernesto Escobedo,17,0,0,0,1161
Ernesto Escobedo,18,0,0,0,1162
Ernesto Escobedo,19,0,0,0,1163
Ernesto Escobedo,20,0,0,0,1164
Ernesto Escobedo,21,0,0,0,1165
Ernesto Escobedo,22,0,0,0,1166
Ernesto Escobedo,23,0,0,0,1167
Ernesto Escobedo,24,0,0,0,1168
Ernesto Escobedo,25,0,0,0,1169
Ernesto Escobedo,26,0,0,0,1170
Ernesto Escobedo,27,0,0,0,1171
Ernesto Escobedo,28,0,0,0,1172
Ernesto Escobedo,29,0,0,0,1173
Ernesto Escobedo,30,0,0,0,1174
Ernesto Escobedo,31,0,0,0,1175
Ernesto Escobedo,32,0,0,0,1176
Ernesto Escobedo,33,0,0,0,1177
Ernesto Escobedo,34,0,0,0,1178
Ernesto Escobedo,35,0,0,0,1179
Ernesto Escobedo,36,0,0,0,1180
Ernesto Escobedo,37,0,0,0,1181
Ernesto Escobedo,38,0,0,0,1182
Ernesto Escobedo,39,0,0,0,1183
Ernesto Escobedo,40,0,0,0,1184
Ernesto Escobedo,41,0,0,0,1185
Ernesto Escobedo,42,0,0,0,1186
Ernesto Escobedo,43,0,0,0,1187
Ernesto Escobedo,44,0,0,0,1188
Ernesto Escobedo,45,0,0,0,1189
Ernesto Escobedo,46,0,0,0,1190
Ernesto Escobedo,47,0,0,0,1191
Ernesto Escobedo,48,0,0,0,1192
Ernesto Escobedo,49,0,0,0,1193
Ernesto Escobedo,50,0,0,0,1194
Ernesto Escobedo,51,0,0,0,1195
Ernesto Escobedo,52,0,0,0,1196
Ethan Quinn,1,0,0,0,1145
Ethan Quinn,2,0,0,0,1146
Ethan Quinn,3,0,0,0,1147
Ethan Quinn,4,0,0,0,1148
Ethan Quinn,5,0,0,0,1149
Ethan Quinn,6,0,0,20,1150
Ethan Quinn,7,0,0,0,1151
Ethan Quinn,8,0,0,0,1152
Ethan Quinn,9,0,0,0,1153
Ethan Quinn,10,0,0,10,1154
Ethan Quinn,11,0,0,0,1155
Ethan Quinn,12,0,0,0,1156
Ethan Quinn,13,0,0,0,1157
Ethan Quinn,14,0,0,0,1158
Ethan Quinn,15,0,0,0,1159
Ethan Quinn,16,0,0,0,1160
Ethan Quinn,17,0,0,0,1161
Ethan Quinn,18,0,0,0,1162
Ethan Quinn,19,0,0,0,1163
Ethan Quinn,20,0,0,0,1164
Ethan Quinn,21,0,0,0,1165
Ethan Quinn,22,0,0,0,1166
Ethan Quinn,23,0,0,0,1167
Ethan Quinn,24,0,0,0,1168
Ethan Quinn,25,0,0,0,1169
Ethan Quinn,26,0,0,0,1170
Ethan Quinn,27,0,0,0,1171
Ethan Quinn,28,0,0,0,1172
Ethan Quinn,29,0,45,0,1173
Ethan Quinn,30,0,0,0,1174
Ethan Quinn,31,0,0,0,1175
Ethan Quinn,32,0,0,0,1176
Ethan Quinn,33,0,0,0,1177
Ethan Quinn,34,0,0,0,1178
Ethan Quinn,35,0,0,0,1179
Ethan Quinn,36,0,0,0,1180
Ethan Quinn,37,0,0,0,1181
Ethan Quinn,38,0,0,0,1182
Ethan Quinn,39,0,0,0,1183
Ethan Quinn,40,0,0,0,1184
Ethan Quinn,41,0,0,0,1185
Ethan Quinn,42,0,0,0,1186
Ethan Quinn,43,0,0,0,1187
Ethan Quinn,44,0,0,0,1188
Ethan Quinn,45,0,0,0,1189
Ethan Quinn,46,0,0,0,1190
Ethan Quinn,47,0,0,0,1191
Ethan Quinn,48,0,0,0,1192
Ethan Quinn,49,0,0,0,1193
Ethan Quinn,50,0,0,0,1194
Ethan Quinn,51,0,0,0,1195
Ethan Quinn,52,0,0,0,1196
Fabian Marozsan,1,0,0,20,1145
Fabian Marozsan,2,0,0,45,1146
Fabian Marozsan,3,0,0,90,1147
Fabian Marozsan,4,0,0,0,1148
Fabian Marozsan,5,0,0,0,1149
Fabian Marozsan,6,0,0,0,1150
Fabian Marozsan,7,0,0,20,1151
Fabian Marozsan,8,0,0,45,1152
Fabian Marozsan,9,0,0,20,1153
Fabian Marozsan,10,0,0,90,1154
Fabian Marozsan,11,0,0,0,1155
Fabian Marozsan,12,0,0,180,1156
Fabian Marozsan,13,0,0,0,1157
Fabian Marozsan,14,0,0,0,1158
Fabian Marozsan,15,0,0,0,1159
Fabian Marozsan,16,45,0,0,1160
Fabian Marozsan,17,25,0,0,1161
Fabian Marozsan,18,0,0,0,1162
Fabian Marozsan,19,10,0,0,1163
Fabian Marozsan,20,0,0,0,1164
Fabian Marozsan,21,20,0,0,1165
Fabian Marozsan,22,45,0,0,1166
Fabian Marozsan,23,0,0,0,1167
Fabian Marozsan,24,0,20,0,1168
Fabian Marozsan,25,0,45,0,1169
Fabian Marozsan,26,0,20,0,1170
Fabian Marozsan,27,0,10,0,1171
Fabian Marozsan,28,0,0,0,1172
Fabian Marozsan,29,20,0,0,1173
Fabian Marozsan,30,90,0,0,1174
Fabian Marozsan,31,0,0,0,1175
Fabian Marozsan,32,0,0,25,1176
Fabian Marozsan,33,0,0,90,1177
Fabian Marozsan,34,0,0,20,1178
Fabian Marozsan,35,0,0,45,1179
Fabian Marozsan,36,0,0,0,1180
Fabian Marozsan,37,0,0,0,1181
Fabian Marozsan,38,0,0,45,1182
Fabian Marozsan,39,0,0,0,1183
Fabian Marozsan,40,0,0,0,1184
Fabian Marozsan,41,0,0,0,1185
Fabian Marozsan,42,0,0,20,1186
Fabian Marozsan,43,0,0,20,1187
Fabian Marozsan,44,0,0,0,1188
Fabian Marozsan,45,0,0,90,1189
Fabian Marozsan,46,0,0,0,1190
Fabian Marozsan,47,0,0,0,1191
Fabian Marozsan,48,0,0,0,1192
Fabian Marozsan,49,0,0,0,1193
Fabian Marozsan,50,0,0,0,1194
Fabian Marozsan,51,0,0,0,1195
Fabian Marozsan,52,0,0,0,1196
Fabio Fognini,1,0,0,0,1145
Fabio Fognini,2,0,0,0,1146
Fabio Fognini,3,0,0,0,1147
Fabio Fognini,4,0,0,0,1148
Fabio Fognini,5,0,0,0,1149
Fabio Fognini,6,0,0,0,1150
Fabio Fognini,7,0,0,0,1151
Fabio Fognini,8,0,0,0,1152
Fabio Fognini,9,0,0,0,1153
Fabio Fognini,10,0,0,25,1154
Fabio Fognini,11,0,0,0,1155
Fabio Fognini,12,0,0,0,1156
Fabio Fognini,13,0,0,0,1157
Fabio Fognini,14,90,0,0,1158
Fabio Fognini,15,0,0,0,1159
Fabio Fognini,16,0,0,0,1160
Fabio Fognini,17,0,0,0,1161
Fabio Fognini,18,0,0,0,1162
Fabio Fognini,19,25,0,0,1163
Fabio Fognini,20,0,0,0,1164
Fabio Fognini,21,0,0,0,1165
Fabio Fognini,22,45,0,0,1166
Fabio Fognini,23,0,0,0,1167
Fabio Fognini,24,0,0,0,1168
Fabio Fognini,25,0,0,0,1169
Fabio Fognini,26,0,45,0,1170
Fabio Fognini,27,0,90,0,1171
Fabio Fognini,28,0,0,0,1172
Fabio Fognini,29,90,0,0,1173
Fabio Fognini,30,45,0,0,1174
Fabio Fognini,31,0,0,0,1175
Fabio Fognini,32,0,0,0,1176
Fabio Fognini,33,0,0,0,1177
Fabio Fognini,34,0,0,0,1178
Fabio Fognini,35,0,0,10,1179
Fabio Fognini,36,0,0,0,1180
Fabio Fognini,37,0,0,0,1181
Fabio Fognini,38,0,0,20,1182
Fabio Fognini,39,0,0,0,1183
Fabio Fognini,40,0,0,25,1184
Fabio Fognini,41,0,0,0,1185
Fabio Fognini,42,0,0,20,1186
Fabio Fognini,43,0,0,0,1187
Fabio Fognini,44,0,0,25,1188
Fabio Fognini,45,0,0,20,1189
Fabio Fognini,46,0,0,0,1190
Fabio Fognini,47,0,0,0,1191
Fabio Fognini,48,0,0,0,1192
Fabio Fognini,49,0,0,0,1193
Fabio Fognini,50,0,0,0,1194
Fabio Fognini,51,0,0,0,1195
Fabio Fognini,52,0,0,0,1196
Facundo Bagnis,1,0,0,0,1145
Facundo Bagnis,2,0,0,0,1146
Facundo Bagnis,3,0,0,0,1147
Facundo Bagnis,4,0,0,0,1148
Facundo Bagnis,5,0,0,0,1149
Facundo Bagnis,6,600,0,0,1150
Facundo Bagnis,7,0,0,0,1151
Facundo Bagnis,8,0,0,0,1152
Facundo Bagnis,9,20,0,0,1153
Facundo Bagnis,10,0,0,0,1154
Facundo Bagnis,11,0,0,0,1155
Facundo Bagnis,12,0,0,0,1156
Facundo Bagnis,13,0,0,0,1157
Facundo Bagnis,14,0,0,0,1158
Facundo Bagnis,15,0,0,0,1159
Facundo Bagnis,16,0,0,0,1160
Facundo Bagnis,17,25,0,0,1161
Facundo Bagnis,18,0,0,0,1162
Facundo Bagnis,19,0,0,0,1163
Facundo Bagnis,20,0,0,0,1164
Facundo Bagnis,21,0,0,0,1165
Facundo Bagnis,22,0,0,0,1166
Facundo Bagnis,23,0,0,0,1167
Facundo Bagnis,24,0,0,0,1168
Facundo Bagnis,25,0,0,0,1169
Facundo Bagnis,26,0,0,0,1170
Facundo Bagnis,27,0,0,0,1171
Facundo Bagnis,28,0,0,0,1172
Facundo Bagnis,29,0,0,0,1173
Facundo Bagnis,30,0,0,0,1174
Facundo Bagnis,31,0,0,0,1175
Facundo Bagnis,32,0,0,0,1176
Facundo Bagnis,33,0,0,0,1177
Facundo Bagnis,34,0,0,0,1178
Facundo Bagnis,35,0,0,0,1179
Facundo Bagnis,36,0,0,0,1180
Facundo Bagnis,37,0,0,0,1181
Facundo Bagnis,38,0,0,0,1182
Facundo Bagnis,39,0,0,0,1183
Facundo Bagnis,40,0,0,0,1184
Facundo Bagnis,41,0,0,0,1185
Facundo Bagnis,42,0,0,0,1186
Facundo Bagnis,43,0,0,0,1187
Facundo Bagnis,44,0,0,0,1188
Facundo Bagnis,45,0,0,0,1189
Facundo Bagnis,46,0,0,0,1190
Facundo Bagnis,47,0,0,0,1191
Facundo Bagnis,48,0,0,0,1192
Facundo Bagnis,49,0,0,0,1193
Facundo Bagnis,50,0,0,0,1194
Facundo Bagnis,51,0,0,0,1195
Facundo Bagnis,52,0,0,0,1196
Facundo Diaz Acosta,1,0,0,0,1145
Facundo Diaz Acosta,2,0,0,20,1146
Facundo Diaz Acosta,3,0,0,10,1147
Facundo Diaz Acosta,4,0,0,0,1148
Facundo Diaz Acosta,5,0,0,0,1149
Facundo Diaz Acosta,6,90,0,0,1150
Facundo Diaz Acosta,7,500,0,0,1151
Facundo Diaz Acosta,8,45,0,0,1152
Facundo Diaz Acosta,9,45,0,0,1153
Facundo Diaz Acosta,10,0,0,0,1154
Facundo Diaz Acosta,11,0,0,0,1155
Facundo Diaz Acosta,12,0,0,10,1156
Facundo Diaz Acosta,13,0,0,0,1157
Facundo Diaz Acosta,14,20,0,0,1158
Facundo Diaz Acosta,15,25,0,0,1159
Facundo Diaz Acosta,16,90,0,0,1160
Facundo Diaz Acosta,17,10,0,0,1161
Facundo Diaz Acosta,18,0,0,0,1162
Facundo Diaz Acosta,19,0,0,0,1163
Facundo Diaz Acosta,20,0,0,0,1164
Facundo Diaz Acosta,21,0,0,0,1165
Facundo Diaz Acosta,22,0,0,0,1166
Facundo Diaz Acosta,23,0,0,0,1167
Facundo Diaz Acosta,24,0,0,0,1168
Facundo Diaz Acosta,25,0,0,0,1169
Facundo Diaz Acosta,26,0,0,0,1170
Facundo Diaz Acosta,27,0,10,0,1171
Facundo Diaz Acosta,28,0,0,0,1172
Facundo Diaz Acosta,29,20,0,0,1173
Facundo Diaz Acosta,30,180,0,0,1174
Facundo Diaz Acosta,31,0,0,0,1175
Facundo Diaz Acosta,32,0,0,0,1176
Facundo Diaz Acosta,33,0,0,0,1177
Facundo Diaz Acosta,34,0,0,0,1178
Facundo Diaz Acosta,35,0,0,45,1179
Facundo Diaz Acosta,36,0,0,0,1180
Facundo Diaz Acosta,37,0,0,0,1181
Facundo Diaz Acosta,38,0,0,0,1182
Facundo Diaz Acosta,39,0,0,0,1183
Facundo Diaz Acosta,40,0,0,10,1184
Facundo Diaz Acosta,41,0,0,0,1185
Facundo Diaz Acosta,42,0,0,20,1186
Facundo Diaz Acosta,43,0,0,0,1187
Facundo Diaz Acosta,44,0,0,0,1188
Facundo Diaz Acosta,45,0,0,0,1189
Facundo Diaz Acosta,46,0,0,0,1190
Facundo Diaz Acosta,47,0,0,0,1191
Facundo Diaz Acosta,48,0,0,0,1192
Facundo Diaz Acosta,49,0,0,0,1193
Facundo Diaz Acosta,50,0,0,0,1194
Facundo Diaz Acosta,51,0,0,0,1195
Facundo Diaz Acosta,52,0,0,0,1196
Fajing Sun,1,0,0,0,1145
Fajing Sun,2,0,0,0,1146
Fajing Sun,3,0,0,0,1147
Fajing Sun,4,0,0,0,1148
Fajing Sun,5,0,0,0,1149
Fajing Sun,6,0,0,0,1150
Fajing Sun,7,0,0,0,1151
Fajing Sun,8,0,0,0,1152
Fajing Sun,9,0,0,0,1153
Fajing Sun,10,0,0,0,1154
Fajing Sun,11,0,0,0,1155
Fajing Sun,12,0,0,0,1156
Fajing Sun,13,0,0,0,1157
Fajing Sun,14,0,0,0,1158
Fajing Sun,15,0,0,0,1159
Fajing Sun,16,0,0,0,1160
Fajing Sun,17,0,0,0,1161
Fajing Sun,18,0,0,0,1162
Fajing Sun,19,0,0,0,1163
Fajing Sun,20,0,0,0,1164
Fajing Sun,21,0,0,0,1165
Fajing Sun,22,0,0,0,1166
Fajing Sun,23,0,0,0,1167
Fajing Sun,24,0,0,0,1168
Fajing Sun,25,0,0,0,1169
Fajing Sun,26,0,0,0,1170
Fajing Sun,27,0,0,0,1171
Fajing Sun,28,0,0,0,1172
Fajing Sun,29,0,0,0,1173
Fajing Sun,30,0,0,0,1174
Fajing Sun,31,0,0,0,1175
Fajing Sun,32,0,0,0,1176
Fajing Sun,33,0,0,0,1177
Fajing Sun,34,0,0,0,1178
Fajing Sun,35,0,0,0,1179
Fajing Sun,36,0,0,0,1180
Fajing Sun,37,0,0,0,1181
Fajing Sun,38,0,0,20,1182
Fajing Sun,39,0,0,0,1183
Fajing Sun,40,0,0,0,1184
Fajing Sun,41,0,0,0,1185
Fajing Sun,42,0,0,0,1186
Fajing Sun,43,0,0,0,1187
Fajing Sun,44,0,0,0,1188
Fajing Sun,45,0,0,0,1189
Fajing Sun,46,0,0,0,1190
Fajing Sun,47,0,0,0,1191
Fajing Sun,48,0,0,0,1192
Fajing Sun,49,0,0,0,1193
Fajing Sun,50,0,0,0,1194
Fajing Sun,51,0,0,0,1195
Fajing Sun,52,0,0,0,1196
Federico Agustin Gomez,1,0,0,0,1145
Federico Agustin Gomez,2,0,0,0,1146
Federico Agustin Gomez,3,0,0,0,1147
Federico Agustin Gomez,4,0,0,0,1148
Federico Agustin Gomez,5,0,0,0,1149
Federico Agustin Gomez,6,20,0,0,1150
Federico Agustin Gomez,7,0,0,0,1151
Federico Agustin Gomez,8,0,0,0,1152
Federico Agustin Gomez,9,0,0,0,1153
Federico Agustin Gomez,10,0,0,0,1154
Federico Agustin Gomez,11,0,0,0,1155
Federico Agustin Gomez,12,0,0,0,1156
Federico Agustin Gomez,13,0,0,0,1157
Federico Agustin Gomez,14,0,0,0,1158
Federico Agustin Gomez,15,0,0,0,1159
Federico Agustin Gomez,16,0,0,0,1160
Federico Agustin Gomez,17,0,0,0,1161
Federico Agustin Gomez,18,0,0,0,1162
Federico Agustin Gomez,19,0,0,0,1163
Federico Agustin Gomez,20,0,0,0,1164
Federico Agustin Gomez,21,0,0,0,1165
Federico Agustin Gomez,22,0,0,0,1166
Federico Agustin Gomez,23,0,0,0,1167
Federico Agustin Gomez,24,0,0,0,1168
Federico Agustin Gomez,25,0,0,0,1169
Federico Agustin Gomez,26,0,0,0,1170
Federico Agustin Gomez,27,0,0,0,1171
Federico Agustin Gomez,28,0,0,0,1172
Federico Agustin Gomez,29,0,0,0,1173
Federico Agustin Gomez,30,0,0,0,1174
Federico Agustin Gomez,31,0,0,0,1175
Federico Agustin Gomez,32,0,0,0,1176
Federico Agustin Gomez,33,0,0,0,1177
Federico Agustin Gomez,34,0,0,0,1178
Federico Agustin Gomez,35,0,0,0,1179
Federico Agustin Gomez,36,0,0,0,1180
Federico Agustin Gomez,37,0,0,0,1181
Federico Agustin Gomez,38,0,0,45,1182
Federico Agustin Gomez,39,0,0,0,1183
Federico Agustin Gomez,40,0,0,0,1184
Federico Agustin Gomez,41,0,0,0,1185
Federico Agustin Gomez,42,0,0,0,1186
Federico Agustin Gomez,43,0,0,0,1187
Federico Agustin Gomez,44,0,0,0,1188
Federico Agustin Gomez,45,0,0,0,1189
Federico Agustin Gomez,46,0,0,0,1190
Federico Agustin Gomez,47,0,0,0,1191
Federico Agustin Gomez,48,0,0,0,1192
Federico Agustin Gomez,49,0,0,0,1193
Federico Agustin Gomez,50,0,0,0,1194
Federico Agustin Gomez,51,0,0,0,1195
Federico Agustin Gomez,52,0,0,0,1196
Federico Coria,1,0,0,0,1145
Federico Coria,2,0,0,0,1146
Federico Coria,3,0,0,10,1147
Federico Coria,4,0,0,0,1148
Federico Coria,5,0,0,0,1149
Federico Coria,6,180,0,0,1150
Federico Coria,7,180,0,0,1151
Federico Coria,8,20,0,0,1152
Federico Coria,9,45,0,0,1153
Federico Coria,10,0,0,0,1154
Federico Coria,11,0,0,0,1155
Federico Coria,12,0,0,0,1156
Federico Coria,13,0,0,0,1157
Federico Coria,14,20,0,0,1158
Federico Coria,15,25,0,0,1159
Federico Coria,16,45,0,0,1160
Federico Coria,17,0,0,0,1161
Federico Coria,18,0,0,0,1162
Federico Coria,19,0,0,0,1163
Federico Coria,20,0,0,0,1164
Federico Coria,21,20,0,0,1165
Federico Coria,22,10,0,0,1166
Federico Coria,23,0,0,0,1167
Federico Coria,24,0,0,0,1168
Federico Coria,25,0,0,0,1169
Federico Coria,26,0,0,0,1170
Federico Coria,27,0,10,0,1171
Federico Coria,28,0,0,0,1172
Federico Coria,29,20,0,0,1173
Federico Coria,30,20,0,0,1174
Federico Coria,31,0,0,0,1175
Federico Coria,32,0,0,0,1176
Federico Coria,33,0,0,0,1177
Federico Coria,34,0,0,0,1178
Federico Coria,35,0,0,10,1179
Federico Coria,36,0,0,0,1180
Federico Coria,37,0,0,0,1181
Federico Coria,38,0,0,0,1182
Federico Coria,39,0,0,0,1183
Federico Coria,40,0,0,0,1184
Federico Coria,41,0,0,0,1185
Federico Coria,42,0,0,0,1186
Federico Coria,43,0,0,0,1187
Federico Coria,44,0,0,0,1188
Federico Coria,45,0,0,0,1189
Federico Coria,46,0,0,0,1190
Federico Coria,47,0,0,0,1191
Federico Coria,48,0,0,0,1192
Federico Coria,49,0,0,0,1193
Federico Coria,50,0,0,0,1194
Federico Coria,51,0,0,0,1195
Federico Coria,52,0,0,0,1196
Felipe Meligeni Alves,1,0,0,0,1145
Felipe Meligeni Alves,2,0,0,0,1146
Felipe Meligeni Alves,3,0,0,0,1147
Felipe Meligeni Alves,4,0,0,0,1148
Felipe Meligeni Alves,5,0,0,0,1149
Felipe Meligeni Alves,6,0,0,0,1150
Felipe Meligeni Alves,7,0,0,0,1151
Felipe Meligeni Alves,8,45,0,0,1152
Felipe Meligeni Alves,9,0,0,0,1153
Felipe Meligeni Alves,10,0,0,0,1154
Felipe Meligeni Alves,11,0,0,0,1155
Felipe Meligeni Alves,12,0,0,0,1156
Felipe Meligeni Alves,13,0,0,0,1157
Felipe Meligeni Alves,14,0,0,0,1158
Felipe Meligeni Alves,15,0,0,0,1159
Felipe Meligeni Alves,16,0,0,0,1160
Felipe Meligeni Alves,17,0,0,0,1161
Felipe Meligeni Alves,18,0,0,0,1162
Felipe Meligeni Alves,19,0,0,0,1163
Felipe Meligeni Alves,20,0,0,0,1164
Felipe Meligeni Alves,21,0,0,0,1165
Felipe Meligeni Alves,22,10,0,0,1166
Felipe Meligeni Alves,23,0,0,0,1167
Felipe Meligeni Alves,24,0,0,0,1168
Felipe Meligeni Alves,25,0,0,0,1169
Felipe Meligeni Alves,26,0,0,0,1170
Felipe Meligeni Alves,27,0,10,0,1171
Felipe Meligeni Alves,28,0,0,0,1172
Felipe Meligeni Alves,29,20,0,0,1173
Felipe Meligeni Alves,30,0,0,0,1174
Felipe Meligeni Alves,31,0,0,0,1175
Felipe Meligeni Alves,32,0,0,0,1176
Felipe Meligeni Alves,33,0,0,0,1177
Felipe Meligeni Alves,34,0,0,0,1178
Felipe Meligeni Alves,35,0,0,0,1179
Felipe Meligeni Alves,36,0,0,0,1180
Felipe Meligeni Alves,37,0,0,0,1181
Felipe Meligeni Alves,38,0,0,0,1182
Felipe Meligeni Alves,39,0,0,0,1183
Felipe Meligeni Alves,40,0,0,0,1184
Felipe Meligeni Alves,41,0,0,0,1185
Felipe Meligeni Alves,42,0,0,0,1186
Felipe Meligeni Alves,43,0,0,0,1187
Felipe Meligeni Alves,44,0,0,0,1188
Felipe Meligeni Alves,45,0,0,0,1189
Felipe Meligeni Alves,46,0,0,0,1190
Felipe Meligeni Alves,47,0,0,0,1191
Felipe Meligeni Alves,48,0,0,0,1192
Felipe Meligeni Alves,49,0,0,0,1193
Felipe Meligeni Alves,50,0,0,0,1194
Felipe Meligeni Alves,51,0,0,0,1195
Felipe Meligeni Alves,52,0,0,0,1196
Felix Auger Aliassime,1,0,0,0,1145
Felix Auger Aliassime,2,0,0,45,1146
Felix Auger Aliassime,3,0,0,90,1147
Felix Auger Aliassime,4,0,0,0,1148
Felix Auger Aliassime,5,0,0,180,1149
Felix Auger Aliassime,6,0,0,45,1150
Felix Auger Aliassime,7,0,0,45,1151
Felix Auger Aliassime,8,0,0,0,1152
Felix Auger Aliassime,9,0,0,20,1153
Felix Auger Aliassime,10,0,0,45,1154
Felix Auger Aliassime,11,0,0,0,1155
Felix Auger Aliassime,12,0,0,25,1156
Felix Auger Aliassime,13,0,0,0,1157
Felix Auger Aliassime,14,0,0,0,1158
Felix Auger Aliassime,15,45,0,0,1159
Felix Auger Aliassime,16,90,0,0,1160
Felix Auger Aliassime,17,1200,0,0,1161
Felix Auger Aliassime,18,0,0,0,1162
Felix Auger Aliassime,19,45,0,0,1163
Felix Auger Aliassime,20,0,0,0,1164
Felix Auger Aliassime,21,0,0,0,1165
Felix Auger Aliassime,22,180,0,0,1166
Felix Auger Aliassime,23,0,0,0,1167
Felix Auger Aliassime,24,0,0,0,1168
Felix Auger Aliassime,25,0,20,0,1169
Felix Auger Aliassime,26,0,0,0,1170
Felix Auger Aliassime,27,0,10,0,1171
Felix Auger Aliassime,28,0,0,0,1172
Felix Auger Aliassime,29,90,0,0,1173
Felix Auger Aliassime,30,0,0,0,1174
Felix Auger Aliassime,31,0,0,0,1175
Felix Auger Aliassime,32,0,0,25,1176
Felix Auger Aliassime,33,0,0,90,1177
Felix Auger Aliassime,34,0,0,0,1178
Felix Auger Aliassime,35,0,0,10,1179
Felix Auger Aliassime,36,0,0,0,1180
Felix Auger Aliassime,37,0,0,0,1181
Felix Auger Aliassime,38,0,0,0,1182
Felix Auger Aliassime,39,0,0,20,1183
Felix Auger Aliassime,40,0,0,25,1184
Felix Auger Aliassime,41,0,0,0,1185
Felix Auger Aliassime,42,0,0,90,1186
Felix Auger Aliassime,43,0,0,45,1187
Felix Auger Aliassime,44,0,0,0,1188
Felix Auger Aliassime,45,0,0,0,1189
Felix Auger Aliassime,46,0,0,0,1190
Felix Auger Aliassime,47,0,0,0,1191
Felix Auger Aliassime,48,0,0,0,1192
Felix Auger Aliassime,49,0,0,0,1193
Felix Auger Aliassime,50,0,0,0,1194
Felix Auger Aliassime,51,0,0,0,1195
Felix Auger Aliassime,52,0,0,0,1196
Filip Misolic,1,0,0,0,1145
Filip Misolic,2,0,0,0,1146
Filip Misolic,3,0,0,0,1147
Filip Misolic,4,0,0,0,1148
Filip Misolic,5,0,0,0,1149
Filip Misolic,6,0,0,0,1150
Filip Misolic,7,0,0,0,1151
Filip Misolic,8,0,0,0,1152
Filip Misolic,9,0,0,0,1153
Filip Misolic,10,0,0,0,1154
Filip Misolic,11,0,0,0,1155
Filip Misolic,12,0,0,0,1156
Filip Misolic,13,0,0,0,1157
Filip Misolic,14,0,0,0,1158
Filip Misolic,15,0,0,0,1159
Filip Misolic,16,0,0,0,1160
Filip Misolic,17,0,0,0,1161
Filip Misolic,18,0,0,0,1162
Filip Misolic,19,0,0,0,1163
Filip Misolic,20,0,0,0,1164
Filip Misolic,21,0,0,0,1165
Filip Misolic,22,45,0,0,1166
Filip Misolic,23,0,0,0,1167
Filip Misolic,24,0,0,0,1168
Filip Misolic,25,0,0,0,1169
Filip Misolic,26,0,0,0,1170
Filip Misolic,27,0,0,0,1171
Filip Misolic,28,0,0,0,1172
Filip Misolic,29,0,0,0,1173
Filip Misolic,30,20,0,0,1174
Filip Misolic,31,0,0,0,1175
Filip Misolic,32,0,0,0,1176
Filip Misolic,33,0,0,0,1177
Filip Misolic,34,0,0,0,1178
Filip Misolic,35,0,0,0,1179
Filip Misolic,36,0,0,0,1180
Filip Misolic,37,0,0,0,1181
Filip Misolic,38,0,0,0,1182
Filip Misolic,39,0,0,0,1183
Filip Misolic,40,0,0,0,1184
Filip Misolic,41,0,0,0,1185
Filip Misolic,42,0,0,0,1186
Filip Misolic,43,0,0,0,1187
Filip Misolic,44,0,0,0,1188
Filip Misolic,45,0,0,0,1189
Filip Misolic,46,0,0,0,1190
Filip Misolic,47,0,0,0,1191
Filip Misolic,48,0,0,0,1192
Filip Misolic,49,0,0,0,1193
Filip Misolic,50,0,0,0,1194
Filip Misolic,51,0,0,0,1195
Filip Misolic,52,0,0,0,1196
Flavio Cobolli,1,0,0,0,1145
Flavio Cobolli,2,0,0,0,1146
Flavio Cobolli,3,0,0,90,1147
Flavio Cobolli,4,0,0,0,1148
Flavio Cobolli,5,0,0,90,1149
Flavio Cobolli,6,0,0,0,1150
Flavio Cobolli,7,0,0,90,1151
Flavio Cobolli,8,0,0,20,1152
Flavio Cobolli,9,0,0,45,1153
Flavio Cobolli,10,0,0,10,1154
Flavio Cobolli,11,0,0,0,1155
Flavio Cobolli,12,0,0,25,1156
Flavio Cobolli,13,0,0,0,1157
Flavio Cobolli,14,45,0,0,1158
Flavio Cobolli,15,0,0,0,1159
Flavio Cobolli,16,0,0,0,1160
Flavio Cobolli,17,45,0,0,1161
Flavio Cobolli,18,0,0,0,1162
Flavio Cobolli,19,25,0,0,1163
Flavio Cobolli,20,0,0,0,1164
Flavio Cobolli,21,180,0,0,1165
Flavio Cobolli,22,45,0,0,1166
Flavio Cobolli,23,0,0,0,1167
Flavio Cobolli,24,0,20,0,1168
Flavio Cobolli,25,0,20,0,1169
Flavio Cobolli,26,0,90,0,1170
Flavio Cobolli,27,0,45,0,1171
Flavio Cobolli,28,0,0,0,1172
Flavio Cobolli,29,45,0,0,1173
Flavio Cobolli,30,45,0,0,1174
Flavio Cobolli,31,0,0,600,1175
Flavio Cobolli,32,0,0,45,1176
Flavio Cobolli,33,0,0,90,1177
Flavio Cobolli,34,0,0,0,1178
Flavio Cobolli,35,0,0,90,1179
Flavio Cobolli,36,0,0,0,1180
Flavio Cobolli,37,0,0,0,1181
Flavio Cobolli,38,0,0,0,1182
Flavio Cobolli,39,0,0,90,1183
Flavio Cobolli,40,0,0,45,1184
Flavio Cobolli,41,0,0,0,1185
Flavio Cobolli,42,0,0,0,1186
Flavio Cobolli,43,0,0,45,1187
Flavio Cobolli,44,0,0,0,1188
Flavio Cobolli,45,0,0,0,1189
Flavio Cobolli,46,0,0,0,1190
Flavio Cobolli,47,0,0,0,1191
Flavio Cobolli,48,0,0,0,1192
Flavio Cobolli,49,0,0,0,1193
Flavio Cobolli,50,0,0,0,1194
Flavio Cobolli,51,0,0,0,1195
Flavio Cobolli,52,0,0,0,1196
Frances Tiafoe,1,0,0,90,1145
Frances Tiafoe,2,0,0,0,1146
Frances Tiafoe,3,0,0,45,1147
Frances Tiafoe,4,0,0,0,1148
Frances Tiafoe,5,0,0,0,1149
Frances Tiafoe,6,0,0,90,1150
Frances Tiafoe,7,0,0,180,1151
Frances Tiafoe,8,0,0,0,1152
Frances Tiafoe,9,0,0,45,1153
Frances Tiafoe,10,0,0,45,1154
Frances Tiafoe,11,0,0,0,1155
Frances Tiafoe,12,0,0,25,1156
Frances Tiafoe,13,0,0,0,1157
Frances Tiafoe,14,600,0,0,1158
Frances Tiafoe,15,0,0,0,1159
Frances Tiafoe,16,0,0,0,1160
Frances Tiafoe,17,25,0,0,1161
Frances Tiafoe,18,0,0,0,1162
Frances Tiafoe,19,25,0,0,1163
Frances Tiafoe,20,0,0,0,1164
Frances Tiafoe,21,45,0,0,1165
Frances Tiafoe,22,45,0,0,1166
Frances Tiafoe,23,0,0,0,1167
Frances Tiafoe,24,0,90,0,1168
Frances Tiafoe,25,0,20,0,1169
Frances Tiafoe,26,0,0,0,1170
Frances Tiafoe,27,0,90,0,1171
Frances Tiafoe,28,0,0,0,1172
Frances Tiafoe,29,0,0,0,1173
Frances Tiafoe,30,0,0,90,1174
Frances Tiafoe,31,0,0,180,1175
Frances Tiafoe,32,0,0,25,1176
Frances Tiafoe,33,0,0,1200,1177
Frances Tiafoe,34,0,0,0,1178
Frances Tiafoe,35,0,0,720,1179
Frances Tiafoe,36,0,0,0,1180
Frances Tiafoe,37,0,0,0,1181
Frances Tiafoe,38,0,0,0,1182
Frances Tiafoe,39,0,0,20,1183
Frances Tiafoe,40,0,0,45,1184
Frances Tiafoe,41,0,0,0,1185
Frances Tiafoe,42,0,0,90,1186
Frances Tiafoe,43,0,0,45,1187
Frances Tiafoe,44,0,0,25,1188
Frances Tiafoe,45,0,0,0,1189
Frances Tiafoe,46,0,0,0,1190
Frances Tiafoe,47,0,0,0,1191
Frances Tiafoe,48,0,0,0,1192
Frances Tiafoe,49,0,0,0,1193
Frances Tiafoe,50,0,0,0,1194
Frances Tiafoe,51,0,0,0,1195
Frances Tiafoe,52,0,0,0,1196
Francesco Passaro,1,0,0,0,1145
Francesco Passaro,2,0,0,0,1146
Francesco Passaro,3,0,0,0,1147
Francesco Passaro,4,0,0,0,1148
Francesco Passaro,5,0,0,0,1149
Francesco Passaro,6,0,0,0,1150
Francesco Passaro,7,0,0,0,1151
Francesco Passaro,8,0,0,0,1152
Francesco Passaro,9,20,0,0,1153
Francesco Passaro,10,0,0,0,1154
Francesco Passaro,11,0,0,0,1155
Francesco Passaro,12,0,0,0,1156
Francesco Passaro,13,0,0,0,1157
Francesco Passaro,14,0,0,0,1158
Francesco Passaro,15,0,0,0,1159
Francesco Passaro,16,20,0,0,1160
Francesco Passaro,17,0,0,0,1161
Francesco Passaro,18,0,0,0,1162
Francesco Passaro,19,45,0,0,1163
Francesco Passaro,20,0,0,0,1164
Francesco Passaro,21,0,0,0,1165
Francesco Passaro,22,0,0,0,1166
Francesco Passaro,23,0,0,0,1167
Francesco Passaro,24,0,0,0,1168
Francesco Passaro,25,0,0,0,1169
Francesco Passaro,26,0,0,0,1170
Francesco Passaro,27,0,0,0,1171
Francesco Passaro,28,0,0,0,1172
Francesco Passaro,29,0,0,0,1173
Francesco Passaro,30,0,0,0,1174
Francesco Passaro,31,0,0,0,1175
Francesco Passaro,32,0,0,0,1176
Francesco Passaro,33,0,0,0,1177
Francesco Passaro,34,0,0,0,1178
Francesco Passaro,35,0,0,0,1179
Francesco Passaro,36,0,0,0,1180
Francesco Passaro,37,0,0,0,1181
Francesco Passaro,38,0,0,0,1182
Francesco Passaro,39,0,0,0,1183
Francesco Passaro,40,0,0,0,1184
Francesco Passaro,41,0,0,0,1185
Francesco Passaro,42,0,0,0,1186
Francesco Passaro,43,0,0,0,1187
Francesco Passaro,44,0,0,0,1188
Francesco Passaro,45,0,0,0,1189
Francesco Passaro,46,0,0,0,1190
Francesco Passaro,47,0,0,0,1191
Francesco Passaro,48,0,0,0,1192
Francesco Passaro,49,0,0,0,1193
Francesco Passaro,50,0,0,0,1194
Francesco Passaro,51,0,0,0,1195
Francesco Passaro,52,0,0,0,1196
Francisco Cabral,1,0,0,0,1145
Francisco Cabral,2,0,0,0,1146
Francisco Cabral,3,0,0,0,1147
Francisco Cabral,4,0,0,0,1148
Francisco Cabral,5,0,0,0,1149
Francisco Cabral,6,0,0,0,1150
Francisco Cabral,7,0,0,0,1151
Francisco Cabral,8,0,0,0,1152
Francisco Cabral,9,0,0,0,1153
Francisco Cabral,10,0,0,0,1154
Francisco Cabral,11,0,0,0,1155
Francisco Cabral,12,0,0,0,1156
Francisco Cabral,13,0,0,0,1157
Francisco Cabral,14,0,0,0,1158
Francisco Cabral,15,0,0,0,1159
Francisco Cabral,16,0,0,0,1160
Francisco Cabral,17,0,0,0,1161
Francisco Cabral,18,0,0,0,1162
Francisco Cabral,19,0,0,0,1163
Francisco Cabral,20,0,0,0,1164
Francisco Cabral,21,0,0,0,1165
Francisco Cabral,22,0,0,0,1166
Francisco Cabral,23,0,0,0,1167
Francisco Cabral,24,0,0,0,1168
Francisco Cabral,25,0,0,0,1169
Francisco Cabral,26,0,0,0,1170
Francisco Cabral,27,0,0,0,1171
Francisco Cabral,28,0,0,0,1172
Francisco Cabral,29,0,0,0,1173
Francisco Cabral,30,0,0,0,1174
Francisco Cabral,31,0,0,0,1175
Francisco Cabral,32,0,0,0,1176
Francisco Cabral,33,0,0,0,1177
Francisco Cabral,34,0,0,0,1178
Francisco Cabral,35,0,0,0,1179
Francisco Cabral,36,0,0,0,1180
Francisco Cabral,37,0,0,0,1181
Francisco Cabral,38,0,0,0,1182
Francisco Cabral,39,0,0,0,1183
Francisco Cabral,40,0,0,0,1184
Francisco Cabral,41,0,0,0,1185
Francisco Cabral,42,0,0,0,1186
Francisco Cabral,43,0,0,0,1187
Francisco Cabral,44,0,0,0,1188
Francisco Cabral,45,0,0,0,1189
Francisco Cabral,46,0,0,0,1190
Francisco Cabral,47,0,0,0,1191
Francisco Cabral,48,0,0,0,1192
Francisco Cabral,49,0,0,0,1193
Francisco Cabral,50,0,0,0,1194
Francisco Cabral,51,0,0,0,1195
Francisco Cabral,52,0,0,0,1196
Francisco Cerundolo,1,0,0,45,1145
Francisco Cerundolo,2,0,0,45,1146
Francisco Cerundolo,3,0,0,45,1147
Francisco Cerundolo,4,0,0,0,1148
Francisco Cerundolo,5,0,0,0,1149
Francisco Cerundolo,6,45,0,0,1150
Francisco Cerundolo,7,45,0,0,1151
Francisco Cerundolo,8,180,0,0,1152
Francisco Cerundolo,9,0,0,0,1153
Francisco Cerundolo,10,0,0,45,1154
Francisco Cerundolo,11,0,0,0,1155
Francisco Cerundolo,12,0,0,45,1156
Francisco Cerundolo,13,0,0,0,1157
Francisco Cerundolo,14,45,0,0,1158
Francisco Cerundolo,15,45,0,0,1159
Francisco Cerundolo,16,90,0,0,1160
Francisco Cerundolo,17,180,0,0,1161
Francisco Cerundolo,18,0,0,0,1162
Francisco Cerundolo,19,45,0,0,1163
Francisco Cerundolo,20,0,0,0,1164
Francisco Cerundolo,21,45,0,0,1165
Francisco Cerundolo,22,180,0,0,1166
Francisco Cerundolo,23,0,0,0,1167
Francisco Cerundolo,24,0,0,0,1168
Francisco Cerundolo,25,0,20,0,1169
Francisco Cerundolo,26,0,20,0,1170
Francisco Cerundolo,27,0,10,0,1171
Francisco Cerundolo,28,0,0,0,1172
Francisco Cerundolo,29,90,0,0,1173
Francisco Cerundolo,30,500,0,0,1174
Francisco Cerundolo,31,0,0,0,1175
Francisco Cerundolo,32,0,0,0,1176
Francisco Cerundolo,33,0,0,25,1177
Francisco Cerundolo,34,0,0,20,1178
Francisco Cerundolo,35,0,0,45,1179
Francisco Cerundolo,36,0,0,0,1180
Francisco Cerundolo,37,0,0,0,1181
Francisco Cerundolo,38,0,0,0,1182
Francisco Cerundolo,39,0,0,45,1183
Francisco Cerundolo,40,0,0,25,1184
Francisco Cerundolo,41,0,0,0,1185
Francisco Cerundolo,42,0,0,180,1186
Francisco Cerundolo,43,0,0,20,1187
Francisco Cerundolo,44,0,0,90,1188
Francisco Cerundolo,45,0,0,90,1189
Francisco Cerundolo,46,0,0,0,1190
Francisco Cerundolo,47,0,0,0,1191
Francisco Cerundolo,48,0,0,0,1192
Francisco Cerundolo,49,0,0,0,1193
Francisco Cerundolo,50,0,0,0,1194
Francisco Cerundolo,51,0,0,0,1195
Francisco Cerundolo,52,0,0,0,1196
Francisco Comesana,1,0,0,0,1145
Francisco Comesana,2,0,0,0,1146
Francisco Comesana,3,0,0,0,1147
Francisco Comesana,4,0,0,0,1148
Francisco Comesana,5,0,0,0,1149
Francisco Comesana,6,20,0,0,1150
Francisco Comesana,7,0,0,0,1151
Francisco Comesana,8,20,0,0,1152
Francisco Comesana,9,20,0,0,1153
Francisco Comesana,10,0,0,0,1154
Francisco Comesana,11,0,0,0,1155
Francisco Comesana,12,0,0,0,1156
Francisco Comesana,13,0,0,0,1157
Francisco Comesana,14,0,0,0,1158
Francisco Comesana,15,0,0,0,1159
Francisco Comesana,16,0,0,0,1160
Francisco Comesana,17,0,0,0,1161
Francisco Comesana,18,0,0,0,1162
Francisco Comesana,19,0,0,0,1163
Francisco Comesana,20,0,0,0,1164
Francisco Comesana,21,0,0,0,1165
Francisco Comesana,22,0,0,0,1166
Francisco Comesana,23,0,0,0,1167
Francisco Comesana,24,0,0,0,1168
Francisco Comesana,25,0,0,0,1169
Francisco Comesana,26,0,0,0,1170
Francisco Comesana,27,0,90,0,1171
Francisco Comesana,28,0,0,0,1172
Francisco Comesana,29,20,0,0,1173
Francisco Comesana,30,0,0,0,1174
Francisco Comesana,31,0,0,0,1175
Francisco Comesana,32,0,0,0,1176
Francisco Comesana,33,0,0,0,1177
Francisco Comesana,34,0,0,0,1178
Francisco Comesana,35,0,0,90,1179
Francisco Comesana,36,0,0,0,1180
Francisco Comesana,37,0,0,0,1181
Francisco Comesana,38,0,0,0,1182
Francisco Comesana,39,0,0,0,1183
Francisco Comesana,40,0,0,0,1184
Francisco Comesana,41,0,0,0,1185
Francisco Comesana,42,0,0,0,1186
Francisco Comesana,43,0,0,0,1187
Francisco Comesana,44,0,0,0,1188
Francisco Comesana,45,0,0,0,1189
Francisco Comesana,46,0,0,0,1190
Francisco Comesana,47,0,0,0,1191
Francisco Comesana,48,0,0,0,1192
Francisco Comesana,49,0,0,0,1193
Francisco Comesana,50,0,0,0,1194
Francisco Comesana,51,0,0,0,1195
Francisco Comesana,52,0,0,0,1196
Gabriel Diallo,1,0,0,0,1145
Gabriel Diallo,2,0,0,0,1146
Gabriel Diallo,3,0,0,0,1147
Gabriel Diallo,4,0,0,0,1148
Gabriel Diallo,5,0,0,0,1149
Gabriel Diallo,6,0,0,0,1150
Gabriel Diallo,7,0,0,20,1151
Gabriel Diallo,8,0,0,0,1152
Gabriel Diallo,9,0,0,0,1153
Gabriel Diallo,10,0,0,0,1154
Gabriel Diallo,11,0,0,0,1155
Gabriel Diallo,12,0,0,0,1156
Gabriel Diallo,13,0,0,0,1157
Gabriel Diallo,14,0,0,0,1158
Gabriel Diallo,15,0,0,0,1159
Gabriel Diallo,16,0,0,0,1160
Gabriel Diallo,17,0,0,0,1161
Gabriel Diallo,18,0,0,0,1162
Gabriel Diallo,19,0,0,0,1163
Gabriel Diallo,20,0,0,0,1164
Gabriel Diallo,21,0,0,0,1165
Gabriel Diallo,22,10,0,0,1166
Gabriel Diallo,23,0,0,0,1167
Gabriel Diallo,24,0,0,0,1168
Gabriel Diallo,25,0,0,0,1169
Gabriel Diallo,26,0,0,0,1170
Gabriel Diallo,27,0,0,0,1171
Gabriel Diallo,28,0,0,0,1172
Gabriel Diallo,29,0,20,0,1173
Gabriel Diallo,30,0,0,0,1174
Gabriel Diallo,31,0,0,0,1175
Gabriel Diallo,32,0,0,25,1176
Gabriel Diallo,33,0,0,0,1177
Gabriel Diallo,34,0,0,0,1178
Gabriel Diallo,35,0,0,90,1179
Gabriel Diallo,36,0,0,0,1180
Gabriel Diallo,37,0,0,0,1181
Gabriel Diallo,38,0,0,0,1182
Gabriel Diallo,39,0,0,0,1183
Gabriel Diallo,40,0,0,10,1184
Gabriel Diallo,41,0,0,0,1185
Gabriel Diallo,42,0,0,600,1186
Gabriel Diallo,43,0,0,0,1187
Gabriel Diallo,44,0,0,0,1188
Gabriel Diallo,45,0,0,0,1189
Gabriel Diallo,46,0,0,0,1190
Gabriel Diallo,47,0,0,0,1191
Gabriel Diallo,48,0,0,0,1192
Gabriel Diallo,49,0,0,0,1193
Gabriel Diallo,50,0,0,0,1194
Gabriel Diallo,51,0,0,0,1195
Gabriel Diallo,52,0,0,0,1196
Gael Monfils,1,0,0,0,1145
Gael Monfils,2,0,0,20,1146
Gael Monfils,3,0,0,45,1147
Gael Monfils,4,0,0,0,1148
Gael Monfils,5,0,0,20,1149
Gael Monfils,6,0,0,0,1150
Gael Monfils,7,0,0,45,1151
Gael Monfils,8,0,0,180,1152
Gael Monfils,9,0,0,20,1153
Gael Monfils,10,0,0,90,1154
Gael Monfils,11,0,0,0,1155
Gael Monfils,12,0,0,45,1156
Gael Monfils,13,0,0,0,1157
Gael Monfils,14,45,0,0,1158
Gael Monfils,15,45,0,0,1159
Gael Monfils,16,0,0,0,1160
Gael Monfils,17,10,0,0,1161
Gael Monfils,18,0,0,0,1162
Gael Monfils,19,10,0,0,1163
Gael Monfils,20,0,0,0,1164
Gael Monfils,21,0,0,0,1165
Gael Monfils,22,45,0,0,1166
Gael Monfils,23,0,0,0,1167
Gael Monfils,24,0,0,0,1168
Gael Monfils,25,0,0,0,1169
Gael Monfils,26,0,180,0,1170
Gael Monfils,27,0,90,0,1171
Gael Monfils,28,0,0,0,1172
Gael Monfils,29,0,0,0,1173
Gael Monfils,30,0,0,0,1174
Gael Monfils,31,0,0,0,1175
Gael Monfils,32,0,0,25,1176
Gael Monfils,33,0,0,90,1177
Gael Monfils,34,0,0,0,1178
Gael Monfils,35,0,0,45,1179
Gael Monfils,36,0,0,0,1180
Gael Monfils,37,0,0,0,1181
Gael Monfils,38,0,0,0,1182
Gael Monfils,39,0,0,20,1183
Gael Monfils,40,0,0,90,1184
Gael Monfils,41,0,0,0,1185
Gael Monfils,42,0,0,0,1186
Gael Monfils,43,0,0,45,1187
Gael Monfils,44,0,0,0,1188
Gael Monfils,45,0,0,0,1189
Gael Monfils,46,0,0,0,1190
Gael Monfils,47,0,0,0,1191
Gael Monfils,48,0,0,0,1192
Gael Monfils,49,0,0,0,1193
Gael Monfils,50,0,0,0,1194
Gael Monfils,51,0,0,0,1195
Gael Monfils,52,0,0,0,1196
Gijs Brouwer,1,0,0,0,1145
Gijs Brouwer,2,0,0,0,1146
Gijs Brouwer,3,0,0,0,1147
Gijs Brouwer,4,0,0,0,1148
Gijs Brouwer,5,0,0,0,1149
Gijs Brouwer,6,0,0,0,1150
Gijs Brouwer,7,0,0,0,1151
Gijs Brouwer,8,0,0,0,1152
Gijs Brouwer,9,0,0,0,1153
Gijs Brouwer,10,0,0,0,1154
Gijs Brouwer,11,0,0,0,1155
Gijs Brouwer,12,0,0,0,1156
Gijs Brouwer,13,0,0,0,1157
Gijs Brouwer,14,20,0,0,1158
Gijs Brouwer,15,0,0,0,1159
Gijs Brouwer,16,0,0,0,1160
Gijs Brouwer,17,0,0,0,1161
Gijs Brouwer,18,0,0,0,1162
Gijs Brouwer,19,0,0,0,1163
Gijs Brouwer,20,0,0,0,1164
Gijs Brouwer,21,0,0,0,1165
Gijs Brouwer,22,0,0,0,1166
Gijs Brouwer,23,0,0,0,1167
Gijs Brouwer,24,0,90,0,1168
Gijs Brouwer,25,0,0,0,1169
Gijs Brouwer,26,0,20,0,1170
Gijs Brouwer,27,0,0,0,1171
Gijs Brouwer,28,0,0,0,1172
Gijs Brouwer,29,0,0,0,1173
Gijs Brouwer,30,0,0,0,1174
Gijs Brouwer,31,0,0,0,1175
Gijs Brouwer,32,0,0,0,1176
Gijs Brouwer,33,0,0,0,1177
Gijs Brouwer,34,0,0,0,1178
Gijs Brouwer,35,0,0,0,1179
Gijs Brouwer,36,0,0,0,1180
Gijs Brouwer,37,0,0,0,1181
Gijs Brouwer,38,0,0,0,1182
Gijs Brouwer,39,0,0,0,1183
Gijs Brouwer,40,0,0,0,1184
Gijs Brouwer,41,0,0,0,1185
Gijs Brouwer,42,0,0,0,1186
Gijs Brouwer,43,0,0,0,1187
Gijs Brouwer,44,0,0,0,1188
Gijs Brouwer,45,0,0,0,1189
Gijs Brouwer,46,0,0,0,1190
Gijs Brouwer,47,0,0,0,1191
Gijs Brouwer,48,0,0,0,1192
Gijs Brouwer,49,0,0,0,1193
Gijs Brouwer,50,0,0,0,1194
Gijs Brouwer,51,0,0,0,1195
Gijs Brouwer,52,0,0,0,1196
Giles Hussey,1,0,0,0,1145
Giles Hussey,2,0,0,0,1146
Giles Hussey,3,0,0,0,1147
Giles Hussey,4,0,0,0,1148
Giles Hussey,5,0,0,0,1149
Giles Hussey,6,0,0,0,1150
Giles Hussey,7,0,0,0,1151
Giles Hussey,8,0,0,0,1152
Giles Hussey,9,0,0,0,1153
Giles Hussey,10,0,0,0,1154
Giles Hussey,11,0,0,0,1155
Giles Hussey,12,0,0,0,1156
Giles Hussey,13,0,0,0,1157
Giles Hussey,14,0,0,0,1158
Giles Hussey,15,0,0,0,1159
Giles Hussey,16,0,0,0,1160
Giles Hussey,17,0,0,0,1161
Giles Hussey,18,0,0,0,1162
Giles Hussey,19,0,0,0,1163
Giles Hussey,20,0,0,0,1164
Giles Hussey,21,0,0,0,1165
Giles Hussey,22,0,0,0,1166
Giles Hussey,23,0,0,0,1167
Giles Hussey,24,0,0,0,1168
Giles Hussey,25,0,0,0,1169
Giles Hussey,26,0,45,0,1170
Giles Hussey,27,0,0,0,1171
Giles Hussey,28,0,0,0,1172
Giles Hussey,29,0,0,0,1173
Giles Hussey,30,0,0,0,1174
Giles Hussey,31,0,0,0,1175
Giles Hussey,32,0,0,0,1176
Giles Hussey,33,0,0,0,1177
Giles Hussey,34,0,0,0,1178
Giles Hussey,35,0,0,0,1179
Giles Hussey,36,0,0,0,1180
Giles Hussey,37,0,0,0,1181
Giles Hussey,38,0,0,0,1182
Giles Hussey,39,0,0,0,1183
Giles Hussey,40,0,0,0,1184
Giles Hussey,41,0,0,0,1185
Giles Hussey,42,0,0,0,1186
Giles Hussey,43,0,0,0,1187
Giles Hussey,44,0,0,0,1188
Giles Hussey,45,0,0,0,1189
Giles Hussey,46,0,0,0,1190
Giles Hussey,47,0,0,0,1191
Giles Hussey,48,0,0,0,1192
Giles Hussey,49,0,0,0,1193
Giles Hussey,50,0,0,0,1194
Giles Hussey,51,0,0,0,1195
Giles Hussey,52,0,0,0,1196
Gilles Arnaud Bailly,1,0,0,0,1145
Gilles Arnaud Bailly,2,0,0,0,1146
Gilles Arnaud Bailly,3,0,0,0,1147
Gilles Arnaud Bailly,4,0,0,0,1148
Gilles Arnaud Bailly,5,0,0,0,1149
Gilles Arnaud Bailly,6,0,0,0,1150
Gilles Arnaud Bailly,7,0,0,0,1151
Gilles Arnaud Bailly,8,0,0,0,1152
Gilles Arnaud Bailly,9,0,0,0,1153
Gilles Arnaud Bailly,10,0,0,0,1154
Gilles Arnaud Bailly,11,0,0,0,1155
Gilles Arnaud Bailly,12,0,0,0,1156
Gilles Arnaud Bailly,13,0,0,0,1157
Gilles Arnaud Bailly,14,0,0,0,1158
Gilles Arnaud Bailly,15,0,0,0,1159
Gilles Arnaud Bailly,16,0,0,0,1160
Gilles Arnaud Bailly,17,0,0,0,1161
Gilles Arnaud Bailly,18,0,0,0,1162
Gilles Arnaud Bailly,19,0,0,0,1163
Gilles Arnaud Bailly,20,0,0,0,1164
Gilles Arnaud Bailly,21,0,0,0,1165
Gilles Arnaud Bailly,22,0,0,0,1166
Gilles Arnaud Bailly,23,0,0,0,1167
Gilles Arnaud Bailly,24,0,0,0,1168
Gilles Arnaud Bailly,25,0,0,0,1169
Gilles Arnaud Bailly,26,0,0,0,1170
Gilles Arnaud Bailly,27,0,0,0,1171
Gilles Arnaud Bailly,28,0,0,0,1172
Gilles Arnaud Bailly,29,0,0,0,1173
Gilles Arnaud Bailly,30,0,0,0,1174
Gilles Arnaud Bailly,31,0,0,0,1175
Gilles Arnaud Bailly,32,0,0,0,1176
Gilles Arnaud Bailly,33,0,0,0,1177
Gilles Arnaud Bailly,34,0,0,0,1178
Gilles Arnaud Bailly,35,0,0,0,1179
Gilles Arnaud Bailly,36,0,0,0,1180
Gilles Arnaud Bailly,37,0,0,0,1181
Gilles Arnaud Bailly,38,0,0,0,1182
Gilles Arnaud Bailly,39,0,0,0,1183
Gilles Arnaud Bailly,40,0,0,0,1184
Gilles Arnaud Bailly,41,0,0,0,1185
Gilles Arnaud Bailly,42,0,0,20,1186
Gilles Arnaud Bailly,43,0,0,0,1187
Gilles Arnaud Bailly,44,0,0,0,1188
Gilles Arnaud Bailly,45,0,0,0,1189
Gilles Arnaud Bailly,46,0,0,0,1190
Gilles Arnaud Bailly,47,0,0,0,1191
Gilles Arnaud Bailly,48,0,0,0,1192
Gilles Arnaud Bailly,49,0,0,0,1193
Gilles Arnaud Bailly,50,0,0,0,1194
Gilles Arnaud Bailly,51,0,0,0,1195
Gilles Arnaud Bailly,52,0,0,0,1196
Giovanni Mpetshi Perricard,1,0,0,0,1145
Giovanni Mpetshi Perricard,2,0,0,0,1146
Giovanni Mpetshi Perricard,3,0,0,0,1147
Giovanni Mpetshi Perricard,4,0,0,0,1148
Giovanni Mpetshi Perricard,5,0,0,0,1149
Giovanni Mpetshi Perricard,6,0,0,0,1150
Giovanni Mpetshi Perricard,7,0,0,0,1151
Giovanni Mpetshi Perricard,8,0,0,0,1152
Giovanni Mpetshi Perricard,9,0,0,0,1153
Giovanni Mpetshi Perricard,10,0,0,0,1154
Giovanni Mpetshi Perricard,11,0,0,0,1155
Giovanni Mpetshi Perricard,12,0,0,0,1156
Giovanni Mpetshi Perricard,13,0,0,0,1157
Giovanni Mpetshi Perricard,14,0,0,0,1158
Giovanni Mpetshi Perricard,15,0,0,0,1159
Giovanni Mpetshi Perricard,16,0,0,0,1160
Giovanni Mpetshi Perricard,17,0,0,0,1161
Giovanni Mpetshi Perricard,18,0,0,0,1162
Giovanni Mpetshi Perricard,19,0,0,0,1163
Giovanni Mpetshi Perricard,20,0,0,0,1164
Giovanni Mpetshi Perricard,21,500,0,0,1165
Giovanni Mpetshi Perricard,22,10,0,0,1166
Giovanni Mpetshi Perricard,23,0,0,0,1167
Giovanni Mpetshi Perricard,24,0,20,0,1168
Giovanni Mpetshi Perricard,25,0,45,0,1169
Giovanni Mpetshi Perricard,26,0,0,0,1170
Giovanni Mpetshi Perricard,27,0,180,0,1171
Giovanni Mpetshi Perricard,28,0,0,0,1172
Giovanni Mpetshi Perricard,29,0,0,0,1173
Giovanni Mpetshi Perricard,30,0,0,0,1174
Giovanni Mpetshi Perricard,31,0,0,45,1175
Giovanni Mpetshi Perricard,32,0,0,0,1176
Giovanni Mpetshi Perricard,33,0,0,25,1177
Giovanni Mpetshi Perricard,34,0,0,0,1178
Giovanni Mpetshi Perricard,35,0,0,10,1179
Giovanni Mpetshi Perricard,36,0,0,0,1180
Giovanni Mpetshi Perricard,37,0,0,0,1181
Giovanni Mpetshi Perricard,38,0,0,45,1182
Giovanni Mpetshi Perricard,39,0,0,20,1183
Giovanni Mpetshi Perricard,40,0,0,10,1184
Giovanni Mpetshi Perricard,41,0,0,0,1185
Giovanni Mpetshi Perricard,42,0,0,20,1186
Giovanni Mpetshi Perricard,43,0,0,500,1187
Giovanni Mpetshi Perricard,44,0,0,45,1188
Giovanni Mpetshi Perricard,45,0,0,0,1189
Giovanni Mpetshi Perricard,46,0,0,0,1190
Giovanni Mpetshi Perricard,47,0,0,0,1191
Giovanni Mpetshi Perricard,48,0,0,0,1192
Giovanni Mpetshi Perricard,49,0,0,0,1193
Giovanni Mpetshi Perricard,50,0,0,0,1194
Giovanni Mpetshi Perricard,51,0,0,0,1195
Giovanni Mpetshi Perricard,52,0,0,0,1196
Giulio Zeppieri,1,0,0,0,1145
Giulio Zeppieri,2,0,0,0,1146
Giulio Zeppieri,3,0,0,45,1147
Giulio Zeppieri,4,0,0,0,1148
Giulio Zeppieri,5,0,0,0,1149
Giulio Zeppieri,6,0,0,20,1150
Giulio Zeppieri,7,0,0,0,1151
Giulio Zeppieri,8,0,0,20,1152
Giulio Zeppieri,9,0,0,0,1153
Giulio Zeppieri,10,0,0,0,1154
Giulio Zeppieri,11,0,0,0,1155
Giulio Zeppieri,12,0,0,0,1156
Giulio Zeppieri,13,0,0,0,1157
Giulio Zeppieri,14,0,0,0,1158
Giulio Zeppieri,15,0,0,0,1159
Giulio Zeppieri,16,0,0,0,1160
Giulio Zeppieri,17,0,0,0,1161
Giulio Zeppieri,18,0,0,0,1162
Giulio Zeppieri,19,10,0,0,1163
Giulio Zeppieri,20,0,0,0,1164
Giulio Zeppieri,21,0,0,0,1165
Giulio Zeppieri,22,45,0,0,1166
Giulio Zeppieri,23,0,0,0,1167
Giulio Zeppieri,24,0,0,0,1168
Giulio Zeppieri,25,0,0,0,1169
Giulio Zeppieri,26,0,0,0,1170
Giulio Zeppieri,27,0,0,0,1171
Giulio Zeppieri,28,0,0,0,1172
Giulio Zeppieri,29,0,0,0,1173
Giulio Zeppieri,30,0,0,0,1174
Giulio Zeppieri,31,0,0,0,1175
Giulio Zeppieri,32,0,0,0,1176
Giulio Zeppieri,33,0,0,0,1177
Giulio Zeppieri,34,0,0,0,1178
Giulio Zeppieri,35,0,0,0,1179
Giulio Zeppieri,36,0,0,0,1180
Giulio Zeppieri,37,0,0,0,1181
Giulio Zeppieri,38,0,0,0,1182
Giulio Zeppieri,39,0,0,0,1183
Giulio Zeppieri,40,0,0,0,1184
Giulio Zeppieri,41,0,0,0,1185
Giulio Zeppieri,42,0,0,0,1186
Giulio Zeppieri,43,0,0,0,1187
Giulio Zeppieri,44,0,0,0,1188
Giulio Zeppieri,45,0,0,0,1189
Giulio Zeppieri,46,0,0,0,1190
Giulio Zeppieri,47,0,0,0,1191
Giulio Zeppieri,48,0,0,0,1192
Giulio Zeppieri,49,0,0,0,1193
Giulio Zeppieri,50,0,0,0,1194
Giulio Zeppieri,51,0,0,0,1195
Giulio Zeppieri,52,0,0,0,1196
Gregoire Barrere,1,0,0,0,1145
Gregoire Barrere,2,0,0,0,1146
Gregoire Barrere,3,0,0,10,1147
Gregoire Barrere,4,0,0,0,1148
Gregoire Barrere,5,0,0,45,1149
Gregoire Barrere,6,0,0,20,1150
Gregoire Barrere,7,0,0,0,1151
Gregoire Barrere,8,0,0,0,1152
Gregoire Barrere,9,0,0,0,1153
Gregoire Barrere,10,0,0,0,1154
Gregoire Barrere,11,0,0,0,1155
Gregoire Barrere,12,0,0,0,1156
Gregoire Barrere,13,0,0,0,1157
Gregoire Barrere,14,0,0,0,1158
Gregoire Barrere,15,0,0,0,1159
Gregoire Barrere,16,180,0,0,1160
Gregoire Barrere,17,0,0,0,1161
Gregoire Barrere,18,0,0,0,1162
Gregoire Barrere,19,10,0,0,1163
Gregoire Barrere,20,0,0,0,1164
Gregoire Barrere,21,0,0,0,1165
Gregoire Barrere,22,10,0,0,1166
Gregoire Barrere,23,0,0,0,1167
Gregoire Barrere,24,0,0,0,1168
Gregoire Barrere,25,0,0,0,1169
Gregoire Barrere,26,0,0,0,1170
Gregoire Barrere,27,0,0,0,1171
Gregoire Barrere,28,0,0,0,1172
Gregoire Barrere,29,20,0,0,1173
Gregoire Barrere,30,0,0,0,1174
Gregoire Barrere,31,0,0,0,1175
Gregoire Barrere,32,0,0,0,1176
Gregoire Barrere,33,0,0,0,1177
Gregoire Barrere,34,0,0,0,1178
Gregoire Barrere,35,0,0,0,1179
Gregoire Barrere,36,0,0,0,1180
Gregoire Barrere,37,0,0,0,1181
Gregoire Barrere,38,0,0,0,1182
Gregoire Barrere,39,0,0,0,1183
Gregoire Barrere,40,0,0,0,1184
Gregoire Barrere,41,0,0,0,1185
Gregoire Barrere,42,0,0,0,1186
Gregoire Barrere,43,0,0,0,1187
Gregoire Barrere,44,0,0,0,1188
Gregoire Barrere,45,0,0,20,1189
Gregoire Barrere,46,0,0,0,1190
Gregoire Barrere,47,0,0,0,1191
Gregoire Barrere,48,0,0,0,1192
Gregoire Barrere,49,0,0,0,1193
Gregoire Barrere,50,0,0,0,1194
Gregoire Barrere,51,0,0,0,1195
Gregoire Barrere,52,0,0,0,1196
Grigor Dimitrov,1,0,0,500,1145
Grigor Dimitrov,2,0,0,0,1146
Grigor Dimitrov,3,0,0,90,1147
Grigor Dimitrov,4,0,0,0,1148
Grigor Dimitrov,5,0,0,0,1149
Grigor Dimitrov,6,0,0,600,1150
Grigor Dimitrov,7,0,0,180,1151
Grigor Dimitrov,8,0,0,0,1152
Grigor Dimitrov,9,0,0,0,1153
Grigor Dimitrov,10,0,0,90,1154
Grigor Dimitrov,11,0,0,0,1155
Grigor Dimitrov,12,0,0,1200,1156
Grigor Dimitrov,13,0,0,0,1157
Grigor Dimitrov,14,0,0,0,1158
Grigor Dimitrov,15,90,0,0,1159
Grigor Dimitrov,16,0,0,0,1160
Grigor Dimitrov,17,25,0,0,1161
Grigor Dimitrov,18,0,0,0,1162
Grigor Dimitrov,19,90,0,0,1163
Grigor Dimitrov,20,0,0,0,1164
Grigor Dimitrov,21,0,0,0,1165
Grigor Dimitrov,22,360,0,0,1166
Grigor Dimitrov,23,0,0,0,1167
Grigor Dimitrov,24,0,0,0,1168
Grigor Dimitrov,25,0,45,0,1169
Grigor Dimitrov,26,0,0,0,1170
Grigor Dimitrov,27,0,180,0,1171
Grigor Dimitrov,28,0,0,0,1172
Grigor Dimitrov,29,0,0,0,1173
Grigor Dimitrov,30,0,0,0,1174
Grigor Dimitrov,31,0,0,0,1175
Grigor Dimitrov,32,0,0,90,1176
Grigor Dimitrov,33,0,0,45,1177
Grigor Dimitrov,34,0,0,0,1178
Grigor Dimitrov,35,0,0,360,1179
Grigor Dimitrov,36,0,0,0,1180
Grigor Dimitrov,37,0,0,0,1181
Grigor Dimitrov,38,0,0,0,1182
Grigor Dimitrov,39,0,0,0,1183
Grigor Dimitrov,40,0,0,90,1184
Grigor Dimitrov,41,0,0,0,1185
Grigor Dimitrov,42,0,0,600,1186
Grigor Dimitrov,43,0,0,45,1187
Grigor Dimitrov,44,0,0,180,1188
Grigor Dimitrov,45,0,0,0,1189
Grigor Dimitrov,46,0,0,0,1190
Grigor Dimitrov,47,0,0,0,1191
Grigor Dimitrov,48,0,0,0,1192
Grigor Dimitrov,49,0,0,0,1193
Grigor Dimitrov,50,0,0,0,1194
Grigor Dimitrov,51,0,0,0,1195
Grigor Dimitrov,52,0,0,0,1196
Guido Andreozzi,1,0,0,0,1145
Guido Andreozzi,2,0,0,0,1146
Guido Andreozzi,3,0,0,0,1147
Guido Andreozzi,4,0,0,0,1148
Guido Andreozzi,5,0,0,0,1149
Guido Andreozzi,6,0,0,0,1150
Guido Andreozzi,7,0,0,0,1151
Guido Andreozzi,8,0,0,0,1152
Guido Andreozzi,9,0,0,0,1153
Guido Andreozzi,10,0,0,0,1154
Guido Andreozzi,11,0,0,0,1155
Guido Andreozzi,12,0,0,0,1156
Guido Andreozzi,13,0,0,0,1157
Guido Andreozzi,14,0,0,0,1158
Guido Andreozzi,15,0,0,0,1159
Guido Andreozzi,16,0,0,0,1160
Guido Andreozzi,17,0,0,0,1161
Guido Andreozzi,18,0,0,0,1162
Guido Andreozzi,19,0,0,0,1163
Guido Andreozzi,20,0,0,0,1164
Guido Andreozzi,21,0,0,0,1165
Guido Andreozzi,22,0,0,0,1166
Guido Andreozzi,23,0,0,0,1167
Guido Andreozzi,24,0,0,0,1168
Guido Andreozzi,25,0,0,0,1169
Guido Andreozzi,26,0,0,0,1170
Guido Andreozzi,27,0,0,0,1171
Guido Andreozzi,28,0,0,0,1172
Guido Andreozzi,29,0,0,0,1173
Guido Andreozzi,30,20,0,0,1174
Guido Andreozzi,31,0,0,0,1175
Guido Andreozzi,32,0,0,0,1176
Guido Andreozzi,33,0,0,0,1177
Guido Andreozzi,34,0,0,0,1178
Guido Andreozzi,35,0,0,0,1179
Guido Andreozzi,36,0,0,0,1180
Guido Andreozzi,37,0,0,0,1181
Guido Andreozzi,38,0,0,0,1182
Guido Andreozzi,39,0,0,0,1183
Guido Andreozzi,40,0,0,0,1184
Guido Andreozzi,41,0,0,0,1185
Guido Andreozzi,42,0,0,0,1186
Guido Andreozzi,43,0,0,0,1187
Guido Andreozzi,44,0,0,0,1188
Guido Andreozzi,45,0,0,0,1189
Guido Andreozzi,46,0,0,0,1190
Guido Andreozzi,47,0,0,0,1191
Guido Andreozzi,48,0,0,0,1192
Guido Andreozzi,49,0,0,0,1193
Guido Andreozzi,50,0,0,0,1194
Guido Andreozzi,51,0,0,0,1195
Guido Andreozzi,52,0,0,0,1196
Gustavo Heide,1,0,0,0,1145
Gustavo Heide,2,0,0,0,1146
Gustavo Heide,3,0,0,0,1147
Gustavo Heide,4,0,0,0,1148
Gustavo Heide,5,0,0,0,1149
Gustavo Heide,6,0,0,0,1150
Gustavo Heide,7,0,0,0,1151
Gustavo Heide,8,20,0,0,1152
Gustavo Heide,9,0,0,0,1153
Gustavo Heide,10,0,0,0,1154
Gustavo Heide,11,0,0,0,1155
Gustavo Heide,12,0,0,0,1156
Gustavo Heide,13,0,0,0,1157
Gustavo Heide,14,0,0,0,1158
Gustavo Heide,15,0,0,0,1159
Gustavo Heide,16,0,0,0,1160
Gustavo Heide,17,0,0,0,1161
Gustavo Heide,18,0,0,0,1162
Gustavo Heide,19,0,0,0,1163
Gustavo Heide,20,0,0,0,1164
Gustavo Heide,21,0,0,0,1165
Gustavo Heide,22,10,0,0,1166
Gustavo Heide,23,0,0,0,1167
Gustavo Heide,24,0,0,0,1168
Gustavo Heide,25,0,0,0,1169
Gustavo Heide,26,0,0,0,1170
Gustavo Heide,27,0,0,0,1171
Gustavo Heide,28,0,0,0,1172
Gustavo Heide,29,90,0,0,1173
Gustavo Heide,30,45,0,0,1174
Gustavo Heide,31,0,0,0,1175
Gustavo Heide,32,0,0,0,1176
Gustavo Heide,33,0,0,0,1177
Gustavo Heide,34,0,0,0,1178
Gustavo Heide,35,0,0,0,1179
Gustavo Heide,36,0,0,0,1180
Gustavo Heide,37,0,0,0,1181
Gustavo Heide,38,0,0,0,1182
Gustavo Heide,39,0,0,0,1183
Gustavo Heide,40,0,0,0,1184
Gustavo Heide,41,0,0,0,1185
Gustavo Heide,42,0,0,0,1186
Gustavo Heide,43,0,0,0,1187
Gustavo Heide,44,0,0,0,1188
Gustavo Heide,45,0,0,0,1189
Gustavo Heide,46,0,0,0,1190
Gustavo Heide,47,0,0,0,1191
Gustavo Heide,48,0,0,0,1192
Gustavo Heide,49,0,0,0,1193
Gustavo Heide,50,0,0,0,1194
Gustavo Heide,51,0,0,0,1195
Gustavo Heide,52,0,0,0,1196
Hady Habib,1,0,0,0,1145
Hady Habib,2,0,0,0,1146
Hady Habib,3,0,0,0,1147
Hady Habib,4,0,0,0,1148
Hady Habib,5,0,0,0,1149
Hady Habib,6,0,0,0,1150
Hady Habib,7,0,0,0,1151
Hady Habib,8,0,0,0,1152
Hady Habib,9,0,0,0,1153
Hady Habib,10,0,0,0,1154
Hady Habib,11,0,0,0,1155
Hady Habib,12,0,0,0,1156
Hady Habib,13,0,0,0,1157
Hady Habib,14,0,0,0,1158
Hady Habib,15,0,0,0,1159
Hady Habib,16,0,0,0,1160
Hady Habib,17,0,0,0,1161
Hady Habib,18,0,0,0,1162
Hady Habib,19,0,0,0,1163
Hady Habib,20,0,0,0,1164
Hady Habib,21,0,0,0,1165
Hady Habib,22,0,0,0,1166
Hady Habib,23,0,0,0,1167
Hady Habib,24,0,0,0,1168
Hady Habib,25,0,0,0,1169
Hady Habib,26,0,0,0,1170
Hady Habib,27,0,0,0,1171
Hady Habib,28,0,0,0,1172
Hady Habib,29,0,0,0,1173
Hady Habib,30,0,0,0,1174
Hady Habib,31,0,0,0,1175
Hady Habib,32,0,0,0,1176
Hady Habib,33,0,0,0,1177
Hady Habib,34,0,0,0,1178
Hady Habib,35,0,0,0,1179
Hady Habib,36,0,0,0,1180
Hady Habib,37,0,0,0,1181
Hady Habib,38,0,0,0,1182
Hady Habib,39,0,0,0,1183
Hady Habib,40,0,0,0,1184
Hady Habib,41,0,0,0,1185
Hady Habib,42,0,0,0,1186
Hady Habib,43,0,0,0,1187
Hady Habib,44,0,0,0,1188
Hady Habib,45,0,0,0,1189
Hady Habib,46,0,0,0,1190
Hady Habib,47,0,0,0,1191
Hady Habib,48,0,0,0,1192
Hady Habib,49,0,0,0,1193
Hady Habib,50,0,0,0,1194
Hady Habib,51,0,0,0,1195
Hady Habib,52,0,0,0,1196
Hamad Medjedovic,1,0,0,0,1145
Hamad Medjedovic,2,0,0,0,1146
Hamad Medjedovic,3,0,0,0,1147
Hamad Medjedovic,4,0,0,0,1148
Hamad Medjedovic,5,0,0,0,1149
Hamad Medjedovic,6,0,0,0,1150
Hamad Medjedovic,7,0,0,0,1151
Hamad Medjedovic,8,0,0,0,1152
Hamad Medjedovic,9,0,0,0,1153
Hamad Medjedovic,10,0,0,0,1154
Hamad Medjedovic,11,0,0,0,1155
Hamad Medjedovic,12,0,0,0,1156
Hamad Medjedovic,13,0,0,0,1157
Hamad Medjedovic,14,0,0,0,1158
Hamad Medjedovic,15,0,0,0,1159
Hamad Medjedovic,16,0,0,0,1160
Hamad Medjedovic,17,25,0,0,1161
Hamad Medjedovic,18,0,0,0,1162
Hamad Medjedovic,19,45,0,0,1163
Hamad Medjedovic,20,0,0,0,1164
Hamad Medjedovic,21,0,0,0,1165
Hamad Medjedovic,22,10,0,0,1166
Hamad Medjedovic,23,0,0,0,1167
Hamad Medjedovic,24,0,45,0,1168
Hamad Medjedovic,25,0,0,0,1169
Hamad Medjedovic,26,0,0,0,1170
Hamad Medjedovic,27,0,0,0,1171
Hamad Medjedovic,28,0,0,0,1172
Hamad Medjedovic,29,45,0,0,1173
Hamad Medjedovic,30,20,0,0,1174
Hamad Medjedovic,31,0,0,0,1175
Hamad Medjedovic,32,0,0,0,1176
Hamad Medjedovic,33,0,0,0,1177
Hamad Medjedovic,34,0,0,0,1178
Hamad Medjedovic,35,0,0,10,1179
Hamad Medjedovic,36,0,0,0,1180
Hamad Medjedovic,37,0,0,0,1181
Hamad Medjedovic,38,0,0,0,1182
Hamad Medjedovic,39,0,0,0,1183
Hamad Medjedovic,40,0,0,0,1184
Hamad Medjedovic,41,0,0,0,1185
Hamad Medjedovic,42,0,0,0,1186
Hamad Medjedovic,43,0,0,0,1187
Hamad Medjedovic,44,0,0,0,1188
Hamad Medjedovic,45,0,0,600,1189
Hamad Medjedovic,46,0,0,0,1190
Hamad Medjedovic,47,0,0,0,1191
Hamad Medjedovic,48,0,0,0,1192
Hamad Medjedovic,49,0,0,0,1193
Hamad Medjedovic,50,0,0,0,1194
Hamad Medjedovic,51,0,0,0,1195
Hamad Medjedovic,52,0,0,0,1196
Harold Mayot,1,0,0,0,1145
Harold Mayot,2,0,0,0,1146
Harold Mayot,3,0,0,0,1147
Harold Mayot,4,0,0,0,1148
Harold Mayot,5,0,0,90,1149
Harold Mayot,6,0,0,0,1150
Harold Mayot,7,0,0,0,1151
Harold Mayot,8,0,0,0,1152
Harold Mayot,9,0,0,0,1153
Harold Mayot,10,0,0,0,1154
Harold Mayot,11,0,0,0,1155
Harold Mayot,12,0,0,10,1156
Harold Mayot,13,0,0,0,1157
Harold Mayot,14,0,0,0,1158
Harold Mayot,15,0,0,0,1159
Harold Mayot,16,20,0,0,1160
Harold Mayot,17,0,0,0,1161
Harold Mayot,18,0,0,0,1162
Harold Mayot,19,10,0,0,1163
Harold Mayot,20,0,0,0,1164
Harold Mayot,21,0,0,0,1165
Harold Mayot,22,10,0,0,1166
Harold Mayot,23,0,0,0,1167
Harold Mayot,24,0,0,0,1168
Harold Mayot,25,0,0,0,1169
Harold Mayot,26,0,0,0,1170
Harold Mayot,27,0,0,0,1171
Harold Mayot,28,0,0,0,1172
Harold Mayot,29,0,20,0,1173
Harold Mayot,30,0,0,45,1174
Harold Mayot,31,0,0,0,1175
Harold Mayot,32,0,0,0,1176
Harold Mayot,33,0,0,0,1177
Harold Mayot,34,0,0,0,1178
Harold Mayot,35,0,0,0,1179
Harold Mayot,36,0,0,0,1180
Harold Mayot,37,0,0,0,1181
Harold Mayot,38,0,0,0,1182
Harold Mayot,39,0,0,0,1183
Harold Mayot,40,0,0,0,1184
Harold Mayot,41,0,0,0,1185
Harold Mayot,42,0,0,0,1186
Harold Mayot,43,0,0,0,1187
Harold Mayot,44,0,0,0,1188
Harold Mayot,45,0,0,20,1189
Harold Mayot,46,0,0,0,1190
Harold Mayot,47,0,0,0,1191
Harold Mayot,48,0,0,0,1192
Harold Mayot,49,0,0,0,1193
Harold Mayot,50,0,0,0,1194
Harold Mayot,51,0,0,0,1195
Harold Mayot,52,0,0,0,1196
Henri Squire,1,0,0,0,1145
Henri Squire,2,0,0,0,1146
Henri Squire,3,0,0,0,1147
Henri Squire,4,0,0,0,1148
Henri Squire,5,0,0,0,1149
Henri Squire,6,0,0,0,1150
Henri Squire,7,0,0,0,1151
Henri Squire,8,0,0,0,1152
Henri Squire,9,0,0,0,1153
Henri Squire,10,0,0,0,1154
Henri Squire,11,0,0,0,1155
Henri Squire,12,0,0,0,1156
Henri Squire,13,0,0,0,1157
Henri Squire,14,0,0,0,1158
Henri Squire,15,0,0,0,1159
Henri Squire,16,0,0,0,1160
Henri Squire,17,0,0,0,1161
Henri Squire,18,0,0,0,1162
Henri Squire,19,0,0,0,1163
Henri Squire,20,0,0,0,1164
Henri Squire,21,0,0,0,1165
Henri Squire,22,45,0,0,1166
Henri Squire,23,0,0,0,1167
Henri Squire,24,0,20,0,1168
Henri Squire,25,0,20,0,1169
Henri Squire,26,0,0,0,1170
Henri Squire,27,0,0,0,1171
Henri Squire,28,0,0,0,1172
Henri Squire,29,0,0,0,1173
Henri Squire,30,0,0,0,1174
Henri Squire,31,0,0,0,1175
Henri Squire,32,0,0,0,1176
Henri Squire,33,0,0,0,1177
Henri Squire,34,0,0,0,1178
Henri Squire,35,0,0,0,1179
Henri Squire,36,0,0,0,1180
Henri Squire,37,0,0,0,1181
Henri Squire,38,0,0,0,1182
Henri Squire,39,0,0,0,1183
Henri Squire,40,0,0,0,1184
Henri Squire,41,0,0,0,1185
Henri Squire,42,0,0,0,1186
Henri Squire,43,0,0,0,1187
Henri Squire,44,0,0,0,1188
Henri Squire,45,0,0,0,1189
Henri Squire,46,0,0,0,1190
Henri Squire,47,0,0,0,1191
Henri Squire,48,0,0,0,1192
Henri Squire,49,0,0,0,1193
Henri Squire,50,0,0,0,1194
Henri Squire,51,0,0,0,1195
Henri Squire,52,0,0,0,1196
Henrique Rocha,1,0,0,0,1145
Henrique Rocha,2,0,0,0,1146
Henrique Rocha,3,0,0,0,1147
Henrique Rocha,4,0,0,0,1148
Henrique Rocha,5,0,0,0,1149
Henrique Rocha,6,0,0,0,1150
Henrique Rocha,7,0,0,0,1151
Henrique Rocha,8,0,0,0,1152
Henrique Rocha,9,0,0,0,1153
Henrique Rocha,10,0,0,0,1154
Henrique Rocha,11,0,0,0,1155
Henrique Rocha,12,0,0,0,1156
Henrique Rocha,13,0,0,0,1157
Henrique Rocha,14,20,0,0,1158
Henrique Rocha,15,0,0,0,1159
Henrique Rocha,16,0,0,0,1160
Henrique Rocha,17,0,0,0,1161
Henrique Rocha,18,0,0,0,1162
Henrique Rocha,19,0,0,0,1163
Henrique Rocha,20,0,0,0,1164
Henrique Rocha,21,0,0,0,1165
Henrique Rocha,22,0,0,0,1166
Henrique Rocha,23,0,0,0,1167
Henrique Rocha,24,0,0,0,1168
Henrique Rocha,25,0,0,0,1169
Henrique Rocha,26,0,0,0,1170
Henrique Rocha,27,0,0,0,1171
Henrique Rocha,28,0,0,0,1172
Henrique Rocha,29,45,0,0,1173
Henrique Rocha,30,0,0,0,1174
Henrique Rocha,31,0,0,0,1175
Henrique Rocha,32,0,0,0,1176
Henrique Rocha,33,0,0,0,1177
Henrique Rocha,34,0,0,0,1178
Henrique Rocha,35,0,0,0,1179
Henrique Rocha,36,0,0,0,1180
Henrique Rocha,37,0,0,0,1181
Henrique Rocha,38,0,0,0,1182
Henrique Rocha,39,0,0,0,1183
Henrique Rocha,40,0,0,0,1184
Henrique Rocha,41,0,0,0,1185
Henrique Rocha,42,0,0,0,1186
Henrique Rocha,43,0,0,0,1187
Henrique Rocha,44,0,0,0,1188
Henrique Rocha,45,0,0,0,1189
Henrique Rocha,46,0,0,0,1190
Henrique Rocha,47,0,0,0,1191
Henrique Rocha,48,0,0,0,1192
Henrique Rocha,49,0,0,0,1193
Henrique Rocha,50,0,0,0,1194
Henrique Rocha,51,0,0,0,1195
Henrique Rocha,52,0,0,0,1196
Henry Searle,1,0,0,0,1145
Henry Searle,2,0,0,0,1146
Henry Searle,3,0,0,0,1147
Henry Searle,4,0,0,0,1148
Henry Searle,5,0,0,0,1149
Henry Searle,6,0,0,0,1150
Henry Searle,7,0,0,0,1151
Henry Searle,8,0,0,0,1152
Henry Searle,9,0,0,0,1153
Henry Searle,10,0,0,0,1154
Henry Searle,11,0,0,0,1155
Henry Searle,12,0,0,0,1156
Henry Searle,13,0,0,0,1157
Henry Searle,14,0,0,0,1158
Henry Searle,15,0,0,0,1159
Henry Searle,16,0,0,0,1160
Henry Searle,17,0,0,0,1161
Henry Searle,18,0,0,0,1162
Henry Searle,19,0,0,0,1163
Henry Searle,20,0,0,0,1164
Henry Searle,21,0,0,0,1165
Henry Searle,22,0,0,0,1166
Henry Searle,23,0,0,0,1167
Henry Searle,24,0,0,0,1168
Henry Searle,25,0,0,0,1169
Henry Searle,26,0,20,0,1170
Henry Searle,27,0,10,0,1171
Henry Searle,28,0,0,0,1172
Henry Searle,29,0,0,0,1173
Henry Searle,30,0,0,0,1174
Henry Searle,31,0,0,0,1175
Henry Searle,32,0,0,0,1176
Henry Searle,33,0,0,0,1177
Henry Searle,34,0,0,0,1178
Henry Searle,35,0,0,0,1179
Henry Searle,36,0,0,0,1180
Henry Searle,37,0,0,0,1181
Henry Searle,38,0,0,0,1182
Henry Searle,39,0,0,0,1183
Henry Searle,40,0,0,0,1184
Henry Searle,41,0,0,0,1185
Henry Searle,42,0,0,0,1186
Henry Searle,43,0,0,0,1187
Henry Searle,44,0,0,0,1188
Henry Searle,45,0,0,0,1189
Henry Searle,46,0,0,0,1190
Henry Searle,47,0,0,0,1191
Henry Searle,48,0,0,0,1192
Henry Searle,49,0,0,0,1193
Henry Searle,50,0,0,0,1194
Henry Searle,51,0,0,0,1195
Henry Searle,52,0,0,0,1196
Holger Rune,1,0,0,600,1145
Holger Rune,2,0,0,0,1146
Holger Rune,3,0,0,45,1147
Holger Rune,4,0,0,0,1148
Holger Rune,5,0,0,180,1149
Holger Rune,6,0,0,0,1150
Holger Rune,7,0,0,45,1151
Holger Rune,8,0,0,0,1152
Holger Rune,9,0,0,180,1153
Holger Rune,10,0,0,180,1154
Holger Rune,11,0,0,0,1155
Holger Rune,12,0,0,25,1156
Holger Rune,13,0,0,0,1157
Holger Rune,14,0,0,0,1158
Holger Rune,15,180,0,0,1159
Holger Rune,16,180,0,0,1160
Holger Rune,17,45,0,0,1161
Holger Rune,18,0,0,0,1162
Holger Rune,19,45,0,0,1163
Holger Rune,20,0,0,0,1164
Holger Rune,21,0,0,0,1165
Holger Rune,22,180,0,0,1166
Holger Rune,23,0,0,0,1167
Holger Rune,24,0,0,0,1168
Holger Rune,25,0,20,0,1169
Holger Rune,26,0,0,0,1170
Holger Rune,27,0,180,0,1171
Holger Rune,28,0,0,0,1172
Holger Rune,29,90,0,0,1173
Holger Rune,30,0,0,0,1174
Holger Rune,31,0,0,0,1175
Holger Rune,32,0,0,90,1176
Holger Rune,33,0,0,360,1177
Holger Rune,34,0,0,0,1178
Holger Rune,35,0,0,10,1179
Holger Rune,36,0,0,0,1180
Holger Rune,37,0,0,0,1181
Holger Rune,38,0,0,45,1182
Holger Rune,39,0,0,180,1183
Holger Rune,40,0,0,90,1184
Holger Rune,41,0,0,0,1185
Holger Rune,42,0,0,0,1186
Holger Rune,43,0,0,180,1187
Holger Rune,44,0,0,360,1188
Holger Rune,45,0,0,0,1189
Holger Rune,46,0,0,0,1190
Holger Rune,47,0,0,0,1191
Holger Rune,48,0,0,0,1192
Holger Rune,49,0,0,0,1193
Holger Rune,50,0,0,0,1194
Holger Rune,51,0,0,0,1195
Holger Rune,52,0,0,0,1196
Hubert Hurkacz,1,0,0,600,1145
Hubert Hurkacz,2,0,0,0,1146
Hubert Hurkacz,3,0,0,360,1147
Hubert Hurkacz,4,0,0,0,1148
Hubert Hurkacz,5,0,0,0,1149
Hubert Hurkacz,6,0,0,180,1150
Hubert Hurkacz,7,0,0,45,1151
Hubert Hurkacz,8,0,0,0,1152
Hubert Hurkacz,9,0,0,90,1153
Hubert Hurkacz,10,0,0,25,1154
Hubert Hurkacz,11,0,0,0,1155
Hubert Hurkacz,12,0,0,90,1156
Hubert Hurkacz,13,0,0,0,1157
Hubert Hurkacz,14,500,0,0,1158
Hubert Hurkacz,15,90,0,0,1159
Hubert Hurkacz,16,0,0,0,1160
Hubert Hurkacz,17,90,0,0,1161
Hubert Hurkacz,18,0,0,0,1162
Hubert Hurkacz,19,180,0,0,1163
Hubert Hurkacz,20,0,0,0,1164
Hubert Hurkacz,21,0,0,0,1165
Hubert Hurkacz,22,180,0,0,1166
Hubert Hurkacz,23,0,0,0,1167
Hubert Hurkacz,24,0,0,0,1168
Hubert Hurkacz,25,0,600,0,1169
Hubert Hurkacz,26,0,0,0,1170
Hubert Hurkacz,27,0,45,0,1171
Hubert Hurkacz,28,0,0,0,1172
Hubert Hurkacz,29,0,0,0,1173
Hubert Hurkacz,30,0,0,0,1174
Hubert Hurkacz,31,0,0,0,1175
Hubert Hurkacz,32,0,0,180,1176
Hubert Hurkacz,33,0,0,180,1177
Hubert Hurkacz,34,0,0,0,1178
Hubert Hurkacz,35,0,0,45,1179
Hubert Hurkacz,36,0,0,0,1180
Hubert Hurkacz,37,0,0,0,1181
Hubert Hurkacz,38,0,0,0,1182
Hubert Hurkacz,39,0,0,45,1183
Hubert Hurkacz,40,0,0,0,1184
Hubert Hurkacz,41,0,0,0,1185
Hubert Hurkacz,42,0,0,0,1186
Hubert Hurkacz,43,0,0,0,1187
Hubert Hurkacz,44,0,0,25,1188
Hubert Hurkacz,45,0,0,0,1189
Hubert Hurkacz,46,0,0,0,1190
Hubert Hurkacz,47,0,0,0,1191
Hubert Hurkacz,48,0,0,0,1192
Hubert Hurkacz,49,0,0,0,1193
Hubert Hurkacz,50,0,0,0,1194
Hubert Hurkacz,51,0,0,0,1195
Hubert Hurkacz,52,0,0,0,1196
Hugo Dellien,1,0,0,0,1145
Hugo Dellien,2,0,0,0,1146
Hugo Dellien,3,0,0,0,1147
Hugo Dellien,4,0,0,0,1148
Hugo Dellien,5,0,0,0,1149
Hugo Dellien,6,45,0,0,1150
Hugo Dellien,7,0,0,0,1151
Hugo Dellien,8,20,0,0,1152
Hugo Dellien,9,20,0,0,1153
Hugo Dellien,10,0,0,0,1154
Hugo Dellien,11,0,0,0,1155
Hugo Dellien,12,0,0,0,1156
Hugo Dellien,13,0,0,0,1157
Hugo Dellien,14,0,0,0,1158
Hugo Dellien,15,0,0,0,1159
Hugo Dellien,16,0,0,0,1160
Hugo Dellien,17,0,0,0,1161
Hugo Dellien,18,0,0,0,1162
Hugo Dellien,19,0,0,0,1163
Hugo Dellien,20,0,0,0,1164
Hugo Dellien,21,0,0,0,1165
Hugo Dellien,22,0,0,0,1166
Hugo Dellien,23,0,0,0,1167
Hugo Dellien,24,0,0,0,1168
Hugo Dellien,25,0,0,0,1169
Hugo Dellien,26,0,0,0,1170
Hugo Dellien,27,0,0,0,1171
Hugo Dellien,28,0,0,0,1172
Hugo Dellien,29,0,0,0,1173
Hugo Dellien,30,0,0,0,1174
Hugo Dellien,31,0,0,0,1175
Hugo Dellien,32,0,0,0,1176
Hugo Dellien,33,0,0,0,1177
Hugo Dellien,34,0,0,0,1178
Hugo Dellien,35,0,0,0,1179
Hugo Dellien,36,0,0,0,1180
Hugo Dellien,37,0,0,0,1181
Hugo Dellien,38,0,0,0,1182
Hugo Dellien,39,0,0,0,1183
Hugo Dellien,40,0,0,0,1184
Hugo Dellien,41,0,0,0,1185
Hugo Dellien,42,0,0,0,1186
Hugo Dellien,43,0,0,0,1187
Hugo Dellien,44,0,0,0,1188
Hugo Dellien,45,0,0,0,1189
Hugo Dellien,46,0,0,0,1190
Hugo Dellien,47,0,0,0,1191
Hugo Dellien,48,0,0,0,1192
Hugo Dellien,49,0,0,0,1193
Hugo Dellien,50,0,0,0,1194
Hugo Dellien,51,0,0,0,1195
Hugo Dellien,52,0,0,0,1196
Hugo Gaston,1,0,0,0,1145
Hugo Gaston,2,0,0,0,1146
Hugo Gaston,3,0,0,45,1147
Hugo Gaston,4,0,0,0,1148
Hugo Gaston,5,0,0,20,1149
Hugo Gaston,6,0,0,45,1150
Hugo Gaston,7,0,0,0,1151
Hugo Gaston,8,0,0,0,1152
Hugo Gaston,9,0,0,0,1153
Hugo Gaston,10,0,0,0,1154
Hugo Gaston,11,0,0,0,1155
Hugo Gaston,12,0,0,0,1156
Hugo Gaston,13,0,0,0,1157
Hugo Gaston,14,20,0,0,1158
Hugo Gaston,15,0,0,0,1159
Hugo Gaston,16,20,0,0,1160
Hugo Gaston,17,0,0,0,1161
Hugo Gaston,18,0,0,0,1162
Hugo Gaston,19,0,0,0,1163
Hugo Gaston,20,0,0,0,1164
Hugo Gaston,21,90,0,0,1165
Hugo Gaston,22,10,0,0,1166
Hugo Gaston,23,0,0,0,1167
Hugo Gaston,24,0,0,0,1168
Hugo Gaston,25,0,0,0,1169
Hugo Gaston,26,0,0,0,1170
Hugo Gaston,27,0,10,0,1171
Hugo Gaston,28,0,0,0,1172
Hugo Gaston,29,45,0,0,1173
Hugo Gaston,30,600,0,0,1174
Hugo Gaston,31,0,0,0,1175
Hugo Gaston,32,0,0,0,1176
Hugo Gaston,33,0,0,0,1177
Hugo Gaston,34,0,0,20,1178
Hugo Gaston,35,0,0,10,1179
Hugo Gaston,36,0,0,0,1180
Hugo Gaston,37,0,0,0,1181
Hugo Gaston,38,0,0,20,1182
Hugo Gaston,39,0,0,0,1183
Hugo Gaston,40,0,0,10,1184
Hugo Gaston,41,0,0,0,1185
Hugo Gaston,42,0,0,180,1186
Hugo Gaston,43,0,0,0,1187
Hugo Gaston,44,0,0,0,1188
Hugo Gaston,45,0,0,45,1189
Hugo Gaston,46,0,0,0,1190
Hugo Gaston,47,0,0,0,1191
Hugo Gaston,48,0,0,0,1192
Hugo Gaston,49,0,0,0,1193
Hugo Gaston,50,0,0,0,1194
Hugo Gaston,51,0,0,0,1195
Hugo Gaston,52,0,0,0,1196
Hugo Grenier,1,0,0,0,1145
Hugo Grenier,2,0,0,0,1146
Hugo Grenier,3,0,0,45,1147
Hugo Grenier,4,0,0,0,1148
Hugo Grenier,5,0,0,0,1149
Hugo Grenier,6,0,0,20,1150
Hugo Grenier,7,0,0,0,1151
Hugo Grenier,8,0,0,45,1152
Hugo Grenier,9,0,0,0,1153
Hugo Grenier,10,0,0,10,1154
Hugo Grenier,11,0,0,0,1155
Hugo Grenier,12,0,0,0,1156
Hugo Grenier,13,0,0,0,1157
Hugo Grenier,14,0,0,0,1158
Hugo Grenier,15,0,0,0,1159
Hugo Grenier,16,0,0,0,1160
Hugo Grenier,17,0,0,0,1161
Hugo Grenier,18,0,0,0,1162
Hugo Grenier,19,0,0,0,1163
Hugo Grenier,20,0,0,0,1164
Hugo Grenier,21,0,0,0,1165
Hugo Grenier,22,0,0,0,1166
Hugo Grenier,23,0,0,0,1167
Hugo Grenier,24,0,0,0,1168
Hugo Grenier,25,0,0,0,1169
Hugo Grenier,26,0,0,0,1170
Hugo Grenier,27,0,0,0,1171
Hugo Grenier,28,0,0,0,1172
Hugo Grenier,29,0,0,0,1173
Hugo Grenier,30,0,0,0,1174
Hugo Grenier,31,0,0,0,1175
Hugo Grenier,32,0,0,0,1176
Hugo Grenier,33,0,0,0,1177
Hugo Grenier,34,0,0,0,1178
Hugo Grenier,35,0,0,10,1179
Hugo Grenier,36,0,0,0,1180
Hugo Grenier,37,0,0,0,1181
Hugo Grenier,38,0,0,0,1182
Hugo Grenier,39,0,0,0,1183
Hugo Grenier,40,0,0,0,1184
Hugo Grenier,41,0,0,0,1185
Hugo Grenier,42,0,0,0,1186
Hugo Grenier,43,0,0,0,1187
Hugo Grenier,44,0,0,0,1188
Hugo Grenier,45,0,0,0,1189
Hugo Grenier,46,0,0,0,1190
Hugo Grenier,47,0,0,0,1191
Hugo Grenier,48,0,0,0,1192
Hugo Grenier,49,0,0,0,1193
Hugo Grenier,50,0,0,0,1194
Hugo Grenier,51,0,0,0,1195
Hugo Grenier,52,0,0,0,1196
Ivan Gakhov,1,0,0,0,1145
Ivan Gakhov,2,0,0,0,1146
Ivan Gakhov,3,0,0,0,1147
Ivan Gakhov,4,0,0,0,1148
Ivan Gakhov,5,0,0,0,1149
Ivan Gakhov,6,0,0,0,1150
Ivan Gakhov,7,0,0,0,1151
Ivan Gakhov,8,0,0,0,1152
Ivan Gakhov,9,0,0,0,1153
Ivan Gakhov,10,0,0,0,1154
Ivan Gakhov,11,0,0,0,1155
Ivan Gakhov,12,0,0,0,1156
Ivan Gakhov,13,0,0,0,1157
Ivan Gakhov,14,0,0,0,1158
Ivan Gakhov,15,0,0,0,1159
Ivan Gakhov,16,20,0,0,1160
Ivan Gakhov,17,0,0,0,1161
Ivan Gakhov,18,0,0,0,1162
Ivan Gakhov,19,0,0,0,1163
Ivan Gakhov,20,0,0,0,1164
Ivan Gakhov,21,0,0,0,1165
Ivan Gakhov,22,0,0,0,1166
Ivan Gakhov,23,0,0,0,1167
Ivan Gakhov,24,0,0,0,1168
Ivan Gakhov,25,0,0,0,1169
Ivan Gakhov,26,0,0,0,1170
Ivan Gakhov,27,0,0,0,1171
Ivan Gakhov,28,0,0,0,1172
Ivan Gakhov,29,0,0,0,1173
Ivan Gakhov,30,0,0,0,1174
Ivan Gakhov,31,0,0,0,1175
Ivan Gakhov,32,0,0,0,1176
Ivan Gakhov,33,0,0,0,1177
Ivan Gakhov,34,0,0,0,1178
Ivan Gakhov,35,0,0,0,1179
Ivan Gakhov,36,0,0,0,1180
Ivan Gakhov,37,0,0,0,1181
Ivan Gakhov,38,0,0,0,1182
Ivan Gakhov,39,0,0,0,1183
Ivan Gakhov,40,0,0,0,1184
Ivan Gakhov,41,0,0,0,1185
Ivan Gakhov,42,0,0,0,1186
Ivan Gakhov,43,0,0,0,1187
Ivan Gakhov,44,0,0,0,1188
Ivan Gakhov,45,0,0,0,1189
Ivan Gakhov,46,0,0,0,1190
Ivan Gakhov,47,0,0,0,1191
Ivan Gakhov,48,0,0,0,1192
Ivan Gakhov,49,0,0,0,1193
Ivan Gakhov,50,0,0,0,1194
Ivan Gakhov,51,0,0,0,1195
Ivan Gakhov,52,0,0,0,1196
J J Wolf,1,0,0,20,1145
J J Wolf,2,0,0,20,1146
J J Wolf,3,0,0,10,1147
J J Wolf,4,0,0,0,1148
J J Wolf,5,0,0,0,1149
J J Wolf,6,0,0,0,1150
J J Wolf,7,0,0,0,1151
J J Wolf,8,0,0,0,1152
J J Wolf,9,0,0,0,1153
J J Wolf,10,0,0,10,1154
J J Wolf,11,0,0,0,1155
J J Wolf,12,0,0,0,1156
J J Wolf,13,0,0,0,1157
J J Wolf,14,45,0,0,1158
J J Wolf,15,0,0,0,1159
J J Wolf,16,0,0,0,1160
J J Wolf,17,0,0,0,1161
J J Wolf,18,0,0,0,1162
J J Wolf,19,10,0,0,1163
J J Wolf,20,0,0,0,1164
J J Wolf,21,0,0,0,1165
J J Wolf,22,10,0,0,1166
J J Wolf,23,0,0,0,1167
J J Wolf,24,0,0,0,1168
J J Wolf,25,0,0,0,1169
J J Wolf,26,0,0,0,1170
J J Wolf,27,0,0,0,1171
J J Wolf,28,0,0,0,1172
J J Wolf,29,0,0,0,1173
J J Wolf,30,0,0,20,1174
J J Wolf,31,0,0,20,1175
J J Wolf,32,0,0,0,1176
J J Wolf,33,0,0,0,1177
J J Wolf,34,0,0,0,1178
J J Wolf,35,0,0,0,1179
J J Wolf,36,0,0,0,1180
J J Wolf,37,0,0,0,1181
J J Wolf,38,0,0,0,1182
J J Wolf,39,0,0,0,1183
J J Wolf,40,0,0,0,1184
J J Wolf,41,0,0,0,1185
J J Wolf,42,0,0,0,1186
J J Wolf,43,0,0,0,1187
J J Wolf,44,0,0,0,1188
J J Wolf,45,0,0,0,1189
J J Wolf,46,0,0,0,1190
J J Wolf,47,0,0,0,1191
J J Wolf,48,0,0,0,1192
J J Wolf,49,0,0,0,1193
J J Wolf,50,0,0,0,1194
J J Wolf,51,0,0,0,1195
J J Wolf,52,0,0,0,1196
Jack Draper,1,0,0,0,1145
Jack Draper,2,0,0,600,1146
Jack Draper,3,0,0,45,1147
Jack Draper,4,0,0,0,1148
Jack Draper,5,0,0,0,1149
Jack Draper,6,0,0,0,1150
Jack Draper,7,0,0,0,1151
Jack Draper,8,0,0,20,1152
Jack Draper,9,0,0,180,1153
Jack Draper,10,0,0,10,1154
Jack Draper,11,0,0,0,1155
Jack Draper,12,0,0,25,1156
Jack Draper,13,0,0,0,1157
Jack Draper,14,0,0,0,1158
Jack Draper,15,25,0,0,1159
Jack Draper,16,90,0,0,1160
Jack Draper,17,25,0,0,1161
Jack Draper,18,0,0,0,1162
Jack Draper,19,25,0,0,1163
Jack Draper,20,0,0,0,1164
Jack Draper,21,20,0,0,1165
Jack Draper,22,10,0,0,1166
Jack Draper,23,0,0,0,1167
Jack Draper,24,0,500,0,1168
Jack Draper,25,0,90,0,1169
Jack Draper,26,0,0,0,1170
Jack Draper,27,0,45,0,1171
Jack Draper,28,0,0,0,1172
Jack Draper,29,0,0,0,1173
Jack Draper,30,0,0,0,1174
Jack Draper,31,0,0,0,1175
Jack Draper,32,0,0,25,1176
Jack Draper,33,0,0,180,1177
Jack Draper,34,0,0,0,1178
Jack Draper,35,0,0,720,1179
Jack Draper,36,0,0,0,1180
Jack Draper,37,0,0,0,1181
Jack Draper,38,0,0,0,1182
Jack Draper,39,0,0,90,1183
Jack Draper,40,0,0,0,1184
Jack Draper,41,0,0,0,1185
Jack Draper,42,0,0,0,1186
Jack Draper,43,0,0,500,1187
Jack Draper,44,0,0,90,1188
Jack Draper,45,0,0,0,1189
Jack Draper,46,0,0,0,1190
Jack Draper,47,0,0,0,1191
Jack Draper,48,0,0,0,1192
Jack Draper,49,0,0,0,1193
Jack Draper,50,0,0,0,1194
Jack Draper,51,0,0,0,1195
Jack Draper,52,0,0,0,1196
Jacob Fearnley,1,0,0,0,1145
Jacob Fearnley,2,0,0,0,1146
Jacob Fearnley,3,0,0,0,1147
Jacob Fearnley,4,0,0,0,1148
Jacob Fearnley,5,0,0,0,1149
Jacob Fearnley,6,0,0,0,1150
Jacob Fearnley,7,0,0,0,1151
Jacob Fearnley,8,0,0,0,1152
Jacob Fearnley,9,0,0,0,1153
Jacob Fearnley,10,0,0,0,1154
Jacob Fearnley,11,0,0,0,1155
Jacob Fearnley,12,0,0,0,1156
Jacob Fearnley,13,0,0,0,1157
Jacob Fearnley,14,0,0,0,1158
Jacob Fearnley,15,0,0,0,1159
Jacob Fearnley,16,0,0,0,1160
Jacob Fearnley,17,0,0,0,1161
Jacob Fearnley,18,0,0,0,1162
Jacob Fearnley,19,0,0,0,1163
Jacob Fearnley,20,0,0,0,1164
Jacob Fearnley,21,0,0,0,1165
Jacob Fearnley,22,0,0,0,1166
Jacob Fearnley,23,0,0,0,1167
Jacob Fearnley,24,0,0,0,1168
Jacob Fearnley,25,0,0,0,1169
Jacob Fearnley,26,0,20,0,1170
Jacob Fearnley,27,0,45,0,1171
Jacob Fearnley,28,0,0,0,1172
Jacob Fearnley,29,0,0,0,1173
Jacob Fearnley,30,0,0,0,1174
Jacob Fearnley,31,0,0,0,1175
Jacob Fearnley,32,0,0,0,1176
Jacob Fearnley,33,0,0,0,1177
Jacob Fearnley,34,0,0,0,1178
Jacob Fearnley,35,0,0,0,1179
Jacob Fearnley,36,0,0,0,1180
Jacob Fearnley,37,0,0,0,1181
Jacob Fearnley,38,0,0,0,1182
Jacob Fearnley,39,0,0,0,1183
Jacob Fearnley,40,0,0,0,1184
Jacob Fearnley,41,0,0,0,1185
Jacob Fearnley,42,0,0,45,1186
Jacob Fearnley,43,0,0,0,1187
Jacob Fearnley,44,0,0,0,1188
Jacob Fearnley,45,0,0,0,1189
Jacob Fearnley,46,0,0,0,1190
Jacob Fearnley,47,0,0,0,1191
Jacob Fearnley,48,0,0,0,1192
Jacob Fearnley,49,0,0,0,1193
Jacob Fearnley,50,0,0,0,1194
Jacob Fearnley,51,0,0,0,1195
Jacob Fearnley,52,0,0,0,1196
Jaime Faria,1,0,0,0,1145
Jaime Faria,2,0,0,0,1146
Jaime Faria,3,0,0,0,1147
Jaime Faria,4,0,0,0,1148
Jaime Faria,5,0,0,0,1149
Jaime Faria,6,0,0,0,1150
Jaime Faria,7,0,0,0,1151
Jaime Faria,8,0,0,0,1152
Jaime Faria,9,0,0,0,1153
Jaime Faria,10,0,0,0,1154
Jaime Faria,11,0,0,0,1155
Jaime Faria,12,0,0,0,1156
Jaime Faria,13,0,0,0,1157
Jaime Faria,14,20,0,0,1158
Jaime Faria,15,0,0,0,1159
Jaime Faria,16,0,0,0,1160
Jaime Faria,17,0,0,0,1161
Jaime Faria,18,0,0,0,1162
Jaime Faria,19,0,0,0,1163
Jaime Faria,20,0,0,0,1164
Jaime Faria,21,0,0,0,1165
Jaime Faria,22,0,0,0,1166
Jaime Faria,23,0,0,0,1167
Jaime Faria,24,0,0,0,1168
Jaime Faria,25,0,0,0,1169
Jaime Faria,26,0,0,0,1170
Jaime Faria,27,0,0,0,1171
Jaime Faria,28,0,0,0,1172
Jaime Faria,29,20,0,0,1173
Jaime Faria,30,0,0,0,1174
Jaime Faria,31,0,0,0,1175
Jaime Faria,32,0,0,0,1176
Jaime Faria,33,0,0,0,1177
Jaime Faria,34,0,0,0,1178
Jaime Faria,35,0,0,0,1179
Jaime Faria,36,0,0,0,1180
Jaime Faria,37,0,0,0,1181
Jaime Faria,38,0,0,0,1182
Jaime Faria,39,0,0,0,1183
Jaime Faria,40,0,0,0,1184
Jaime Faria,41,0,0,0,1185
Jaime Faria,42,0,0,0,1186
Jaime Faria,43,0,0,0,1187
Jaime Faria,44,0,0,0,1188
Jaime Faria,45,0,0,0,1189
Jaime Faria,46,0,0,0,1190
Jaime Faria,47,0,0,0,1191
Jaime Faria,48,0,0,0,1192
Jaime Faria,49,0,0,0,1193
Jaime Faria,50,0,0,0,1194
Jaime Faria,51,0,0,0,1195
Jaime Faria,52,0,0,0,1196
Jakub Mensik,1,0,0,0,1145
Jakub Mensik,2,0,0,0,1146
Jakub Mensik,3,0,0,45,1147
Jakub Mensik,4,0,0,0,1148
Jakub Mensik,5,0,0,0,1149
Jakub Mensik,6,0,0,0,1150
Jakub Mensik,7,0,0,0,1151
Jakub Mensik,8,0,0,600,1152
Jakub Mensik,9,0,0,45,1153
Jakub Mensik,10,0,0,25,1154
Jakub Mensik,11,0,0,0,1155
Jakub Mensik,12,0,0,0,1156
Jakub Mensik,13,0,0,0,1157
Jakub Mensik,14,0,0,0,1158
Jakub Mensik,15,0,0,0,1159
Jakub Mensik,16,0,0,0,1160
Jakub Mensik,17,45,0,0,1161
Jakub Mensik,18,0,0,0,1162
Jakub Mensik,19,10,0,0,1163
Jakub Mensik,20,0,0,0,1164
Jakub Mensik,21,0,0,0,1165
Jakub Mensik,22,0,0,0,1166
Jakub Mensik,23,0,0,0,1167
Jakub Mensik,24,0,20,0,1168
Jakub Mensik,25,0,0,0,1169
Jakub Mensik,26,0,90,0,1170
Jakub Mensik,27,0,10,0,1171
Jakub Mensik,28,0,0,0,1172
Jakub Mensik,29,0,20,0,1173
Jakub Mensik,30,180,0,0,1174
Jakub Mensik,31,0,0,0,1175
Jakub Mensik,32,0,0,0,1176
Jakub Mensik,33,0,0,0,1177
Jakub Mensik,34,0,0,0,1178
Jakub Mensik,35,0,0,90,1179
Jakub Mensik,36,0,0,0,1180
Jakub Mensik,37,0,0,0,1181
Jakub Mensik,38,0,0,0,1182
Jakub Mensik,39,0,0,20,1183
Jakub Mensik,40,0,0,180,1184
Jakub Mensik,41,0,0,0,1185
Jakub Mensik,42,0,0,0,1186
Jakub Mensik,43,0,0,90,1187
Jakub Mensik,44,0,0,0,1188
Jakub Mensik,45,0,0,0,1189
Jakub Mensik,46,0,0,0,1190
Jakub Mensik,47,0,0,0,1191
Jakub Mensik,48,0,0,0,1192
Jakub Mensik,49,0,0,0,1193
Jakub Mensik,50,0,0,0,1194
Jakub Mensik,51,0,0,0,1195
Jakub Mensik,52,0,0,0,1196
James Duckworth,1,0,0,90,1145
James Duckworth,2,0,0,0,1146
James Duckworth,3,0,0,10,1147
James Duckworth,4,0,0,0,1148
James Duckworth,5,0,0,0,1149
James Duckworth,6,0,0,90,1150
James Duckworth,7,0,0,0,1151
James Duckworth,8,0,0,0,1152
James Duckworth,9,0,0,0,1153
James Duckworth,10,0,0,0,1154
James Duckworth,11,0,0,0,1155
James Duckworth,12,0,0,0,1156
James Duckworth,13,0,0,0,1157
James Duckworth,14,45,0,0,1158
James Duckworth,15,0,0,0,1159
James Duckworth,16,0,0,0,1160
James Duckworth,17,0,0,0,1161
James Duckworth,18,0,0,0,1162
James Duckworth,19,0,0,0,1163
James Duckworth,20,0,0,0,1164
James Duckworth,21,0,0,0,1165
James Duckworth,22,0,0,0,1166
James Duckworth,23,0,0,0,1167
James Duckworth,24,0,90,0,1168
James Duckworth,25,0,45,0,1169
James Duckworth,26,0,0,0,1170
James Duckworth,27,0,10,0,1171
James Duckworth,28,0,0,0,1172
James Duckworth,29,0,0,0,1173
James Duckworth,30,0,0,0,1174
James Duckworth,31,0,0,0,1175
James Duckworth,32,0,0,45,1176
James Duckworth,33,0,0,0,1177
James Duckworth,34,0,0,0,1178
James Duckworth,35,0,0,10,1179
James Duckworth,36,0,0,0,1180
James Duckworth,37,0,0,0,1181
James Duckworth,38,0,0,0,1182
James Duckworth,39,0,0,0,1183
James Duckworth,40,0,0,10,1184
James Duckworth,41,0,0,0,1185
James Duckworth,42,0,0,20,1186
James Duckworth,43,0,0,20,1187
James Duckworth,44,0,0,0,1188
James Duckworth,45,0,0,20,1189
James Duckworth,46,0,0,0,1190
James Duckworth,47,0,0,0,1191
James Duckworth,48,0,0,0,1192
James Duckworth,49,0,0,0,1193
James Duckworth,50,0,0,0,1194
James Duckworth,51,0,0,0,1195
James Duckworth,52,0,0,0,1196
James Mccabe,1,0,0,0,1145
James Mccabe,2,0,0,20,1146
James Mccabe,3,0,0,10,1147
James Mccabe,4,0,0,0,1148
James Mccabe,5,0,0,0,1149
James Mccabe,6,0,0,0,1150
James Mccabe,7,0,0,0,1151
James Mccabe,8,0,0,0,1152
James Mccabe,9,0,0,0,1153
James Mccabe,10,0,0,0,1154
James Mccabe,11,0,0,0,1155
James Mccabe,12,0,0,0,1156
James Mccabe,13,0,0,0,1157
James Mccabe,14,0,0,0,1158
James Mccabe,15,0,0,0,1159
James Mccabe,16,0,0,0,1160
James Mccabe,17,0,0,0,1161
James Mccabe,18,0,0,0,1162
James Mccabe,19,0,0,0,1163
James Mccabe,20,0,0,0,1164
James Mccabe,21,0,0,0,1165
James Mccabe,22,0,0,0,1166
James Mccabe,23,0,0,0,1167
James Mccabe,24,0,0,0,1168
James Mccabe,25,0,0,0,1169
James Mccabe,26,0,20,0,1170
James Mccabe,27,0,0,0,1171
James Mccabe,28,0,0,0,1172
James Mccabe,29,0,0,0,1173
James Mccabe,30,0,0,0,1174
James Mccabe,31,0,0,0,1175
James Mccabe,32,0,0,0,1176
James Mccabe,33,0,0,0,1177
James Mccabe,34,0,0,0,1178
James Mccabe,35,0,0,0,1179
James Mccabe,36,0,0,0,1180
James Mccabe,37,0,0,0,1181
James Mccabe,38,0,0,20,1182
James Mccabe,39,0,0,0,1183
James Mccabe,40,0,0,0,1184
James Mccabe,41,0,0,0,1185
James Mccabe,42,0,0,0,1186
James Mccabe,43,0,0,0,1187
James Mccabe,44,0,0,0,1188
James Mccabe,45,0,0,0,1189
James Mccabe,46,0,0,0,1190
James Mccabe,47,0,0,0,1191
James Mccabe,48,0,0,0,1192
James Mccabe,49,0,0,0,1193
James Mccabe,50,0,0,0,1194
James Mccabe,51,0,0,0,1195
James Mccabe,52,0,0,0,1196
Jan Choinski,1,0,0,0,1145
Jan Choinski,2,0,0,0,1146
Jan Choinski,3,0,0,0,1147
Jan Choinski,4,0,0,0,1148
Jan Choinski,5,0,0,0,1149
Jan Choinski,6,0,0,0,1150
Jan Choinski,7,0,0,0,1151
Jan Choinski,8,0,0,0,1152
Jan Choinski,9,0,0,0,1153
Jan Choinski,10,0,0,0,1154
Jan Choinski,11,0,0,0,1155
Jan Choinski,12,0,0,0,1156
Jan Choinski,13,0,0,0,1157
Jan Choinski,14,45,0,0,1158
Jan Choinski,15,0,0,0,1159
Jan Choinski,16,0,0,0,1160
Jan Choinski,17,0,0,0,1161
Jan Choinski,18,0,0,0,1162
Jan Choinski,19,0,0,0,1163
Jan Choinski,20,0,0,0,1164
Jan Choinski,21,0,0,0,1165
Jan Choinski,22,0,0,0,1166
Jan Choinski,23,0,0,0,1167
Jan Choinski,24,0,0,0,1168
Jan Choinski,25,0,0,0,1169
Jan Choinski,26,0,0,0,1170
Jan Choinski,27,0,10,0,1171
Jan Choinski,28,0,0,0,1172
Jan Choinski,29,0,0,0,1173
Jan Choinski,30,0,0,0,1174
Jan Choinski,31,0,0,0,1175
Jan Choinski,32,0,0,0,1176
Jan Choinski,33,0,0,0,1177
Jan Choinski,34,0,0,0,1178
Jan Choinski,35,0,0,10,1179
Jan Choinski,36,0,0,0,1180
Jan Choinski,37,0,0,0,1181
Jan Choinski,38,0,0,0,1182
Jan Choinski,39,0,0,0,1183
Jan Choinski,40,0,0,0,1184
Jan Choinski,41,0,0,0,1185
Jan Choinski,42,0,0,0,1186
Jan Choinski,43,0,0,0,1187
Jan Choinski,44,0,0,0,1188
Jan Choinski,45,0,0,0,1189
Jan Choinski,46,0,0,0,1190
Jan Choinski,47,0,0,0,1191
Jan Choinski,48,0,0,0,1192
Jan Choinski,49,0,0,0,1193
Jan Choinski,50,0,0,0,1194
Jan Choinski,51,0,0,0,1195
Jan Choinski,52,0,0,0,1196
Jan Lennard Struff,1,0,0,45,1145
Jan Lennard Struff,2,0,0,0,1146
Jan Lennard Struff,3,0,0,45,1147
Jan Lennard Struff,4,0,0,0,1148
Jan Lennard Struff,5,0,0,0,1149
Jan Lennard Struff,6,0,0,0,1150
Jan Lennard Struff,7,0,0,45,1151
Jan Lennard Struff,8,0,0,20,1152
Jan Lennard Struff,9,0,0,20,1153
Jan Lennard Struff,10,0,0,45,1154
Jan Lennard Struff,11,0,0,0,1155
Jan Lennard Struff,12,0,0,45,1156
Jan Lennard Struff,13,0,0,0,1157
Jan Lennard Struff,14,0,0,0,1158
Jan Lennard Struff,15,90,0,0,1159
Jan Lennard Struff,16,500,0,0,1160
Jan Lennard Struff,17,90,0,0,1161
Jan Lennard Struff,18,0,0,0,1162
Jan Lennard Struff,19,25,0,0,1163
Jan Lennard Struff,20,0,0,0,1164
Jan Lennard Struff,21,0,0,0,1165
Jan Lennard Struff,22,90,0,0,1166
Jan Lennard Struff,23,0,0,0,1167
Jan Lennard Struff,24,0,90,0,1168
Jan Lennard Struff,25,0,90,0,1169
Jan Lennard Struff,26,0,0,0,1170
Jan Lennard Struff,27,0,90,0,1171
Jan Lennard Struff,28,0,0,0,1172
Jan Lennard Struff,29,180,0,0,1173
Jan Lennard Struff,30,0,0,0,1174
Jan Lennard Struff,31,0,0,0,1175
Jan Lennard Struff,32,0,0,0,1176
Jan Lennard Struff,33,0,0,25,1177
Jan Lennard Struff,34,0,0,0,1178
Jan Lennard Struff,35,0,0,10,1179
Jan Lennard Struff,36,0,0,0,1180
Jan Lennard Struff,37,0,0,0,1181
Jan Lennard Struff,38,0,0,0,1182
Jan Lennard Struff,39,0,0,0,1183
Jan Lennard Struff,40,0,0,0,1184
Jan Lennard Struff,41,0,0,0,1185
Jan Lennard Struff,42,0,0,0,1186
Jan Lennard Struff,43,0,0,20,1187
Jan Lennard Struff,44,0,0,45,1188
Jan Lennard Struff,45,0,0,45,1189
Jan Lennard Struff,46,0,0,0,1190
Jan Lennard Struff,47,0,0,0,1191
Jan Lennard Struff,48,0,0,0,1192
Jan Lennard Struff,49,0,0,0,1193
Jan Lennard Struff,50,0,0,0,1194
Jan Lennard Struff,51,0,0,0,1195
Jan Lennard Struff,52,0,0,0,1196
Jannik Sinner,1,0,0,0,1145
Jannik Sinner,2,0,0,0,1146
Jannik Sinner,3,0,0,2000,1147
Jannik Sinner,4,0,0,0,1148
Jannik Sinner,5,0,0,0,1149
Jannik Sinner,6,0,0,0,1150
Jannik Sinner,7,0,0,500,1151
Jannik Sinner,8,0,0,0,1152
Jannik Sinner,9,0,0,0,1153
Jannik Sinner,10,0,0,360,1154
Jannik Sinner,11,0,0,0,1155
Jannik Sinner,12,0,0,1000,1156
Jannik Sinner,13,0,0,0,1157
Jannik Sinner,14,0,0,0,1158
Jannik Sinner,15,360,0,0,1159
Jannik Sinner,16,0,0,0,1160
Jannik Sinner,17,180,0,0,1161
Jannik Sinner,18,0,0,0,1162
Jannik Sinner,19,0,0,0,1163
Jannik Sinner,20,0,0,0,1164
Jannik Sinner,21,0,0,0,1165
Jannik Sinner,22,720,0,0,1166
Jannik Sinner,23,0,0,0,1167
Jannik Sinner,24,0,0,0,1168
Jannik Sinner,25,0,500,0,1169
Jannik Sinner,26,0,0,0,1170
Jannik Sinner,27,0,360,0,1171
Jannik Sinner,28,0,0,0,1172
Jannik Sinner,29,0,0,0,1173
Jannik Sinner,30,0,0,0,1174
Jannik Sinner,31,0,0,0,1175
Jannik Sinner,32,0,0,180,1176
Jannik Sinner,33,0,0,1000,1177
Jannik Sinner,34,0,0,0,1178
Jannik Sinner,35,0,0,2000,1179
Jannik Sinner,36,0,0,0,1180
Jannik Sinner,37,0,0,0,1181
Jannik Sinner,38,0,0,0,1182
Jannik Sinner,39,0,0,600,1183
Jannik Sinner,40,0,0,1000,1184
Jannik Sinner,41,0,0,0,1185
Jannik Sinner,42,0,0,0,1186
Jannik Sinner,43,0,0,0,1187
Jannik Sinner,44,0,0,0,1188
Jannik Sinner,45,0,0,0,1189
Jannik Sinner,46,0,0,750,1190
Jannik Sinner,47,0,0,0,1191
Jannik Sinner,48,0,0,0,1192
Jannik Sinner,49,0,0,0,1193
Jannik Sinner,50,0,0,0,1194
Jannik Sinner,51,0,0,0,1195
Jannik Sinner,52,0,0,0,1196
Jason Kubler,1,0,0,45,1145
Jason Kubler,2,0,0,0,1146
Jason Kubler,3,0,0,10,1147
Jason Kubler,4,0,0,0,1148
Jason Kubler,5,0,0,0,1149
Jason Kubler,6,0,0,0,1150
Jason Kubler,7,0,0,0,1151
Jason Kubler,8,0,0,0,1152
Jason Kubler,9,0,0,0,1153
Jason Kubler,10,0,0,0,1154
Jason Kubler,11,0,0,0,1155
Jason Kubler,12,0,0,0,1156
Jason Kubler,13,0,0,0,1157
Jason Kubler,14,0,0,0,1158
Jason Kubler,15,0,0,0,1159
Jason Kubler,16,0,0,0,1160
Jason Kubler,17,0,0,0,1161
Jason Kubler,18,0,0,0,1162
Jason Kubler,19,0,0,0,1163
Jason Kubler,20,0,0,0,1164
Jason Kubler,21,0,0,0,1165
Jason Kubler,22,0,0,0,1166
Jason Kubler,23,0,0,0,1167
Jason Kubler,24,0,0,0,1168
Jason Kubler,25,0,0,0,1169
Jason Kubler,26,0,0,0,1170
Jason Kubler,27,0,0,0,1171
Jason Kubler,28,0,0,0,1172
Jason Kubler,29,0,0,0,1173
Jason Kubler,30,0,0,0,1174
Jason Kubler,31,0,0,0,1175
Jason Kubler,32,0,0,0,1176
Jason Kubler,33,0,0,0,1177
Jason Kubler,34,0,0,0,1178
Jason Kubler,35,0,0,0,1179
Jason Kubler,36,0,0,0,1180
Jason Kubler,37,0,0,0,1181
Jason Kubler,38,0,0,0,1182
Jason Kubler,39,0,0,0,1183
Jason Kubler,40,0,0,0,1184
Jason Kubler,41,0,0,0,1185
Jason Kubler,42,0,0,0,1186
Jason Kubler,43,0,0,0,1187
Jason Kubler,44,0,0,0,1188
Jason Kubler,45,0,0,0,1189
Jason Kubler,46,0,0,0,1190
Jason Kubler,47,0,0,0,1191
Jason Kubler,48,0,0,0,1192
Jason Kubler,49,0,0,0,1193
Jason Kubler,50,0,0,0,1194
Jason Kubler,51,0,0,0,1195
Jason Kubler,52,0,0,0,1196
Jaume Munar,1,0,0,0,1145
Jaume Munar,2,0,0,0,1146
Jaume Munar,3,0,0,45,1147
Jaume Munar,4,0,0,0,1148
Jaume Munar,5,0,0,20,1149
Jaume Munar,6,90,0,0,1150
Jaume Munar,7,0,0,0,1151
Jaume Munar,8,45,0,0,1152
Jaume Munar,9,90,0,0,1153
Jaume Munar,10,0,0,10,1154
Jaume Munar,11,0,0,0,1155
Jaume Munar,12,0,0,10,1156
Jaume Munar,13,0,0,0,1157
Jaume Munar,14,45,0,0,1158
Jaume Munar,15,25,0,0,1159
Jaume Munar,16,20,0,0,1160
Jaume Munar,17,25,0,0,1161
Jaume Munar,18,0,0,0,1162
Jaume Munar,19,25,0,0,1163
Jaume Munar,20,0,0,0,1164
Jaume Munar,21,20,0,0,1165
Jaume Munar,22,45,0,0,1166
Jaume Munar,23,0,0,0,1167
Jaume Munar,24,0,0,0,1168
Jaume Munar,25,0,0,0,1169
Jaume Munar,26,0,20,0,1170
Jaume Munar,27,0,45,0,1171
Jaume Munar,28,0,0,0,1172
Jaume Munar,29,20,0,0,1173
Jaume Munar,30,20,0,0,1174
Jaume Munar,31,0,0,0,1175
Jaume Munar,32,0,0,0,1176
Jaume Munar,33,0,0,25,1177
Jaume Munar,34,0,0,0,1178
Jaume Munar,35,0,0,10,1179
Jaume Munar,36,0,0,0,1180
Jaume Munar,37,0,0,0,1181
Jaume Munar,38,0,0,0,1182
Jaume Munar,39,0,0,0,1183
Jaume Munar,40,0,0,25,1184
Jaume Munar,41,0,0,0,1185
Jaume Munar,42,0,0,20,1186
Jaume Munar,43,0,0,0,1187
Jaume Munar,44,0,0,0,1188
Jaume Munar,45,0,0,0,1189
Jaume Munar,46,0,0,0,1190
Jaume Munar,47,0,0,0,1191
Jaume Munar,48,0,0,0,1192
Jaume Munar,49,0,0,0,1193
Jaume Munar,50,0,0,0,1194
Jaume Munar,51,0,0,0,1195
Jaume Munar,52,0,0,0,1196
Javier Barranco Cosano,1,0,0,0,1145
Javier Barranco Cosano,2,0,0,0,1146
Javier Barranco Cosano,3,0,0,0,1147
Javier Barranco Cosano,4,0,0,0,1148
Javier Barranco Cosano,5,0,0,0,1149
Javier Barranco Cosano,6,0,0,0,1150
Javier Barranco Cosano,7,0,0,0,1151
Javier Barranco Cosano,8,0,0,0,1152
Javier Barranco Cosano,9,0,0,0,1153
Javier Barranco Cosano,10,0,0,0,1154
Javier Barranco Cosano,11,0,0,0,1155
Javier Barranco Cosano,12,0,0,0,1156
Javier Barranco Cosano,13,0,0,0,1157
Javier Barranco Cosano,14,0,0,0,1158
Javier Barranco Cosano,15,0,0,0,1159
Javier Barranco Cosano,16,0,0,0,1160
Javier Barranco Cosano,17,0,0,0,1161
Javier Barranco Cosano,18,0,0,0,1162
Javier Barranco Cosano,19,0,0,0,1163
Javier Barranco Cosano,20,0,0,0,1164
Javier Barranco Cosano,21,20,0,0,1165
Javier Barranco Cosano,22,0,0,0,1166
Javier Barranco Cosano,23,0,0,0,1167
Javier Barranco Cosano,24,0,0,0,1168
Javier Barranco Cosano,25,0,0,0,1169
Javier Barranco Cosano,26,0,0,0,1170
Javier Barranco Cosano,27,0,0,0,1171
Javier Barranco Cosano,28,0,0,0,1172
Javier Barranco Cosano,29,0,0,0,1173
Javier Barranco Cosano,30,0,0,0,1174
Javier Barranco Cosano,31,0,0,0,1175
Javier Barranco Cosano,32,0,0,0,1176
Javier Barranco Cosano,33,0,0,0,1177
Javier Barranco Cosano,34,0,0,0,1178
Javier Barranco Cosano,35,0,0,0,1179
Javier Barranco Cosano,36,0,0,0,1180
Javier Barranco Cosano,37,0,0,0,1181
Javier Barranco Cosano,38,0,0,0,1182
Javier Barranco Cosano,39,0,0,0,1183
Javier Barranco Cosano,40,0,0,0,1184
Javier Barranco Cosano,41,0,0,0,1185
Javier Barranco Cosano,42,0,0,0,1186
Javier Barranco Cosano,43,0,0,0,1187
Javier Barranco Cosano,44,0,0,0,1188
Javier Barranco Cosano,45,0,0,0,1189
Javier Barranco Cosano,46,0,0,0,1190
Javier Barranco Cosano,47,0,0,0,1191
Javier Barranco Cosano,48,0,0,0,1192
Javier Barranco Cosano,49,0,0,0,1193
Javier Barranco Cosano,50,0,0,0,1194
Javier Barranco Cosano,51,0,0,0,1195
Javier Barranco Cosano,52,0,0,0,1196
Jerome Kym,1,0,0,0,1145
Jerome Kym,2,0,0,0,1146
Jerome Kym,3,0,0,0,1147
Jerome Kym,4,0,0,0,1148
Jerome Kym,5,0,0,0,1149
Jerome Kym,6,0,0,0,1150
Jerome Kym,7,0,0,0,1151
Jerome Kym,8,0,0,0,1152
Jerome Kym,9,0,0,0,1153
Jerome Kym,10,0,0,0,1154
Jerome Kym,11,0,0,0,1155
Jerome Kym,12,0,0,0,1156
Jerome Kym,13,0,0,0,1157
Jerome Kym,14,0,0,0,1158
Jerome Kym,15,0,0,0,1159
Jerome Kym,16,0,0,0,1160
Jerome Kym,17,0,0,0,1161
Jerome Kym,18,0,0,0,1162
Jerome Kym,19,0,0,0,1163
Jerome Kym,20,0,0,0,1164
Jerome Kym,21,0,0,0,1165
Jerome Kym,22,0,0,0,1166
Jerome Kym,23,0,0,0,1167
Jerome Kym,24,0,0,0,1168
Jerome Kym,25,0,0,0,1169
Jerome Kym,26,0,0,0,1170
Jerome Kym,27,0,0,0,1171
Jerome Kym,28,0,0,0,1172
Jerome Kym,29,0,0,0,1173
Jerome Kym,30,0,0,0,1174
Jerome Kym,31,0,0,0,1175
Jerome Kym,32,0,0,0,1176
Jerome Kym,33,0,0,0,1177
Jerome Kym,34,0,0,0,1178
Jerome Kym,35,0,0,0,1179
Jerome Kym,36,0,0,0,1180
Jerome Kym,37,0,0,0,1181
Jerome Kym,38,0,0,0,1182
Jerome Kym,39,0,0,0,1183
Jerome Kym,40,0,0,0,1184
Jerome Kym,41,0,0,0,1185
Jerome Kym,42,0,0,0,1186
Jerome Kym,43,0,0,20,1187
Jerome Kym,44,0,0,0,1188
Jerome Kym,45,0,0,0,1189
Jerome Kym,46,0,0,0,1190
Jerome Kym,47,0,0,0,1191
Jerome Kym,48,0,0,0,1192
Jerome Kym,49,0,0,0,1193
Jerome Kym,50,0,0,0,1194
Jerome Kym,51,0,0,0,1195
Jerome Kym,52,0,0,0,1196
Jesper De Jong,1,0,0,0,1145
Jesper De Jong,2,0,0,0,1146
Jesper De Jong,3,0,0,45,1147
Jesper De Jong,4,0,0,0,1148
Jesper De Jong,5,0,0,0,1149
Jesper De Jong,6,0,0,0,1150
Jesper De Jong,7,0,0,20,1151
Jesper De Jong,8,0,0,0,1152
Jesper De Jong,9,0,0,0,1153
Jesper De Jong,10,0,0,0,1154
Jesper De Jong,11,0,0,0,1155
Jesper De Jong,12,0,0,0,1156
Jesper De Jong,13,0,0,0,1157
Jesper De Jong,14,0,0,0,1158
Jesper De Jong,15,0,0,0,1159
Jesper De Jong,16,0,0,0,1160
Jesper De Jong,17,0,0,0,1161
Jesper De Jong,18,0,0,0,1162
Jesper De Jong,19,0,0,0,1163
Jesper De Jong,20,0,0,0,1164
Jesper De Jong,21,0,0,0,1165
Jesper De Jong,22,45,0,0,1166
Jesper De Jong,23,0,0,0,1167
Jesper De Jong,24,0,0,0,1168
Jesper De Jong,25,0,0,0,1169
Jesper De Jong,26,0,0,0,1170
Jesper De Jong,27,0,0,0,1171
Jesper De Jong,28,0,0,0,1172
Jesper De Jong,29,20,0,0,1173
Jesper De Jong,30,0,0,0,1174
Jesper De Jong,31,0,0,0,1175
Jesper De Jong,32,0,0,0,1176
Jesper De Jong,33,0,0,0,1177
Jesper De Jong,34,0,0,0,1178
Jesper De Jong,35,0,0,0,1179
Jesper De Jong,36,0,0,0,1180
Jesper De Jong,37,0,0,0,1181
Jesper De Jong,38,0,0,0,1182
Jesper De Jong,39,0,0,0,1183
Jesper De Jong,40,0,0,0,1184
Jesper De Jong,41,0,0,0,1185
Jesper De Jong,42,0,0,0,1186
Jesper De Jong,43,0,0,0,1187
Jesper De Jong,44,0,0,0,1188
Jesper De Jong,45,0,0,45,1189
Jesper De Jong,46,0,0,0,1190
Jesper De Jong,47,0,0,0,1191
Jesper De Jong,48,0,0,0,1192
Jesper De Jong,49,0,0,0,1193
Jesper De Jong,50,0,0,0,1194
Jesper De Jong,51,0,0,0,1195
Jesper De Jong,52,0,0,0,1196
Jiri Lehecka,1,0,0,0,1145
Jiri Lehecka,2,0,0,500,1146
Jiri Lehecka,3,0,0,45,1147
Jiri Lehecka,4,0,0,0,1148
Jiri Lehecka,5,0,0,0,1149
Jiri Lehecka,6,0,0,45,1150
Jiri Lehecka,7,0,0,20,1151
Jiri Lehecka,8,0,0,0,1152
Jiri Lehecka,9,0,0,90,1153
Jiri Lehecka,10,0,0,180,1154
Jiri Lehecka,11,0,0,0,1155
Jiri Lehecka,12,0,0,25,1156
Jiri Lehecka,13,0,0,0,1157
Jiri Lehecka,14,0,0,0,1158
Jiri Lehecka,15,0,0,0,1159
Jiri Lehecka,16,0,0,0,1160
Jiri Lehecka,17,360,0,0,1161
Jiri Lehecka,18,0,0,0,1162
Jiri Lehecka,19,0,0,0,1163
Jiri Lehecka,20,0,0,0,1164
Jiri Lehecka,21,0,0,0,1165
Jiri Lehecka,22,0,0,0,1166
Jiri Lehecka,23,0,0,0,1167
Jiri Lehecka,24,0,0,0,1168
Jiri Lehecka,25,0,0,0,1169
Jiri Lehecka,26,0,0,0,1170
Jiri Lehecka,27,0,0,0,1171
Jiri Lehecka,28,0,0,0,1172
Jiri Lehecka,29,0,0,0,1173
Jiri Lehecka,30,0,0,0,1174
Jiri Lehecka,31,0,0,0,1175
Jiri Lehecka,32,0,0,0,1176
Jiri Lehecka,33,0,0,90,1177
Jiri Lehecka,34,0,0,0,1178
Jiri Lehecka,35,0,0,90,1179
Jiri Lehecka,36,0,0,0,1180
Jiri Lehecka,37,0,0,0,1181
Jiri Lehecka,38,0,0,0,1182
Jiri Lehecka,39,0,0,90,1183
Jiri Lehecka,40,0,0,45,1184
Jiri Lehecka,41,0,0,0,1185
Jiri Lehecka,42,0,0,600,1186
Jiri Lehecka,43,0,0,20,1187
Jiri Lehecka,44,0,0,25,1188
Jiri Lehecka,45,0,0,180,1189
Jiri Lehecka,46,0,0,0,1190
Jiri Lehecka,47,0,0,0,1191
Jiri Lehecka,48,0,0,0,1192
Jiri Lehecka,49,0,0,0,1193
Jiri Lehecka,50,0,0,0,1194
Jiri Lehecka,51,0,0,0,1195
Jiri Lehecka,52,0,0,0,1196
Jiri Vesely,1,0,0,0,1145
Jiri Vesely,2,0,0,0,1146
Jiri Vesely,3,0,0,10,1147
Jiri Vesely,4,0,0,0,1148
Jiri Vesely,5,0,0,0,1149
Jiri Vesely,6,0,0,0,1150
Jiri Vesely,7,0,0,0,1151
Jiri Vesely,8,0,0,0,1152
Jiri Vesely,9,0,0,0,1153
Jiri Vesely,10,0,0,0,1154
Jiri Vesely,11,0,0,0,1155
Jiri Vesely,12,0,0,0,1156
Jiri Vesely,13,0,0,0,1157
Jiri Vesely,14,0,0,0,1158
Jiri Vesely,15,0,0,0,1159
Jiri Vesely,16,0,0,0,1160
Jiri Vesely,17,0,0,0,1161
Jiri Vesely,18,0,0,0,1162
Jiri Vesely,19,0,0,0,1163
Jiri Vesely,20,0,0,0,1164
Jiri Vesely,21,0,0,0,1165
Jiri Vesely,22,0,0,0,1166
Jiri Vesely,23,0,0,0,1167
Jiri Vesely,24,0,0,0,1168
Jiri Vesely,25,0,0,0,1169
Jiri Vesely,26,0,0,0,1170
Jiri Vesely,27,0,0,0,1171
Jiri Vesely,28,0,0,0,1172
Jiri Vesely,29,0,0,0,1173
Jiri Vesely,30,0,0,0,1174
Jiri Vesely,31,0,0,0,1175
Jiri Vesely,32,0,0,0,1176
Jiri Vesely,33,0,0,0,1177
Jiri Vesely,34,0,0,0,1178
Jiri Vesely,35,0,0,0,1179
Jiri Vesely,36,0,0,0,1180
Jiri Vesely,37,0,0,0,1181
Jiri Vesely,38,0,0,0,1182
Jiri Vesely,39,0,0,0,1183
Jiri Vesely,40,0,0,0,1184
Jiri Vesely,41,0,0,0,1185
Jiri Vesely,42,0,0,0,1186
Jiri Vesely,43,0,0,0,1187
Jiri Vesely,44,0,0,0,1188
Jiri Vesely,45,0,0,0,1189
Jiri Vesely,46,0,0,0,1190
Jiri Vesely,47,0,0,0,1191
Jiri Vesely,48,0,0,0,1192
Jiri Vesely,49,0,0,0,1193
Jiri Vesely,50,0,0,0,1194
Jiri Vesely,51,0,0,0,1195
Jiri Vesely,52,0,0,0,1196
Joao Fonseca,1,0,0,0,1145
Joao Fonseca,2,0,0,0,1146
Joao Fonseca,3,0,0,0,1147
Joao Fonseca,4,0,0,0,1148
Joao Fonseca,5,0,0,0,1149
Joao Fonseca,6,0,0,0,1150
Joao Fonseca,7,0,0,0,1151
Joao Fonseca,8,90,0,0,1152
Joao Fonseca,9,20,0,0,1153
Joao Fonseca,10,0,0,0,1154
Joao Fonseca,11,0,0,0,1155
Joao Fonseca,12,0,0,0,1156
Joao Fonseca,13,0,0,0,1157
Joao Fonseca,14,20,0,0,1158
Joao Fonseca,15,0,0,0,1159
Joao Fonseca,16,90,0,0,1160
Joao Fonseca,17,25,0,0,1161
Joao Fonseca,18,0,0,0,1162
Joao Fonseca,19,0,0,0,1163
Joao Fonseca,20,0,0,0,1164
Joao Fonseca,21,0,0,0,1165
Joao Fonseca,22,0,0,0,1166
Joao Fonseca,23,0,0,0,1167
Joao Fonseca,24,0,0,0,1168
Joao Fonseca,25,0,20,0,1169
Joao Fonseca,26,0,0,0,1170
Joao Fonseca,27,0,0,0,1171
Joao Fonseca,28,0,0,0,1172
Joao Fonseca,29,0,0,0,1173
Joao Fonseca,30,0,0,0,1174
Joao Fonseca,31,0,0,0,1175
Joao Fonseca,32,0,0,0,1176
Joao Fonseca,33,0,0,0,1177
Joao Fonseca,34,0,0,0,1178
Joao Fonseca,35,0,0,0,1179
Joao Fonseca,36,0,0,0,1180
Joao Fonseca,37,0,0,0,1181
Joao Fonseca,38,0,0,0,1182
Joao Fonseca,39,0,0,0,1183
Joao Fonseca,40,0,0,0,1184
Joao Fonseca,41,0,0,0,1185
Joao Fonseca,42,0,0,0,1186
Joao Fonseca,43,0,0,0,1187
Joao Fonseca,44,0,0,0,1188
Joao Fonseca,45,0,0,0,1189
Joao Fonseca,46,0,0,0,1190
Joao Fonseca,47,0,0,0,1191
Joao Fonseca,48,0,0,0,1192
Joao Fonseca,49,0,0,0,1193
Joao Fonseca,50,0,0,0,1194
Joao Fonseca,51,0,0,750,1195
Joao Fonseca,52,0,0,0,1196
Joao Sousa,1,0,0,0,1145
Joao Sousa,2,0,0,0,1146
Joao Sousa,3,0,0,0,1147
Joao Sousa,4,0,0,0,1148
Joao Sousa,5,0,0,0,1149
Joao Sousa,6,0,0,0,1150
Joao Sousa,7,0,0,0,1151
Joao Sousa,8,0,0,0,1152
Joao Sousa,9,0,0,0,1153
Joao Sousa,10,0,0,0,1154
Joao Sousa,11,0,0,0,1155
Joao Sousa,12,0,0,0,1156
Joao Sousa,13,0,0,0,1157
Joao Sousa,14,20,0,0,1158
Joao Sousa,15,0,0,0,1159
Joao Sousa,16,0,0,0,1160
Joao Sousa,17,0,0,0,1161
Joao Sousa,18,0,0,0,1162
Joao Sousa,19,0,0,0,1163
Joao Sousa,20,0,0,0,1164
Joao Sousa,21,0,0,0,1165
Joao Sousa,22,0,0,0,1166
Joao Sousa,23,0,0,0,1167
Joao Sousa,24,0,0,0,1168
Joao Sousa,25,0,0,0,1169
Joao Sousa,26,0,0,0,1170
Joao Sousa,27,0,0,0,1171
Joao Sousa,28,0,0,0,1172
Joao Sousa,29,0,0,0,1173
Joao Sousa,30,0,0,0,1174
Joao Sousa,31,0,0,0,1175
Joao Sousa,32,0,0,0,1176
Joao Sousa,33,0,0,0,1177
Joao Sousa,34,0,0,0,1178
Joao Sousa,35,0,0,0,1179
Joao Sousa,36,0,0,0,1180
Joao Sousa,37,0,0,0,1181
Joao Sousa,38,0,0,0,1182
Joao Sousa,39,0,0,0,1183
Joao Sousa,40,0,0,0,1184
Joao Sousa,41,0,0,0,1185
Joao Sousa,42,0,0,0,1186
Joao Sousa,43,0,0,0,1187
Joao Sousa,44,0,0,0,1188
Joao Sousa,45,0,0,0,1189
Joao Sousa,46,0,0,0,1190
Joao Sousa,47,0,0,0,1191
Joao Sousa,48,0,0,0,1192
Joao Sousa,49,0,0,0,1193
Joao Sousa,50,0,0,0,1194
Joao Sousa,51,0,0,0,1195
Joao Sousa,52,0,0,0,1196
Joel Schwaerzler,1,0,0,0,1145
Joel Schwaerzler,2,0,0,0,1146
Joel Schwaerzler,3,0,0,0,1147
Joel Schwaerzler,4,0,0,0,1148
Joel Schwaerzler,5,0,0,0,1149
Joel Schwaerzler,6,0,0,0,1150
Joel Schwaerzler,7,0,0,0,1151
Joel Schwaerzler,8,0,0,0,1152
Joel Schwaerzler,9,0,0,0,1153
Joel Schwaerzler,10,0,0,0,1154
Joel Schwaerzler,11,0,0,0,1155
Joel Schwaerzler,12,0,0,0,1156
Joel Schwaerzler,13,0,0,0,1157
Joel Schwaerzler,14,0,0,0,1158
Joel Schwaerzler,15,0,0,0,1159
Joel Schwaerzler,16,0,0,0,1160
Joel Schwaerzler,17,0,0,0,1161
Joel Schwaerzler,18,0,0,0,1162
Joel Schwaerzler,19,0,0,0,1163
Joel Schwaerzler,20,0,0,0,1164
Joel Schwaerzler,21,0,0,0,1165
Joel Schwaerzler,22,0,0,0,1166
Joel Schwaerzler,23,0,0,0,1167
Joel Schwaerzler,24,0,0,0,1168
Joel Schwaerzler,25,0,0,0,1169
Joel Schwaerzler,26,0,0,0,1170
Joel Schwaerzler,27,0,0,0,1171
Joel Schwaerzler,28,0,0,0,1172
Joel Schwaerzler,29,0,0,0,1173
Joel Schwaerzler,30,20,0,0,1174
Joel Schwaerzler,31,0,0,0,1175
Joel Schwaerzler,32,0,0,0,1176
Joel Schwaerzler,33,0,0,0,1177
Joel Schwaerzler,34,0,0,0,1178
Joel Schwaerzler,35,0,0,0,1179
Joel Schwaerzler,36,0,0,0,1180
Joel Schwaerzler,37,0,0,0,1181
Joel Schwaerzler,38,0,0,0,1182
Joel Schwaerzler,39,0,0,0,1183
Joel Schwaerzler,40,0,0,0,1184
Joel Schwaerzler,41,0,0,0,1185
Joel Schwaerzler,42,0,0,0,1186
Joel Schwaerzler,43,0,0,20,1187
Joel Schwaerzler,44,0,0,0,1188
Joel Schwaerzler,45,0,0,0,1189
Joel Schwaerzler,46,0,0,0,1190
Joel Schwaerzler,47,0,0,0,1191
Joel Schwaerzler,48,0,0,0,1192
Joel Schwaerzler,49,0,0,0,1193
Joel Schwaerzler,50,0,0,0,1194
Joel Schwaerzler,51,0,0,0,1195
Joel Schwaerzler,52,0,0,0,1196
Jordan Thompson,1,0,0,180,1145
Jordan Thompson,2,0,0,45,1146
Jordan Thompson,3,0,0,45,1147
Jordan Thompson,4,0,0,0,1148
Jordan Thompson,5,0,0,0,1149
Jordan Thompson,6,0,0,90,1150
Jordan Thompson,7,0,0,90,1151
Jordan Thompson,8,0,0,500,1152
Jordan Thompson,9,0,0,20,1153
Jordan Thompson,10,0,0,10,1154
Jordan Thompson,11,0,0,0,1155
Jordan Thompson,12,0,0,25,1156
Jordan Thompson,13,0,0,0,1157
Jordan Thompson,14,90,0,0,1158
Jordan Thompson,15,0,0,0,1159
Jordan Thompson,16,45,0,0,1160
Jordan Thompson,17,25,0,0,1161
Jordan Thompson,18,0,0,0,1162
Jordan Thompson,19,25,0,0,1163
Jordan Thompson,20,0,0,0,1164
Jordan Thompson,21,0,0,0,1165
Jordan Thompson,22,10,0,0,1166
Jordan Thompson,23,0,0,0,1167
Jordan Thompson,24,0,20,0,1168
Jordan Thompson,25,0,180,0,1169
Jordan Thompson,26,0,0,0,1170
Jordan Thompson,27,0,45,0,1171
Jordan Thompson,28,0,0,0,1172
Jordan Thompson,29,0,0,0,1173
Jordan Thompson,30,0,0,600,1174
Jordan Thompson,31,0,0,90,1175
Jordan Thompson,32,0,0,45,1176
Jordan Thompson,33,0,0,90,1177
Jordan Thompson,34,0,0,0,1178
Jordan Thompson,35,0,0,180,1179
Jordan Thompson,36,0,0,0,1180
Jordan Thompson,37,0,0,0,1181
Jordan Thompson,38,0,0,0,1182
Jordan Thompson,39,0,0,45,1183
Jordan Thompson,40,0,0,25,1184
Jordan Thompson,41,0,0,0,1185
Jordan Thompson,42,0,0,0,1186
Jordan Thompson,43,0,0,0,1187
Jordan Thompson,44,0,0,180,1188
Jordan Thompson,45,0,0,0,1189
Jordan Thompson,46,0,0,0,1190
Jordan Thompson,47,0,0,0,1191
Jordan Thompson,48,0,0,0,1192
Jordan Thompson,49,0,0,0,1193
Jordan Thompson,50,0,0,0,1194
Jordan Thompson,51,0,0,0,1195
Jordan Thompson,52,0,0,0,1196
Jozef Kovalik,1,0,0,0,1145
Jozef Kovalik,2,0,0,0,1146
Jozef Kovalik,3,0,0,0,1147
Jozef Kovalik,4,0,0,0,1148
Jozef Kovalik,5,0,0,0,1149
Jozef Kovalik,6,0,0,0,1150
Jozef Kovalik,7,0,0,0,1151
Jozef Kovalik,8,0,0,0,1152
Jozef Kovalik,9,0,0,0,1153
Jozef Kovalik,10,0,0,0,1154
Jozef Kovalik,11,0,0,0,1155
Jozef Kovalik,12,0,0,0,1156
Jozef Kovalik,13,0,0,0,1157
Jozef Kovalik,14,0,0,0,1158
Jozef Kovalik,15,0,0,0,1159
Jozef Kovalik,16,0,0,0,1160
Jozef Kovalik,17,0,0,0,1161
Jozef Kovalik,18,0,0,0,1162
Jozef Kovalik,19,0,0,0,1163
Jozef Kovalik,20,0,0,0,1164
Jozef Kovalik,21,0,0,0,1165
Jozef Kovalik,22,90,0,0,1166
Jozef Kovalik,23,0,0,0,1167
Jozef Kovalik,24,0,0,0,1168
Jozef Kovalik,25,0,0,0,1169
Jozef Kovalik,26,0,0,0,1170
Jozef Kovalik,27,0,0,0,1171
Jozef Kovalik,28,0,0,0,1172
Jozef Kovalik,29,20,0,0,1173
Jozef Kovalik,30,0,0,0,1174
Jozef Kovalik,31,0,0,0,1175
Jozef Kovalik,32,0,0,0,1176
Jozef Kovalik,33,0,0,0,1177
Jozef Kovalik,34,0,0,0,1178
Jozef Kovalik,35,0,0,0,1179
Jozef Kovalik,36,0,0,0,1180
Jozef Kovalik,37,0,0,0,1181
Jozef Kovalik,38,0,0,0,1182
Jozef Kovalik,39,0,0,0,1183
Jozef Kovalik,40,0,0,0,1184
Jozef Kovalik,41,0,0,0,1185
Jozef Kovalik,42,0,0,0,1186
Jozef Kovalik,43,0,0,0,1187
Jozef Kovalik,44,0,0,0,1188
Jozef Kovalik,45,0,0,0,1189
Jozef Kovalik,46,0,0,0,1190
Jozef Kovalik,47,0,0,0,1191
Jozef Kovalik,48,0,0,0,1192
Jozef Kovalik,49,0,0,0,1193
Jozef Kovalik,50,0,0,0,1194
Jozef Kovalik,51,0,0,0,1195
Jozef Kovalik,52,0,0,0,1196
Juan Manuel Cerundolo,1,0,0,0,1145
Juan Manuel Cerundolo,2,0,0,0,1146
Juan Manuel Cerundolo,3,0,0,0,1147
Juan Manuel Cerundolo,4,0,0,0,1148
Juan Manuel Cerundolo,5,0,0,0,1149
Juan Manuel Cerundolo,6,20,0,0,1150
Juan Manuel Cerundolo,7,0,0,0,1151
Juan Manuel Cerundolo,8,0,0,0,1152
Juan Manuel Cerundolo,9,45,0,0,1153
Juan Manuel Cerundolo,10,0,0,0,1154
Juan Manuel Cerundolo,11,0,0,0,1155
Juan Manuel Cerundolo,12,0,0,0,1156
Juan Manuel Cerundolo,13,0,0,0,1157
Juan Manuel Cerundolo,14,0,0,0,1158
Juan Manuel Cerundolo,15,0,0,0,1159
Juan Manuel Cerundolo,16,0,0,0,1160
Juan Manuel Cerundolo,17,0,0,0,1161
Juan Manuel Cerundolo,18,0,0,0,1162
Juan Manuel Cerundolo,19,0,0,0,1163
Juan Manuel Cerundolo,20,0,0,0,1164
Juan Manuel Cerundolo,21,0,0,0,1165
Juan Manuel Cerundolo,22,0,0,0,1166
Juan Manuel Cerundolo,23,0,0,0,1167
Juan Manuel Cerundolo,24,0,0,0,1168
Juan Manuel Cerundolo,25,0,0,0,1169
Juan Manuel Cerundolo,26,0,0,0,1170
Juan Manuel Cerundolo,27,0,0,0,1171
Juan Manuel Cerundolo,28,0,0,0,1172
Juan Manuel Cerundolo,29,0,0,0,1173
Juan Manuel Cerundolo,30,0,0,0,1174
Juan Manuel Cerundolo,31,0,0,0,1175
Juan Manuel Cerundolo,32,0,0,0,1176
Juan Manuel Cerundolo,33,0,0,0,1177
Juan Manuel Cerundolo,34,0,0,0,1178
Juan Manuel Cerundolo,35,0,0,0,1179
Juan Manuel Cerundolo,36,0,0,0,1180
Juan Manuel Cerundolo,37,0,0,0,1181
Juan Manuel Cerundolo,38,0,0,0,1182
Juan Manuel Cerundolo,39,0,0,0,1183
Juan Manuel Cerundolo,40,0,0,0,1184
Juan Manuel Cerundolo,41,0,0,0,1185
Juan Manuel Cerundolo,42,0,0,0,1186
Juan Manuel Cerundolo,43,0,0,0,1187
Juan Manuel Cerundolo,44,0,0,0,1188
Juan Manuel Cerundolo,45,0,0,0,1189
Juan Manuel Cerundolo,46,0,0,0,1190
Juan Manuel Cerundolo,47,0,0,0,1191
Juan Manuel Cerundolo,48,0,0,0,1192
Juan Manuel Cerundolo,49,0,0,0,1193
Juan Manuel Cerundolo,50,0,0,0,1194
Juan Manuel Cerundolo,51,0,0,0,1195
Juan Manuel Cerundolo,52,0,0,0,1196
Juan Pablo Varillas,1,0,0,0,1145
Juan Pablo Varillas,2,0,0,0,1146
Juan Pablo Varillas,3,0,0,10,1147
Juan Pablo Varillas,4,0,0,0,1148
Juan Pablo Varillas,5,0,0,0,1149
Juan Pablo Varillas,6,20,0,0,1150
Juan Pablo Varillas,7,20,0,0,1151
Juan Pablo Varillas,8,20,0,0,1152
Juan Pablo Varillas,9,45,0,0,1153
Juan Pablo Varillas,10,0,0,0,1154
Juan Pablo Varillas,11,0,0,0,1155
Juan Pablo Varillas,12,0,0,0,1156
Juan Pablo Varillas,13,0,0,0,1157
Juan Pablo Varillas,14,20,0,0,1158
Juan Pablo Varillas,15,0,0,0,1159
Juan Pablo Varillas,16,0,0,0,1160
Juan Pablo Varillas,17,0,0,0,1161
Juan Pablo Varillas,18,0,0,0,1162
Juan Pablo Varillas,19,0,0,0,1163
Juan Pablo Varillas,20,0,0,0,1164
Juan Pablo Varillas,21,0,0,0,1165
Juan Pablo Varillas,22,0,0,0,1166
Juan Pablo Varillas,23,0,0,0,1167
Juan Pablo Varillas,24,0,0,0,1168
Juan Pablo Varillas,25,0,0,0,1169
Juan Pablo Varillas,26,0,0,0,1170
Juan Pablo Varillas,27,0,0,0,1171
Juan Pablo Varillas,28,0,0,0,1172
Juan Pablo Varillas,29,45,0,0,1173
Juan Pablo Varillas,30,0,0,0,1174
Juan Pablo Varillas,31,0,0,0,1175
Juan Pablo Varillas,32,0,0,0,1176
Juan Pablo Varillas,33,0,0,0,1177
Juan Pablo Varillas,34,0,0,0,1178
Juan Pablo Varillas,35,0,0,0,1179
Juan Pablo Varillas,36,0,0,0,1180
Juan Pablo Varillas,37,0,0,0,1181
Juan Pablo Varillas,38,0,0,0,1182
Juan Pablo Varillas,39,0,0,0,1183
Juan Pablo Varillas,40,0,0,0,1184
Juan Pablo Varillas,41,0,0,0,1185
Juan Pablo Varillas,42,0,0,0,1186
Juan Pablo Varillas,43,0,0,0,1187
Juan Pablo Varillas,44,0,0,0,1188
Juan Pablo Varillas,45,0,0,0,1189
Juan Pablo Varillas,46,0,0,0,1190
Juan Pablo Varillas,47,0,0,0,1191
Juan Pablo Varillas,48,0,0,0,1192
Juan Pablo Varillas,49,0,0,0,1193
Juan Pablo Varillas,50,0,0,0,1194
Juan Pablo Varillas,51,0,0,0,1195
Juan Pablo Varillas,52,0,0,0,1196
Juncheng Shang,1,0,0,180,1145
Juncheng Shang,2,0,0,0,1146
Juncheng Shang,3,0,0,90,1147
Juncheng Shang,4,0,0,0,1148
Juncheng Shang,5,0,0,0,1149
Juncheng Shang,6,0,0,0,1150
Juncheng Shang,7,0,0,20,1151
Juncheng Shang,8,0,0,0,1152
Juncheng Shang,9,0,0,0,1153
Juncheng Shang,10,0,0,25,1154
Juncheng Shang,11,0,0,0,1155
Juncheng Shang,12,0,0,25,1156
Juncheng Shang,13,0,0,0,1157
Juncheng Shang,14,0,0,0,1158
Juncheng Shang,15,0,0,0,1159
Juncheng Shang,16,0,0,0,1160
Juncheng Shang,17,25,0,0,1161
Juncheng Shang,18,0,0,0,1162
Juncheng Shang,19,25,0,0,1163
Juncheng Shang,20,0,0,0,1164
Juncheng Shang,21,0,0,0,1165
Juncheng Shang,22,0,0,0,1166
Juncheng Shang,23,0,0,0,1167
Juncheng Shang,24,0,0,0,1168
Juncheng Shang,25,0,0,0,1169
Juncheng Shang,26,0,90,0,1170
Juncheng Shang,27,0,45,0,1171
Juncheng Shang,28,0,0,0,1172
Juncheng Shang,29,0,0,0,1173
Juncheng Shang,30,0,0,180,1174
Juncheng Shang,31,0,0,20,1175
Juncheng Shang,32,0,0,0,1176
Juncheng Shang,33,0,0,0,1177
Juncheng Shang,34,0,0,45,1178
Juncheng Shang,35,0,0,90,1179
Juncheng Shang,36,0,0,0,1180
Juncheng Shang,37,0,0,0,1181
Juncheng Shang,38,0,0,500,1182
Juncheng Shang,39,0,0,20,1183
Juncheng Shang,40,0,0,25,1184
Juncheng Shang,41,0,0,0,1185
Juncheng Shang,42,0,0,0,1186
Juncheng Shang,43,0,0,20,1187
Juncheng Shang,44,0,0,25,1188
Juncheng Shang,45,0,0,20,1189
Juncheng Shang,46,0,0,0,1190
Juncheng Shang,47,0,0,0,1191
Juncheng Shang,48,0,0,0,1192
Juncheng Shang,49,0,0,0,1193
Juncheng Shang,50,0,0,0,1194
Juncheng Shang,51,0,0,0,1195
Juncheng Shang,52,0,0,0,1196
Jurij Rodionov,1,0,0,0,1145
Jurij Rodionov,2,0,0,0,1146
Jurij Rodionov,3,0,0,0,1147
Jurij Rodionov,4,0,0,0,1148
Jurij Rodionov,5,0,0,0,1149
Jurij Rodionov,6,0,0,0,1150
Jurij Rodionov,7,0,0,0,1151
Jurij Rodionov,8,0,0,0,1152
Jurij Rodionov,9,0,0,0,1153
Jurij Rodionov,10,0,0,10,1154
Jurij Rodionov,11,0,0,0,1155
Jurij Rodionov,12,0,0,0,1156
Jurij Rodionov,13,0,0,0,1157
Jurij Rodionov,14,20,0,0,1158
Jurij Rodionov,15,0,0,0,1159
Jurij Rodionov,16,45,0,0,1160
Jurij Rodionov,17,0,0,0,1161
Jurij Rodionov,18,0,0,0,1162
Jurij Rodionov,19,0,0,0,1163
Jurij Rodionov,20,0,0,0,1164
Jurij Rodionov,21,0,0,0,1165
Jurij Rodionov,22,0,0,0,1166
Jurij Rodionov,23,0,0,0,1167
Jurij Rodionov,24,0,0,0,1168
Jurij Rodionov,25,0,0,0,1169
Jurij Rodionov,26,0,0,0,1170
Jurij Rodionov,27,0,0,0,1171
Jurij Rodionov,28,0,0,0,1172
Jurij Rodionov,29,0,0,0,1173
Jurij Rodionov,30,0,0,0,1174
Jurij Rodionov,31,0,0,0,1175
Jurij Rodionov,32,0,0,0,1176
Jurij Rodionov,33,0,0,0,1177
Jurij Rodionov,34,0,0,0,1178
Jurij Rodionov,35,0,0,0,1179
Jurij Rodionov,36,0,0,0,1180
Jurij Rodionov,37,0,0,0,1181
Jurij Rodionov,38,0,0,0,1182
Jurij Rodionov,39,0,0,0,1183
Jurij Rodionov,40,0,0,0,1184
Jurij Rodionov,41,0,0,0,1185
Jurij Rodionov,42,0,0,0,1186
Jurij Rodionov,43,0,0,0,1187
Jurij Rodionov,44,0,0,0,1188
Jurij Rodionov,45,0,0,0,1189
Jurij Rodionov,46,0,0,0,1190
Jurij Rodionov,47,0,0,0,1191
Jurij Rodionov,48,0,0,0,1192
Jurij Rodionov,49,0,0,0,1193
Jurij Rodionov,50,0,0,0,1194
Jurij Rodionov,51,0,0,0,1195
Jurij Rodionov,52,0,0,0,1196
Justin Engel,1,0,0,0,1145
Justin Engel,2,0,0,0,1146
Justin Engel,3,0,0,0,1147
Justin Engel,4,0,0,0,1148
Justin Engel,5,0,0,0,1149
Justin Engel,6,0,0,0,1150
Justin Engel,7,0,0,0,1151
Justin Engel,8,0,0,0,1152
Justin Engel,9,0,0,0,1153
Justin Engel,10,0,0,0,1154
Justin Engel,11,0,0,0,1155
Justin Engel,12,0,0,0,1156
Justin Engel,13,0,0,0,1157
Justin Engel,14,0,0,0,1158
Justin Engel,15,0,0,0,1159
Justin Engel,16,0,0,0,1160
Justin Engel,17,0,0,0,1161
Justin Engel,18,0,0,0,1162
Justin Engel,19,0,0,0,1163
Justin Engel,20,0,0,0,1164
Justin Engel,21,0,0,0,1165
Justin Engel,22,0,0,0,1166
Justin Engel,23,0,0,0,1167
Justin Engel,24,0,0,0,1168
Justin Engel,25,0,0,0,1169
Justin Engel,26,0,0,0,1170
Justin Engel,27,0,0,0,1171
Justin Engel,28,0,0,0,1172
Justin Engel,29,0,0,0,1173
Justin Engel,30,0,0,0,1174
Justin Engel,31,0,0,0,1175
Justin Engel,32,0,0,0,1176
Justin Engel,33,0,0,0,1177
Justin Engel,34,0,0,0,1178
Justin Engel,35,0,0,0,1179
Justin Engel,36,0,0,0,1180
Justin Engel,37,0,0,0,1181
Justin Engel,38,0,0,0,1182
Justin Engel,39,0,0,0,1183
Justin Engel,40,0,0,0,1184
Justin Engel,41,0,0,0,1185
Justin Engel,42,0,0,45,1186
Justin Engel,43,0,0,0,1187
Justin Engel,44,0,0,0,1188
Justin Engel,45,0,0,0,1189
Justin Engel,46,0,0,0,1190
Justin Engel,47,0,0,0,1191
Justin Engel,48,0,0,0,1192
Justin Engel,49,0,0,0,1193
Justin Engel,50,0,0,0,1194
Justin Engel,51,0,0,0,1195
Justin Engel,52,0,0,0,1196
Karen Khachanov,1,0,0,45,1145
Karen Khachanov,2,0,0,0,1146
Karen Khachanov,3,0,0,180,1147
Karen Khachanov,4,0,0,0,1148
Karen Khachanov,5,0,0,0,1149
Karen Khachanov,6,0,0,180,1150
Karen Khachanov,7,0,0,0,1151
Karen Khachanov,8,0,0,500,1152
Karen Khachanov,9,0,0,45,1153
Karen Khachanov,10,0,0,25,1154
Karen Khachanov,11,0,0,0,1155
Karen Khachanov,12,0,0,90,1156
Karen Khachanov,13,0,0,0,1157
Karen Khachanov,14,0,0,0,1158
Karen Khachanov,15,180,0,0,1159
Karen Khachanov,16,0,0,0,1160
Karen Khachanov,17,90,0,0,1161
Karen Khachanov,18,0,0,0,1162
Karen Khachanov,19,90,0,0,1163
Karen Khachanov,20,0,0,0,1164
Karen Khachanov,21,0,0,0,1165
Karen Khachanov,22,45,0,0,1166
Karen Khachanov,23,0,0,0,1167
Karen Khachanov,24,0,45,0,1168
Karen Khachanov,25,0,20,0,1169
Karen Khachanov,26,0,0,0,1170
Karen Khachanov,27,0,45,0,1171
Karen Khachanov,28,0,0,0,1172
Karen Khachanov,29,0,0,0,1173
Karen Khachanov,30,0,0,0,1174
Karen Khachanov,31,0,0,20,1175
Karen Khachanov,32,0,0,45,1176
Karen Khachanov,33,0,0,45,1177
Karen Khachanov,34,0,0,0,1178
Karen Khachanov,35,0,0,10,1179
Karen Khachanov,36,0,0,0,1180
Karen Khachanov,37,0,0,0,1181
Karen Khachanov,38,0,0,45,1182
Karen Khachanov,39,0,0,90,1183
Karen Khachanov,40,0,0,25,1184
Karen Khachanov,41,0,0,0,1185
Karen Khachanov,42,0,0,500,1186
Karen Khachanov,43,0,0,600,1187
Karen Khachanov,44,0,0,360,1188
Karen Khachanov,45,0,0,0,1189
Karen Khachanov,46,0,0,0,1190
Karen Khachanov,47,0,0,0,1191
Karen Khachanov,48,0,0,0,1192
Karen Khachanov,49,0,0,0,1193
Karen Khachanov,50,0,0,0,1194
Karen Khachanov,51,0,0,0,1195
Karen Khachanov,52,0,0,0,1196
Kei Nishikori,1,0,0,0,1145
Kei Nishikori,2,0,0,0,1146
Kei Nishikori,3,0,0,0,1147
Kei Nishikori,4,0,0,0,1148
Kei Nishikori,5,0,0,0,1149
Kei Nishikori,6,0,0,0,1150
Kei Nishikori,7,0,0,0,1151
Kei Nishikori,8,0,0,0,1152
Kei Nishikori,9,0,0,0,1153
Kei Nishikori,10,0,0,0,1154
Kei Nishikori,11,0,0,0,1155
Kei Nishikori,12,0,0,10,1156
Kei Nishikori,13,0,0,0,1157
Kei Nishikori,14,0,0,0,1158
Kei Nishikori,15,0,0,0,1159
Kei Nishikori,16,0,0,0,1160
Kei Nishikori,17,0,0,0,1161
Kei Nishikori,18,0,0,0,1162
Kei Nishikori,19,0,0,0,1163
Kei Nishikori,20,0,0,0,1164
Kei Nishikori,21,0,0,0,1165
Kei Nishikori,22,45,0,0,1166
Kei Nishikori,23,0,0,0,1167
Kei Nishikori,24,0,0,0,1168
Kei Nishikori,25,0,0,0,1169
Kei Nishikori,26,0,0,0,1170
Kei Nishikori,27,0,10,0,1171
Kei Nishikori,28,0,0,0,1172
Kei Nishikori,29,0,0,0,1173
Kei Nishikori,30,0,0,0,1174
Kei Nishikori,31,0,0,0,1175
Kei Nishikori,32,0,0,180,1176
Kei Nishikori,33,0,0,0,1177
Kei Nishikori,34,0,0,0,1178
Kei Nishikori,35,0,0,0,1179
Kei Nishikori,36,0,0,0,1180
Kei Nishikori,37,0,0,0,1181
Kei Nishikori,38,0,0,20,1182
Kei Nishikori,39,0,0,90,1183
Kei Nishikori,40,0,0,25,1184
Kei Nishikori,41,0,0,0,1185
Kei Nishikori,42,0,0,0,1186
Kei Nishikori,43,0,0,20,1187
Kei Nishikori,44,0,0,0,1188
Kei Nishikori,45,0,0,0,1189
Kei Nishikori,46,0,0,0,1190
Kei Nishikori,47,0,0,0,1191
Kei Nishikori,48,0,0,0,1192
Kei Nishikori,49,0,0,0,1193
Kei Nishikori,50,0,0,0,1194
Kei Nishikori,51,0,0,0,1195
Kei Nishikori,52,0,0,0,1196
Kiranpal Pannu,1,0,0,0,1145
Kiranpal Pannu,2,0,0,20,1146
Kiranpal Pannu,3,0,0,0,1147
Kiranpal Pannu,4,0,0,0,1148
Kiranpal Pannu,5,0,0,0,1149
Kiranpal Pannu,6,0,0,0,1150
Kiranpal Pannu,7,0,0,0,1151
Kiranpal Pannu,8,0,0,0,1152
Kiranpal Pannu,9,0,0,0,1153
Kiranpal Pannu,10,0,0,0,1154
Kiranpal Pannu,11,0,0,0,1155
Kiranpal Pannu,12,0,0,0,1156
Kiranpal Pannu,13,0,0,0,1157
Kiranpal Pannu,14,0,0,0,1158
Kiranpal Pannu,15,0,0,0,1159
Kiranpal Pannu,16,0,0,0,1160
Kiranpal Pannu,17,0,0,0,1161
Kiranpal Pannu,18,0,0,0,1162
Kiranpal Pannu,19,0,0,0,1163
Kiranpal Pannu,20,0,0,0,1164
Kiranpal Pannu,21,0,0,0,1165
Kiranpal Pannu,22,0,0,0,1166
Kiranpal Pannu,23,0,0,0,1167
Kiranpal Pannu,24,0,0,0,1168
Kiranpal Pannu,25,0,0,0,1169
Kiranpal Pannu,26,0,0,0,1170
Kiranpal Pannu,27,0,0,0,1171
Kiranpal Pannu,28,0,0,0,1172
Kiranpal Pannu,29,0,0,0,1173
Kiranpal Pannu,30,0,0,0,1174
Kiranpal Pannu,31,0,0,0,1175
Kiranpal Pannu,32,0,0,0,1176
Kiranpal Pannu,33,0,0,0,1177
Kiranpal Pannu,34,0,0,0,1178
Kiranpal Pannu,35,0,0,0,1179
Kiranpal Pannu,36,0,0,0,1180
Kiranpal Pannu,37,0,0,0,1181
Kiranpal Pannu,38,0,0,0,1182
Kiranpal Pannu,39,0,0,0,1183
Kiranpal Pannu,40,0,0,0,1184
Kiranpal Pannu,41,0,0,0,1185
Kiranpal Pannu,42,0,0,0,1186
Kiranpal Pannu,43,0,0,0,1187
Kiranpal Pannu,44,0,0,0,1188
Kiranpal Pannu,45,0,0,0,1189
Kiranpal Pannu,46,0,0,0,1190
Kiranpal Pannu,47,0,0,0,1191
Kiranpal Pannu,48,0,0,0,1192
Kiranpal Pannu,49,0,0,0,1193
Kiranpal Pannu,50,0,0,0,1194
Kiranpal Pannu,51,0,0,0,1195
Kiranpal Pannu,52,0,0,0,1196
Kyrian Jacquet,1,0,0,0,1145
Kyrian Jacquet,2,0,0,0,1146
Kyrian Jacquet,3,0,0,0,1147
Kyrian Jacquet,4,0,0,0,1148
Kyrian Jacquet,5,0,0,0,1149
Kyrian Jacquet,6,0,0,0,1150
Kyrian Jacquet,7,0,0,0,1151
Kyrian Jacquet,8,0,0,0,1152
Kyrian Jacquet,9,0,0,0,1153
Kyrian Jacquet,10,0,0,0,1154
Kyrian Jacquet,11,0,0,0,1155
Kyrian Jacquet,12,0,0,0,1156
Kyrian Jacquet,13,0,0,0,1157
Kyrian Jacquet,14,0,0,0,1158
Kyrian Jacquet,15,0,0,0,1159
Kyrian Jacquet,16,0,0,0,1160
Kyrian Jacquet,17,0,0,0,1161
Kyrian Jacquet,18,0,0,0,1162
Kyrian Jacquet,19,0,0,0,1163
Kyrian Jacquet,20,0,0,0,1164
Kyrian Jacquet,21,0,0,0,1165
Kyrian Jacquet,22,0,0,0,1166
Kyrian Jacquet,23,0,0,0,1167
Kyrian Jacquet,24,0,0,0,1168
Kyrian Jacquet,25,0,0,0,1169
Kyrian Jacquet,26,0,0,0,1170
Kyrian Jacquet,27,0,0,0,1171
Kyrian Jacquet,28,0,0,0,1172
Kyrian Jacquet,29,0,0,0,1173
Kyrian Jacquet,30,0,0,0,1174
Kyrian Jacquet,31,0,0,0,1175
Kyrian Jacquet,32,0,0,0,1176
Kyrian Jacquet,33,0,0,0,1177
Kyrian Jacquet,34,0,0,0,1178
Kyrian Jacquet,35,0,0,10,1179
Kyrian Jacquet,36,0,0,0,1180
Kyrian Jacquet,37,0,0,0,1181
Kyrian Jacquet,38,0,0,0,1182
Kyrian Jacquet,39,0,0,0,1183
Kyrian Jacquet,40,0,0,0,1184
Kyrian Jacquet,41,0,0,0,1185
Kyrian Jacquet,42,0,0,0,1186
Kyrian Jacquet,43,0,0,0,1187
Kyrian Jacquet,44,0,0,0,1188
Kyrian Jacquet,45,0,0,0,1189
Kyrian Jacquet,46,0,0,0,1190
Kyrian Jacquet,47,0,0,0,1191
Kyrian Jacquet,48,0,0,0,1192
Kyrian Jacquet,49,0,0,0,1193
Kyrian Jacquet,50,0,0,0,1194
Kyrian Jacquet,51,0,0,0,1195
Kyrian Jacquet,52,0,0,0,1196
Laslo Djere,1,0,0,20,1145
Laslo Djere,2,0,0,0,1146
Laslo Djere,3,0,0,10,1147
Laslo Djere,4,0,0,0,1148
Laslo Djere,5,0,0,0,1149
Laslo Djere,6,0,0,0,1150
Laslo Djere,7,45,0,0,1151
Laslo Djere,8,45,0,0,1152
Laslo Djere,9,0,0,0,1153
Laslo Djere,10,0,0,0,1154
Laslo Djere,11,0,0,0,1155
Laslo Djere,12,0,0,25,1156
Laslo Djere,13,0,0,0,1157
Laslo Djere,14,45,0,0,1158
Laslo Djere,15,25,0,0,1159
Laslo Djere,16,0,0,0,1160
Laslo Djere,17,0,0,0,1161
Laslo Djere,18,0,0,0,1162
Laslo Djere,19,0,0,0,1163
Laslo Djere,20,0,0,0,1164
Laslo Djere,21,0,0,0,1165
Laslo Djere,22,10,0,0,1166
Laslo Djere,23,0,0,0,1167
Laslo Djere,24,0,0,0,1168
Laslo Djere,25,0,0,0,1169
Laslo Djere,26,0,20,0,1170
Laslo Djere,27,0,10,0,1171
Laslo Djere,28,0,0,0,1172
Laslo Djere,29,45,0,0,1173
Laslo Djere,30,45,0,0,1174
Laslo Djere,31,0,0,0,1175
Laslo Djere,32,0,0,0,1176
Laslo Djere,33,0,0,0,1177
Laslo Djere,34,0,0,0,1178
Laslo Djere,35,0,0,45,1179
Laslo Djere,36,0,0,0,1180
Laslo Djere,37,0,0,0,1181
Laslo Djere,38,0,0,0,1182
Laslo Djere,39,0,0,0,1183
Laslo Djere,40,0,0,0,1184
Laslo Djere,41,0,0,0,1185
Laslo Djere,42,0,0,45,1186
Laslo Djere,43,0,0,0,1187
Laslo Djere,44,0,0,0,1188
Laslo Djere,45,0,0,180,1189
Laslo Djere,46,0,0,0,1190
Laslo Djere,47,0,0,0,1191
Laslo Djere,48,0,0,0,1192
Laslo Djere,49,0,0,0,1193
Laslo Djere,50,0,0,0,1194
Laslo Djere,51,0,0,0,1195
Laslo Djere,52,0,0,0,1196
Leandro Riedi,1,0,0,0,1145
Leandro Riedi,2,0,0,0,1146
Leandro Riedi,3,0,0,0,1147
Leandro Riedi,4,0,0,0,1148
Leandro Riedi,5,0,0,0,1149
Leandro Riedi,6,0,0,0,1150
Leandro Riedi,7,0,0,0,1151
Leandro Riedi,8,0,0,0,1152
Leandro Riedi,9,0,0,0,1153
Leandro Riedi,10,0,0,0,1154
Leandro Riedi,11,0,0,0,1155
Leandro Riedi,12,0,0,0,1156
Leandro Riedi,13,0,0,0,1157
Leandro Riedi,14,0,0,0,1158
Leandro Riedi,15,0,0,0,1159
Leandro Riedi,16,0,0,0,1160
Leandro Riedi,17,0,0,0,1161
Leandro Riedi,18,0,0,0,1162
Leandro Riedi,19,0,0,0,1163
Leandro Riedi,20,0,0,0,1164
Leandro Riedi,21,0,0,0,1165
Leandro Riedi,22,0,0,0,1166
Leandro Riedi,23,0,0,0,1167
Leandro Riedi,24,0,0,0,1168
Leandro Riedi,25,0,0,0,1169
Leandro Riedi,26,0,0,0,1170
Leandro Riedi,27,0,0,0,1171
Leandro Riedi,28,0,0,0,1172
Leandro Riedi,29,45,0,0,1173
Leandro Riedi,30,0,0,0,1174
Leandro Riedi,31,0,0,0,1175
Leandro Riedi,32,0,0,0,1176
Leandro Riedi,33,0,0,0,1177
Leandro Riedi,34,0,0,0,1178
Leandro Riedi,35,0,0,0,1179
Leandro Riedi,36,0,0,0,1180
Leandro Riedi,37,0,0,0,1181
Leandro Riedi,38,0,0,0,1182
Leandro Riedi,39,0,0,0,1183
Leandro Riedi,40,0,0,0,1184
Leandro Riedi,41,0,0,0,1185
Leandro Riedi,42,0,0,0,1186
Leandro Riedi,43,0,0,0,1187
Leandro Riedi,44,0,0,0,1188
Leandro Riedi,45,0,0,0,1189
Leandro Riedi,46,0,0,0,1190
Leandro Riedi,47,0,0,0,1191
Leandro Riedi,48,0,0,0,1192
Leandro Riedi,49,0,0,0,1193
Leandro Riedi,50,0,0,0,1194
Leandro Riedi,51,0,0,0,1195
Leandro Riedi,52,0,0,0,1196
Learner Tien,1,0,0,0,1145
Learner Tien,2,0,0,0,1146
Learner Tien,3,0,0,0,1147
Learner Tien,4,0,0,0,1148
Learner Tien,5,0,0,0,1149
Learner Tien,6,0,0,0,1150
Learner Tien,7,0,0,0,1151
Learner Tien,8,0,0,0,1152
Learner Tien,9,0,0,0,1153
Learner Tien,10,0,0,0,1154
Learner Tien,11,0,0,0,1155
Learner Tien,12,0,0,0,1156
Learner Tien,13,0,0,0,1157
Learner Tien,14,0,0,0,1158
Learner Tien,15,0,0,0,1159
Learner Tien,16,0,0,0,1160
Learner Tien,17,0,0,0,1161
Learner Tien,18,0,0,0,1162
Learner Tien,19,0,0,0,1163
Learner Tien,20,0,0,0,1164
Learner Tien,21,0,0,0,1165
Learner Tien,22,0,0,0,1166
Learner Tien,23,0,0,0,1167
Learner Tien,24,0,0,0,1168
Learner Tien,25,0,0,0,1169
Learner Tien,26,0,0,0,1170
Learner Tien,27,0,0,0,1171
Learner Tien,28,0,0,0,1172
Learner Tien,29,0,0,0,1173
Learner Tien,30,0,0,0,1174
Learner Tien,31,0,0,0,1175
Learner Tien,32,0,0,0,1176
Learner Tien,33,0,0,0,1177
Learner Tien,34,0,0,90,1178
Learner Tien,35,0,0,10,1179
Learner Tien,36,0,0,0,1180
Learner Tien,37,0,0,0,1181
Learner Tien,38,0,0,0,1182
Learner Tien,39,0,0,0,1183
Learner Tien,40,0,0,0,1184
Learner Tien,41,0,0,0,1185
Learner Tien,42,0,0,0,1186
Learner Tien,43,0,0,0,1187
Learner Tien,44,0,0,0,1188
Learner Tien,45,0,0,0,1189
Learner Tien,46,0,0,0,1190
Learner Tien,47,0,0,0,1191
Learner Tien,48,0,0,0,1192
Learner Tien,49,0,0,0,1193
Learner Tien,50,0,0,0,1194
Learner Tien,51,0,0,1000,1195
Learner Tien,52,0,0,0,1196
Leo Borg,1,0,0,0,1145
Leo Borg,2,0,0,0,1146
Leo Borg,3,0,0,0,1147
Leo Borg,4,0,0,0,1148
Leo Borg,5,0,0,0,1149
Leo Borg,6,0,0,0,1150
Leo Borg,7,0,0,0,1151
Leo Borg,8,0,0,0,1152
Leo Borg,9,0,0,0,1153
Leo Borg,10,0,0,0,1154
Leo Borg,11,0,0,0,1155
Leo Borg,12,0,0,0,1156
Leo Borg,13,0,0,0,1157
Leo Borg,14,0,0,0,1158
Leo Borg,15,0,0,0,1159
Leo Borg,16,0,0,0,1160
Leo Borg,17,0,0,0,1161
Leo Borg,18,0,0,0,1162
Leo Borg,19,0,0,0,1163
Leo Borg,20,0,0,0,1164
Leo Borg,21,0,0,0,1165
Leo Borg,22,0,0,0,1166
Leo Borg,23,0,0,0,1167
Leo Borg,24,0,0,0,1168
Leo Borg,25,0,0,0,1169
Leo Borg,26,0,0,0,1170
Leo Borg,27,0,0,0,1171
Leo Borg,28,0,0,0,1172
Leo Borg,29,20,0,0,1173
Leo Borg,30,0,0,0,1174
Leo Borg,31,0,0,0,1175
Leo Borg,32,0,0,0,1176
Leo Borg,33,0,0,0,1177
Leo Borg,34,0,0,0,1178
Leo Borg,35,0,0,0,1179
Leo Borg,36,0,0,0,1180
Leo Borg,37,0,0,0,1181
Leo Borg,38,0,0,0,1182
Leo Borg,39,0,0,0,1183
Leo Borg,40,0,0,0,1184
Leo Borg,41,0,0,0,1185
Leo Borg,42,0,0,20,1186
Leo Borg,43,0,0,0,1187
Leo Borg,44,0,0,0,1188
Leo Borg,45,0,0,0,1189
Leo Borg,46,0,0,0,1190
Leo Borg,47,0,0,0,1191
Leo Borg,48,0,0,0,1192
Leo Borg,49,0,0,0,1193
Leo Borg,50,0,0,0,1194
Leo Borg,51,0,0,0,1195
Leo Borg,52,0,0,0,1196
Li Tu,1,0,0,20,1145
Li Tu,2,0,0,0,1146
Li Tu,3,0,0,0,1147
Li Tu,4,0,0,0,1148
Li Tu,5,0,0,0,1149
Li Tu,6,0,0,0,1150
Li Tu,7,0,0,0,1151
Li Tu,8,0,0,0,1152
Li Tu,9,0,0,0,1153
Li Tu,10,0,0,0,1154
Li Tu,11,0,0,0,1155
Li Tu,12,0,0,0,1156
Li Tu,13,0,0,0,1157
Li Tu,14,0,0,0,1158
Li Tu,15,0,0,0,1159
Li Tu,16,0,0,0,1160
Li Tu,17,0,0,0,1161
Li Tu,18,0,0,0,1162
Li Tu,19,0,0,0,1163
Li Tu,20,0,0,0,1164
Li Tu,21,0,0,0,1165
Li Tu,22,0,0,0,1166
Li Tu,23,0,0,0,1167
Li Tu,24,0,0,0,1168
Li Tu,25,0,0,0,1169
Li Tu,26,0,0,0,1170
Li Tu,27,0,0,0,1171
Li Tu,28,0,0,0,1172
Li Tu,29,0,20,0,1173
Li Tu,30,0,0,0,1174
Li Tu,31,0,0,0,1175
Li Tu,32,0,0,0,1176
Li Tu,33,0,0,0,1177
Li Tu,34,0,0,0,1178
Li Tu,35,0,0,10,1179
Li Tu,36,0,0,0,1180
Li Tu,37,0,0,0,1181
Li Tu,38,0,0,0,1182
Li Tu,39,0,0,0,1183
Li Tu,40,0,0,10,1184
Li Tu,41,0,0,0,1185
Li Tu,42,0,0,0,1186
Li Tu,43,0,0,0,1187
Li Tu,44,0,0,0,1188
Li Tu,45,0,0,0,1189
Li Tu,46,0,0,0,1190
Li Tu,47,0,0,0,1191
Li Tu,48,0,0,0,1192
Li Tu,49,0,0,0,1193
Li Tu,50,0,0,0,1194
Li Tu,51,0,0,0,1195
Li Tu,52,0,0,0,1196
Liam Broady,1,0,0,45,1145
Liam Broady,2,0,0,0,1146
Liam Broady,3,0,0,0,1147
Liam Broady,4,0,0,0,1148
Liam Broady,5,0,0,0,1149
Liam Broady,6,0,0,0,1150
Liam Broady,7,0,0,20,1151
Liam Broady,8,0,0,0,1152
Liam Broady,9,0,0,0,1153
Liam Broady,10,0,0,0,1154
Liam Broady,11,0,0,0,1155
Liam Broady,12,0,0,0,1156
Liam Broady,13,0,0,0,1157
Liam Broady,14,0,0,0,1158
Liam Broady,15,0,0,0,1159
Liam Broady,16,0,0,0,1160
Liam Broady,17,0,0,0,1161
Liam Broady,18,0,0,0,1162
Liam Broady,19,0,0,0,1163
Liam Broady,20,0,0,0,1164
Liam Broady,21,0,0,0,1165
Liam Broady,22,0,0,0,1166
Liam Broady,23,0,0,0,1167
Liam Broady,24,0,0,0,1168
Liam Broady,25,0,0,0,1169
Liam Broady,26,0,20,0,1170
Liam Broady,27,0,10,0,1171
Liam Broady,28,0,0,0,1172
Liam Broady,29,0,0,0,1173
Liam Broady,30,0,0,0,1174
Liam Broady,31,0,0,0,1175
Liam Broady,32,0,0,0,1176
Liam Broady,33,0,0,0,1177
Liam Broady,34,0,0,0,1178
Liam Broady,35,0,0,0,1179
Liam Broady,36,0,0,0,1180
Liam Broady,37,0,0,0,1181
Liam Broady,38,0,0,0,1182
Liam Broady,39,0,0,0,1183
Liam Broady,40,0,0,0,1184
Liam Broady,41,0,0,0,1185
Liam Broady,42,0,0,0,1186
Liam Broady,43,0,0,0,1187
Liam Broady,44,0,0,0,1188
Liam Broady,45,0,0,0,1189
Liam Broady,46,0,0,0,1190
Liam Broady,47,0,0,0,1191
Liam Broady,48,0,0,0,1192
Liam Broady,49,0,0,0,1193
Liam Broady,50,0,0,0,1194
Liam Broady,51,0,0,0,1195
Liam Broady,52,0,0,0,1196
Lloyd Harris,1,0,0,0,1145
Lloyd Harris,2,0,0,0,1146
Lloyd Harris,3,0,0,10,1147
Lloyd Harris,4,0,0,0,1148
Lloyd Harris,5,0,0,0,1149
Lloyd Harris,6,0,0,0,1150
Lloyd Harris,7,0,0,0,1151
Lloyd Harris,8,0,0,0,1152
Lloyd Harris,9,0,0,0,1153
Lloyd Harris,10,0,0,0,1154
Lloyd Harris,11,0,0,0,1155
Lloyd Harris,12,0,0,0,1156
Lloyd Harris,13,0,0,0,1157
Lloyd Harris,14,0,0,0,1158
Lloyd Harris,15,0,0,0,1159
Lloyd Harris,16,0,0,0,1160
Lloyd Harris,17,0,0,0,1161
Lloyd Harris,18,0,0,0,1162
Lloyd Harris,19,0,0,0,1163
Lloyd Harris,20,0,0,0,1164
Lloyd Harris,21,0,0,0,1165
Lloyd Harris,22,0,0,0,1166
Lloyd Harris,23,0,0,0,1167
Lloyd Harris,24,0,0,0,1168
Lloyd Harris,25,0,0,0,1169
Lloyd Harris,26,0,0,0,1170
Lloyd Harris,27,0,45,0,1171
Lloyd Harris,28,0,0,0,1172
Lloyd Harris,29,0,0,0,1173
Lloyd Harris,30,0,0,0,1174
Lloyd Harris,31,0,0,0,1175
Lloyd Harris,32,0,0,0,1176
Lloyd Harris,33,0,0,0,1177
Lloyd Harris,34,0,0,0,1178
Lloyd Harris,35,0,0,0,1179
Lloyd Harris,36,0,0,0,1180
Lloyd Harris,37,0,0,0,1181
Lloyd Harris,38,0,0,0,1182
Lloyd Harris,39,0,0,0,1183
Lloyd Harris,40,0,0,0,1184
Lloyd Harris,41,0,0,0,1185
Lloyd Harris,42,0,0,0,1186
Lloyd Harris,43,0,0,0,1187
Lloyd Harris,44,0,0,0,1188
Lloyd Harris,45,0,0,0,1189
Lloyd Harris,46,0,0,0,1190
Lloyd Harris,47,0,0,0,1191
Lloyd Harris,48,0,0,0,1192
Lloyd Harris,49,0,0,0,1193
Lloyd Harris,50,0,0,0,1194
Lloyd Harris,51,0,0,0,1195
Lloyd Harris,52,0,0,0,1196
Lorenzo Musetti,1,0,0,45,1145
Lorenzo Musetti,2,0,0,90,1146
Lorenzo Musetti,3,0,0,45,1147
Lorenzo Musetti,4,0,0,0,1148
Lorenzo Musetti,5,0,0,0,1149
Lorenzo Musetti,6,0,0,45,1150
Lorenzo Musetti,7,0,0,20,1151
Lorenzo Musetti,8,0,0,20,1152
Lorenzo Musetti,9,0,0,20,1153
Lorenzo Musetti,10,0,0,45,1154
Lorenzo Musetti,11,0,0,0,1155
Lorenzo Musetti,12,0,0,90,1156
Lorenzo Musetti,13,0,0,0,1157
Lorenzo Musetti,14,45,0,0,1158
Lorenzo Musetti,15,90,0,0,1159
Lorenzo Musetti,16,20,0,0,1160
Lorenzo Musetti,17,25,0,0,1161
Lorenzo Musetti,18,0,0,0,1162
Lorenzo Musetti,19,25,0,0,1163
Lorenzo Musetti,20,0,0,0,1164
Lorenzo Musetti,21,0,0,0,1165
Lorenzo Musetti,22,90,0,0,1166
Lorenzo Musetti,23,0,0,0,1167
Lorenzo Musetti,24,0,180,0,1168
Lorenzo Musetti,25,0,600,0,1169
Lorenzo Musetti,26,0,0,0,1170
Lorenzo Musetti,27,0,720,0,1171
Lorenzo Musetti,28,0,0,0,1172
Lorenzo Musetti,29,0,0,0,1173
Lorenzo Musetti,30,600,0,0,1174
Lorenzo Musetti,31,0,0,0,1175
Lorenzo Musetti,32,0,0,0,1176
Lorenzo Musetti,33,0,0,45,1177
Lorenzo Musetti,34,0,0,0,1178
Lorenzo Musetti,35,0,0,90,1179
Lorenzo Musetti,36,0,0,0,1180
Lorenzo Musetti,37,0,0,0,1181
Lorenzo Musetti,38,0,0,600,1182
Lorenzo Musetti,39,0,0,45,1183
Lorenzo Musetti,40,0,0,25,1184
Lorenzo Musetti,41,0,0,0,1185
Lorenzo Musetti,42,0,0,0,1186
Lorenzo Musetti,43,0,0,180,1187
Lorenzo Musetti,44,0,0,25,1188
Lorenzo Musetti,45,0,0,0,1189
Lorenzo Musetti,46,0,0,0,1190
Lorenzo Musetti,47,0,0,0,1191
Lorenzo Musetti,48,0,0,0,1192
Lorenzo Musetti,49,0,0,0,1193
Lorenzo Musetti,50,0,0,0,1194
Lorenzo Musetti,51,0,0,0,1195
Lorenzo Musetti,52,0,0,0,1196
Lorenzo Sonego,1,0,0,0,1145
Lorenzo Sonego,2,0,0,45,1146
Lorenzo Sonego,3,0,0,45,1147
Lorenzo Sonego,4,0,0,0,1148
Lorenzo Sonego,5,0,0,0,1149
Lorenzo Sonego,6,0,0,0,1150
Lorenzo Sonego,7,0,0,20,1151
Lorenzo Sonego,8,0,0,20,1152
Lorenzo Sonego,9,0,0,45,1153
Lorenzo Sonego,10,0,0,25,1154
Lorenzo Sonego,11,0,0,0,1155
Lorenzo Sonego,12,0,0,10,1156
Lorenzo Sonego,13,0,0,0,1157
Lorenzo Sonego,14,90,0,0,1158
Lorenzo Sonego,15,90,0,0,1159
Lorenzo Sonego,16,20,0,0,1160
Lorenzo Sonego,17,25,0,0,1161
Lorenzo Sonego,18,0,0,0,1162
Lorenzo Sonego,19,10,0,0,1163
Lorenzo Sonego,20,0,0,0,1164
Lorenzo Sonego,21,20,0,0,1165
Lorenzo Sonego,22,45,0,0,1166
Lorenzo Sonego,23,0,0,0,1167
Lorenzo Sonego,24,0,0,0,1168
Lorenzo Sonego,25,0,45,0,1169
Lorenzo Sonego,26,0,45,0,1170
Lorenzo Sonego,27,0,45,0,1171
Lorenzo Sonego,28,0,0,0,1172
Lorenzo Sonego,29,0,0,0,1173
Lorenzo Sonego,30,90,0,0,1174
Lorenzo Sonego,31,0,0,0,1175
Lorenzo Sonego,32,0,0,45,1176
Lorenzo Sonego,33,0,0,0,1177
Lorenzo Sonego,34,0,0,500,1178
Lorenzo Sonego,35,0,0,10,1179
Lorenzo Sonego,36,0,0,0,1180
Lorenzo Sonego,37,0,0,0,1181
Lorenzo Sonego,38,0,0,20,1182
Lorenzo Sonego,39,0,0,20,1183
Lorenzo Sonego,40,0,0,10,1184
Lorenzo Sonego,41,0,0,0,1185
Lorenzo Sonego,42,0,0,45,1186
Lorenzo Sonego,43,0,0,20,1187
Lorenzo Sonego,44,0,0,25,1188
Lorenzo Sonego,45,0,0,45,1189
Lorenzo Sonego,46,0,0,0,1190
Lorenzo Sonego,47,0,0,0,1191
Lorenzo Sonego,48,0,0,0,1192
Lorenzo Sonego,49,0,0,0,1193
Lorenzo Sonego,50,0,0,0,1194
Lorenzo Sonego,51,0,0,0,1195
Lorenzo Sonego,52,0,0,0,1196
Luca Nardi,1,0,0,0,1145
Luca Nardi,2,0,0,0,1146
Luca Nardi,3,0,0,0,1147
Luca Nardi,4,0,0,0,1148
Luca Nardi,5,0,0,0,1149
Luca Nardi,6,0,0,0,1150
Luca Nardi,7,0,0,0,1151
Luca Nardi,8,0,0,0,1152
Luca Nardi,9,0,0,0,1153
Luca Nardi,10,0,0,90,1154
Luca Nardi,11,0,0,0,1155
Luca Nardi,12,0,0,0,1156
Luca Nardi,13,0,0,0,1157
Luca Nardi,14,0,0,0,1158
Luca Nardi,15,25,0,0,1159
Luca Nardi,16,20,0,0,1160
Luca Nardi,17,0,0,0,1161
Luca Nardi,18,0,0,0,1162
Luca Nardi,19,25,0,0,1163
Luca Nardi,20,0,0,0,1164
Luca Nardi,21,0,0,0,1165
Luca Nardi,22,10,0,0,1166
Luca Nardi,23,0,0,0,1167
Luca Nardi,24,0,45,0,1168
Luca Nardi,25,0,0,0,1169
Luca Nardi,26,0,20,0,1170
Luca Nardi,27,0,10,0,1171
Luca Nardi,28,0,0,0,1172
Luca Nardi,29,0,0,0,1173
Luca Nardi,30,0,0,0,1174
Luca Nardi,31,0,0,0,1175
Luca Nardi,32,0,0,0,1176
Luca Nardi,33,0,0,0,1177
Luca Nardi,34,0,0,0,1178
Luca Nardi,35,0,0,10,1179
Luca Nardi,36,0,0,0,1180
Luca Nardi,37,0,0,0,1181
Luca Nardi,38,0,0,20,1182
Luca Nardi,39,0,0,0,1183
Luca Nardi,40,0,0,10,1184
Luca Nardi,41,0,0,0,1185
Luca Nardi,42,0,0,0,1186
Luca Nardi,43,0,0,0,1187
Luca Nardi,44,0,0,0,1188
Luca Nardi,45,0,0,0,1189
Luca Nardi,46,0,0,0,1190
Luca Nardi,47,0,0,0,1191
Luca Nardi,48,0,0,0,1192
Luca Nardi,49,0,0,0,1193
Luca Nardi,50,0,0,0,1194
Luca Nardi,51,0,0,0,1195
Luca Nardi,52,0,0,0,1196
Luca Van Assche,1,0,0,20,1145
Luca Van Assche,2,0,0,45,1146
Luca Van Assche,3,0,0,90,1147
Luca Van Assche,4,0,0,0,1148
Luca Van Assche,5,0,0,0,1149
Luca Van Assche,6,0,0,20,1150
Luca Van Assche,7,0,0,0,1151
Luca Van Assche,8,0,0,0,1152
Luca Van Assche,9,0,0,20,1153
Luca Van Assche,10,0,0,10,1154
Luca Van Assche,11,0,0,0,1155
Luca Van Assche,12,0,0,25,1156
Luca Van Assche,13,0,0,0,1157
Luca Van Assche,14,20,0,0,1158
Luca Van Assche,15,0,0,0,1159
Luca Van Assche,16,20,0,0,1160
Luca Van Assche,17,25,0,0,1161
Luca Van Assche,18,0,0,0,1162
Luca Van Assche,19,0,0,0,1163
Luca Van Assche,20,0,0,0,1164
Luca Van Assche,21,0,0,0,1165
Luca Van Assche,22,10,0,0,1166
Luca Van Assche,23,0,0,0,1167
Luca Van Assche,24,0,0,0,1168
Luca Van Assche,25,0,0,0,1169
Luca Van Assche,26,0,0,0,1170
Luca Van Assche,27,0,10,0,1171
Luca Van Assche,28,0,0,0,1172
Luca Van Assche,29,20,0,0,1173
Luca Van Assche,30,20,0,0,1174
Luca Van Assche,31,0,0,20,1175
Luca Van Assche,32,0,0,0,1176
Luca Van Assche,33,0,0,0,1177
Luca Van Assche,34,0,0,0,1178
Luca Van Assche,35,0,0,0,1179
Luca Van Assche,36,0,0,0,1180
Luca Van Assche,37,0,0,0,1181
Luca Van Assche,38,0,0,0,1182
Luca Van Assche,39,0,0,0,1183
Luca Van Assche,40,0,0,0,1184
Luca Van Assche,41,0,0,0,1185
Luca Van Assche,42,0,0,20,1186
Luca Van Assche,43,0,0,0,1187
Luca Van Assche,44,0,0,0,1188
Luca Van Assche,45,0,0,45,1189
Luca Van Assche,46,0,0,0,1190
Luca Van Assche,47,0,0,0,1191
Luca Van Assche,48,0,0,0,1192
Luca Van Assche,49,0,0,0,1193
Luca Van Assche,50,0,0,0,1194
Luca Van Assche,51,0,0,250,1195
Luca Van Assche,52,0,0,0,1196
Lucas Pouille,1,0,0,0,1145
Lucas Pouille,2,0,0,0,1146
Lucas Pouille,3,0,0,0,1147
Lucas Pouille,4,0,0,0,1148
Lucas Pouille,5,0,0,20,1149
Lucas Pouille,6,0,0,0,1150
Lucas Pouille,7,0,0,0,1151
Lucas Pouille,8,0,0,0,1152
Lucas Pouille,9,0,0,0,1153
Lucas Pouille,10,0,0,25,1154
Lucas Pouille,11,0,0,0,1155
Lucas Pouille,12,0,0,0,1156
Lucas Pouille,13,0,0,0,1157
Lucas Pouille,14,20,0,0,1158
Lucas Pouille,15,0,0,0,1159
Lucas Pouille,16,0,0,0,1160
Lucas Pouille,17,0,0,0,1161
Lucas Pouille,18,0,0,0,1162
Lucas Pouille,19,0,0,0,1163
Lucas Pouille,20,0,0,0,1164
Lucas Pouille,21,0,0,0,1165
Lucas Pouille,22,0,0,0,1166
Lucas Pouille,23,0,0,0,1167
Lucas Pouille,24,0,0,0,1168
Lucas Pouille,25,0,0,0,1169
Lucas Pouille,26,0,0,0,1170
Lucas Pouille,27,0,90,0,1171
Lucas Pouille,28,0,0,0,1172
Lucas Pouille,29,0,0,0,1173
Lucas Pouille,30,0,0,0,1174
Lucas Pouille,31,0,0,0,1175
Lucas Pouille,32,0,0,0,1176
Lucas Pouille,33,0,0,0,1177
Lucas Pouille,34,0,0,0,1178
Lucas Pouille,35,0,0,0,1179
Lucas Pouille,36,0,0,0,1180
Lucas Pouille,37,0,0,0,1181
Lucas Pouille,38,0,0,0,1182
Lucas Pouille,39,0,0,0,1183
Lucas Pouille,40,0,0,0,1184
Lucas Pouille,41,0,0,0,1185
Lucas Pouille,42,0,0,0,1186
Lucas Pouille,43,0,0,0,1187
Lucas Pouille,44,0,0,0,1188
Lucas Pouille,45,0,0,0,1189
Lucas Pouille,46,0,0,0,1190
Lucas Pouille,47,0,0,0,1191
Lucas Pouille,48,0,0,0,1192
Lucas Pouille,49,0,0,0,1193
Lucas Pouille,50,0,0,0,1194
Lucas Pouille,51,0,0,0,1195
Lucas Pouille,52,0,0,0,1196
Luciano Darderi,1,0,0,0,1145
Luciano Darderi,2,0,0,0,1146
Luciano Darderi,3,0,0,0,1147
Luciano Darderi,4,0,0,0,1148
Luciano Darderi,5,0,0,0,1149
Luciano Darderi,6,500,0,0,1150
Luciano Darderi,7,45,0,0,1151
Luciano Darderi,8,0,0,0,1152
Luciano Darderi,9,90,0,0,1153
Luciano Darderi,10,0,0,0,1154
Luciano Darderi,11,0,0,0,1155
Luciano Darderi,12,0,0,10,1156
Luciano Darderi,13,0,0,0,1157
Luciano Darderi,14,180,0,0,1158
Luciano Darderi,15,0,0,0,1159
Luciano Darderi,16,20,0,0,1160
Luciano Darderi,17,25,0,0,1161
Luciano Darderi,18,0,0,0,1162
Luciano Darderi,19,45,0,0,1163
Luciano Darderi,20,0,0,0,1164
Luciano Darderi,21,180,0,0,1165
Luciano Darderi,22,45,0,0,1166
Luciano Darderi,23,0,0,0,1167
Luciano Darderi,24,0,0,0,1168
Luciano Darderi,25,0,20,0,1169
Luciano Darderi,26,0,45,0,1170
Luciano Darderi,27,0,45,0,1171
Luciano Darderi,28,0,0,0,1172
Luciano Darderi,29,90,0,0,1173
Luciano Darderi,30,45,0,0,1174
Luciano Darderi,31,0,0,0,1175
Luciano Darderi,32,0,0,25,1176
Luciano Darderi,33,0,0,45,1177
Luciano Darderi,34,0,0,20,1178
Luciano Darderi,35,0,0,10,1179
Luciano Darderi,36,0,0,0,1180
Luciano Darderi,37,0,0,0,1181
Luciano Darderi,38,0,0,20,1182
Luciano Darderi,39,0,0,20,1183
Luciano Darderi,40,0,0,10,1184
Luciano Darderi,41,0,0,0,1185
Luciano Darderi,42,0,0,20,1186
Luciano Darderi,43,0,0,45,1187
Luciano Darderi,44,0,0,25,1188
Luciano Darderi,45,0,0,20,1189
Luciano Darderi,46,0,0,0,1190
Luciano Darderi,47,0,0,0,1191
Luciano Darderi,48,0,0,0,1192
Luciano Darderi,49,0,0,0,1193
Luciano Darderi,50,0,0,0,1194
Luciano Darderi,51,0,0,0,1195
Luciano Darderi,52,0,0,0,1196
Luka Mikrut,1,0,0,0,1145
Luka Mikrut,2,0,0,0,1146
Luka Mikrut,3,0,0,0,1147
Luka Mikrut,4,0,0,0,1148
Luka Mikrut,5,0,0,0,1149
Luka Mikrut,6,0,0,0,1150
Luka Mikrut,7,0,0,0,1151
Luka Mikrut,8,0,0,0,1152
Luka Mikrut,9,0,0,0,1153
Luka Mikrut,10,0,0,0,1154
Luka Mikrut,11,0,0,0,1155
Luka Mikrut,12,0,0,0,1156
Luka Mikrut,13,0,0,0,1157
Luka Mikrut,14,0,0,0,1158
Luka Mikrut,15,0,0,0,1159
Luka Mikrut,16,0,0,0,1160
Luka Mikrut,17,0,0,0,1161
Luka Mikrut,18,0,0,0,1162
Luka Mikrut,19,0,0,0,1163
Luka Mikrut,20,0,0,0,1164
Luka Mikrut,21,0,0,0,1165
Luka Mikrut,22,0,0,0,1166
Luka Mikrut,23,0,0,0,1167
Luka Mikrut,24,0,0,0,1168
Luka Mikrut,25,0,0,0,1169
Luka Mikrut,26,0,0,0,1170
Luka Mikrut,27,0,0,0,1171
Luka Mikrut,28,0,0,0,1172
Luka Mikrut,29,0,0,0,1173
Luka Mikrut,30,20,0,0,1174
Luka Mikrut,31,0,0,0,1175
Luka Mikrut,32,0,0,0,1176
Luka Mikrut,33,0,0,0,1177
Luka Mikrut,34,0,0,0,1178
Luka Mikrut,35,0,0,0,1179
Luka Mikrut,36,0,0,0,1180
Luka Mikrut,37,0,0,0,1181
Luka Mikrut,38,0,0,0,1182
Luka Mikrut,39,0,0,0,1183
Luka Mikrut,40,0,0,0,1184
Luka Mikrut,41,0,0,0,1185
Luka Mikrut,42,0,0,0,1186
Luka Mikrut,43,0,0,0,1187
Luka Mikrut,44,0,0,0,1188
Luka Mikrut,45,0,0,0,1189
Luka Mikrut,46,0,0,0,1190
Luka Mikrut,47,0,0,0,1191
Luka Mikrut,48,0,0,0,1192
Luka Mikrut,49,0,0,0,1193
Luka Mikrut,50,0,0,0,1194
Luka Mikrut,51,0,0,0,1195
Luka Mikrut,52,0,0,0,1196
Lukas Klein,1,0,0,45,1145
Lukas Klein,2,0,0,0,1146
Lukas Klein,3,0,0,45,1147
Lukas Klein,4,0,0,0,1148
Lukas Klein,5,0,0,0,1149
Lukas Klein,6,0,0,0,1150
Lukas Klein,7,0,0,0,1151
Lukas Klein,8,0,0,0,1152
Lukas Klein,9,0,0,0,1153
Lukas Klein,10,0,0,25,1154
Lukas Klein,11,0,0,0,1155
Lukas Klein,12,0,0,10,1156
Lukas Klein,13,0,0,0,1157
Lukas Klein,14,0,0,0,1158
Lukas Klein,15,0,0,0,1159
Lukas Klein,16,0,0,0,1160
Lukas Klein,17,25,0,0,1161
Lukas Klein,18,0,0,0,1162
Lukas Klein,19,0,0,0,1163
Lukas Klein,20,0,0,0,1164
Lukas Klein,21,0,0,0,1165
Lukas Klein,22,0,0,0,1166
Lukas Klein,23,0,0,0,1167
Lukas Klein,24,0,0,0,1168
Lukas Klein,25,0,0,0,1169
Lukas Klein,26,0,0,0,1170
Lukas Klein,27,0,0,0,1171
Lukas Klein,28,0,0,0,1172
Lukas Klein,29,45,0,0,1173
Lukas Klein,30,20,0,0,1174
Lukas Klein,31,0,0,0,1175
Lukas Klein,32,0,0,0,1176
Lukas Klein,33,0,0,0,1177
Lukas Klein,34,0,0,0,1178
Lukas Klein,35,0,0,0,1179
Lukas Klein,36,0,0,0,1180
Lukas Klein,37,0,0,0,1181
Lukas Klein,38,0,0,45,1182
Lukas Klein,39,0,0,0,1183
Lukas Klein,40,0,0,0,1184
Lukas Klein,41,0,0,0,1185
Lukas Klein,42,0,0,0,1186
Lukas Klein,43,0,0,0,1187
Lukas Klein,44,0,0,0,1188
Lukas Klein,45,0,0,90,1189
Lukas Klein,46,0,0,0,1190
Lukas Klein,47,0,0,0,1191
Lukas Klein,48,0,0,0,1192
Lukas Klein,49,0,0,0,1193
Lukas Klein,50,0,0,0,1194
Lukas Klein,51,0,0,0,1195
Lukas Klein,52,0,0,0,1196
Lukas Neumayer,1,0,0,0,1145
Lukas Neumayer,2,0,0,0,1146
Lukas Neumayer,3,0,0,0,1147
Lukas Neumayer,4,0,0,0,1148
Lukas Neumayer,5,0,0,0,1149
Lukas Neumayer,6,0,0,0,1150
Lukas Neumayer,7,0,0,0,1151
Lukas Neumayer,8,0,0,0,1152
Lukas Neumayer,9,0,0,0,1153
Lukas Neumayer,10,0,0,0,1154
Lukas Neumayer,11,0,0,0,1155
Lukas Neumayer,12,0,0,0,1156
Lukas Neumayer,13,0,0,0,1157
Lukas Neumayer,14,0,0,0,1158
Lukas Neumayer,15,0,0,0,1159
Lukas Neumayer,16,0,0,0,1160
Lukas Neumayer,17,0,0,0,1161
Lukas Neumayer,18,0,0,0,1162
Lukas Neumayer,19,0,0,0,1163
Lukas Neumayer,20,0,0,0,1164
Lukas Neumayer,21,0,0,0,1165
Lukas Neumayer,22,0,0,0,1166
Lukas Neumayer,23,0,0,0,1167
Lukas Neumayer,24,0,0,0,1168
Lukas Neumayer,25,0,0,0,1169
Lukas Neumayer,26,0,0,0,1170
Lukas Neumayer,27,0,0,0,1171
Lukas Neumayer,28,0,0,0,1172
Lukas Neumayer,29,0,0,0,1173
Lukas Neumayer,30,45,0,0,1174
Lukas Neumayer,31,0,0,0,1175
Lukas Neumayer,32,0,0,0,1176
Lukas Neumayer,33,0,0,0,1177
Lukas Neumayer,34,0,0,0,1178
Lukas Neumayer,35,0,0,0,1179
Lukas Neumayer,36,0,0,0,1180
Lukas Neumayer,37,0,0,0,1181
Lukas Neumayer,38,0,0,0,1182
Lukas Neumayer,39,0,0,0,1183
Lukas Neumayer,40,0,0,0,1184
Lukas Neumayer,41,0,0,0,1185
Lukas Neumayer,42,0,0,0,1186
Lukas Neumayer,43,0,0,0,1187
Lukas Neumayer,44,0,0,0,1188
Lukas Neumayer,45,0,0,0,1189
Lukas Neumayer,46,0,0,0,1190
Lukas Neumayer,47,0,0,0,1191
Lukas Neumayer,48,0,0,0,1192
Lukas Neumayer,49,0,0,0,1193
Lukas Neumayer,50,0,0,0,1194
Lukas Neumayer,51,0,0,0,1195
Lukas Neumayer,52,0,0,0,1196
Mackenzie Mcdonald,1,0,0,20,1145
Mackenzie Mcdonald,2,0,0,20,1146
Mackenzie Mcdonald,3,0,0,10,1147
Mackenzie Mcdonald,4,0,0,0,1148
Mackenzie Mcdonald,5,0,0,0,1149
Mackenzie Mcdonald,6,0,0,0,1150
Mackenzie Mcdonald,7,0,0,0,1151
Mackenzie Mcdonald,8,0,0,0,1152
Mackenzie Mcdonald,9,0,0,0,1153
Mackenzie Mcdonald,10,0,0,0,1154
Mackenzie Mcdonald,11,0,0,0,1155
Mackenzie Mcdonald,12,0,0,0,1156
Mackenzie Mcdonald,13,0,0,0,1157
Mackenzie Mcdonald,14,0,0,0,1158
Mackenzie Mcdonald,15,0,0,0,1159
Mackenzie Mcdonald,16,0,0,0,1160
Mackenzie Mcdonald,17,0,0,0,1161
Mackenzie Mcdonald,18,0,0,0,1162
Mackenzie Mcdonald,19,10,0,0,1163
Mackenzie Mcdonald,20,0,0,0,1164
Mackenzie Mcdonald,21,20,0,0,1165
Mackenzie Mcdonald,22,10,0,0,1166
Mackenzie Mcdonald,23,0,0,0,1167
Mackenzie Mcdonald,24,0,45,0,1168
Mackenzie Mcdonald,25,0,0,0,1169
Mackenzie Mcdonald,26,0,0,0,1170
Mackenzie Mcdonald,27,0,10,0,1171
Mackenzie Mcdonald,28,0,0,0,1172
Mackenzie Mcdonald,29,0,90,0,1173
Mackenzie Mcdonald,30,0,0,45,1174
Mackenzie Mcdonald,31,0,0,0,1175
Mackenzie Mcdonald,32,0,0,25,1176
Mackenzie Mcdonald,33,0,0,0,1177
Mackenzie Mcdonald,34,0,0,0,1178
Mackenzie Mcdonald,35,0,0,10,1179
Mackenzie Mcdonald,36,0,0,0,1180
Mackenzie Mcdonald,37,0,0,0,1181
Mackenzie Mcdonald,38,0,0,0,1182
Mackenzie Mcdonald,39,0,0,0,1183
Mackenzie Mcdonald,40,0,0,0,1184
Mackenzie Mcdonald,41,0,0,0,1185
Mackenzie Mcdonald,42,0,0,0,1186
Mackenzie Mcdonald,43,0,0,0,1187
Mackenzie Mcdonald,44,0,0,0,1188
Mackenzie Mcdonald,45,0,0,0,1189
Mackenzie Mcdonald,46,0,0,0,1190
Mackenzie Mcdonald,47,0,0,0,1191
Mackenzie Mcdonald,48,0,0,0,1192
Mackenzie Mcdonald,49,0,0,0,1193
Mackenzie Mcdonald,50,0,0,0,1194
Mackenzie Mcdonald,51,0,0,0,1195
Mackenzie Mcdonald,52,0,0,0,1196
Maks Kasnikowski,1,0,0,0,1145
Maks Kasnikowski,2,0,0,0,1146
Maks Kasnikowski,3,0,0,0,1147
Maks Kasnikowski,4,0,0,0,1148
Maks Kasnikowski,5,0,0,0,1149
Maks Kasnikowski,6,0,0,0,1150
Maks Kasnikowski,7,0,0,0,1151
Maks Kasnikowski,8,0,0,0,1152
Maks Kasnikowski,9,0,0,0,1153
Maks Kasnikowski,10,0,0,0,1154
Maks Kasnikowski,11,0,0,0,1155
Maks Kasnikowski,12,0,0,0,1156
Maks Kasnikowski,13,0,0,0,1157
Maks Kasnikowski,14,0,0,0,1158
Maks Kasnikowski,15,0,0,0,1159
Maks Kasnikowski,16,0,0,0,1160
Maks Kasnikowski,17,0,0,0,1161
Maks Kasnikowski,18,0,0,0,1162
Maks Kasnikowski,19,0,0,0,1163
Maks Kasnikowski,20,0,0,0,1164
Maks Kasnikowski,21,0,0,0,1165
Maks Kasnikowski,22,0,0,0,1166
Maks Kasnikowski,23,0,0,0,1167
Maks Kasnikowski,24,0,0,0,1168
Maks Kasnikowski,25,0,0,0,1169
Maks Kasnikowski,26,0,0,0,1170
Maks Kasnikowski,27,0,0,0,1171
Maks Kasnikowski,28,0,0,0,1172
Maks Kasnikowski,29,0,0,0,1173
Maks Kasnikowski,30,0,0,0,1174
Maks Kasnikowski,31,0,0,0,1175
Maks Kasnikowski,32,0,0,0,1176
Maks Kasnikowski,33,0,0,0,1177
Maks Kasnikowski,34,0,0,0,1178
Maks Kasnikowski,35,0,0,10,1179
Maks Kasnikowski,36,0,0,0,1180
Maks Kasnikowski,37,0,0,0,1181
Maks Kasnikowski,38,0,0,0,1182
Maks Kasnikowski,39,0,0,0,1183
Maks Kasnikowski,40,0,0,0,1184
Maks Kasnikowski,41,0,0,0,1185
Maks Kasnikowski,42,0,0,0,1186
Maks Kasnikowski,43,0,0,0,1187
Maks Kasnikowski,44,0,0,0,1188
Maks Kasnikowski,45,0,0,0,1189
Maks Kasnikowski,46,0,0,0,1190
Maks Kasnikowski,47,0,0,0,1191
Maks Kasnikowski,48,0,0,0,1192
Maks Kasnikowski,49,0,0,0,1193
Maks Kasnikowski,50,0,0,0,1194
Maks Kasnikowski,51,0,0,0,1195
Maks Kasnikowski,52,0,0,0,1196
Manuel Guinard,1,0,0,0,1145
Manuel Guinard,2,0,0,0,1146
Manuel Guinard,3,0,0,0,1147
Manuel Guinard,4,0,0,0,1148
Manuel Guinard,5,0,0,0,1149
Manuel Guinard,6,0,0,0,1150
Manuel Guinard,7,0,0,0,1151
Manuel Guinard,8,0,0,0,1152
Manuel Guinard,9,0,0,0,1153
Manuel Guinard,10,0,0,0,1154
Manuel Guinard,11,0,0,0,1155
Manuel Guinard,12,0,0,0,1156
Manuel Guinard,13,0,0,0,1157
Manuel Guinard,14,0,0,0,1158
Manuel Guinard,15,0,0,0,1159
Manuel Guinard,16,0,0,0,1160
Manuel Guinard,17,0,0,0,1161
Manuel Guinard,18,0,0,0,1162
Manuel Guinard,19,0,0,0,1163
Manuel Guinard,20,0,0,0,1164
Manuel Guinard,21,0,0,0,1165
Manuel Guinard,22,0,0,0,1166
Manuel Guinard,23,0,0,0,1167
Manuel Guinard,24,0,0,0,1168
Manuel Guinard,25,0,0,0,1169
Manuel Guinard,26,0,0,0,1170
Manuel Guinard,27,0,0,0,1171
Manuel Guinard,28,0,0,0,1172
Manuel Guinard,29,0,0,0,1173
Manuel Guinard,30,0,0,0,1174
Manuel Guinard,31,0,0,0,1175
Manuel Guinard,32,0,0,0,1176
Manuel Guinard,33,0,0,0,1177
Manuel Guinard,34,0,0,0,1178
Manuel Guinard,35,0,0,0,1179
Manuel Guinard,36,0,0,0,1180
Manuel Guinard,37,0,0,0,1181
Manuel Guinard,38,0,0,0,1182
Manuel Guinard,39,0,0,0,1183
Manuel Guinard,40,0,0,0,1184
Manuel Guinard,41,0,0,0,1185
Manuel Guinard,42,0,0,0,1186
Manuel Guinard,43,0,0,0,1187
Manuel Guinard,44,0,0,0,1188
Manuel Guinard,45,0,0,20,1189
Manuel Guinard,46,0,0,0,1190
Manuel Guinard,47,0,0,0,1191
Manuel Guinard,48,0,0,0,1192
Manuel Guinard,49,0,0,0,1193
Manuel Guinard,50,0,0,0,1194
Manuel Guinard,51,0,0,0,1195
Manuel Guinard,52,0,0,0,1196
Marc Andrea Huesler,1,0,0,45,1145
Marc Andrea Huesler,2,0,0,0,1146
Marc Andrea Huesler,3,0,0,0,1147
Marc Andrea Huesler,4,0,0,0,1148
Marc Andrea Huesler,5,0,0,0,1149
Marc Andrea Huesler,6,0,0,0,1150
Marc Andrea Huesler,7,0,0,0,1151
Marc Andrea Huesler,8,0,0,0,1152
Marc Andrea Huesler,9,0,0,0,1153
Marc Andrea Huesler,10,0,0,0,1154
Marc Andrea Huesler,11,0,0,0,1155
Marc Andrea Huesler,12,0,0,0,1156
Marc Andrea Huesler,13,0,0,0,1157
Marc Andrea Huesler,14,0,0,0,1158
Marc Andrea Huesler,15,0,0,0,1159
Marc Andrea Huesler,16,90,0,0,1160
Marc Andrea Huesler,17,0,0,0,1161
Marc Andrea Huesler,18,0,0,0,1162
Marc Andrea Huesler,19,0,0,0,1163
Marc Andrea Huesler,20,0,0,0,1164
Marc Andrea Huesler,21,0,0,0,1165
Marc Andrea Huesler,22,0,0,0,1166
Marc Andrea Huesler,23,0,0,0,1167
Marc Andrea Huesler,24,0,20,0,1168
Marc Andrea Huesler,25,0,0,0,1169
Marc Andrea Huesler,26,0,0,0,1170
Marc Andrea Huesler,27,0,0,0,1171
Marc Andrea Huesler,28,0,0,0,1172
Marc Andrea Huesler,29,20,0,0,1173
Marc Andrea Huesler,30,0,0,0,1174
Marc Andrea Huesler,31,0,0,0,1175
Marc Andrea Huesler,32,0,0,0,1176
Marc Andrea Huesler,33,0,0,0,1177
Marc Andrea Huesler,34,0,0,0,1178
Marc Andrea Huesler,35,0,0,0,1179
Marc Andrea Huesler,36,0,0,0,1180
Marc Andrea Huesler,37,0,0,0,1181
Marc Andrea Huesler,38,0,0,0,1182
Marc Andrea Huesler,39,0,0,0,1183
Marc Andrea Huesler,40,0,0,0,1184
Marc Andrea Huesler,41,0,0,0,1185
Marc Andrea Huesler,42,0,0,20,1186
Marc Andrea Huesler,43,0,0,0,1187
Marc Andrea Huesler,44,0,0,0,1188
Marc Andrea Huesler,45,0,0,0,1189
Marc Andrea Huesler,46,0,0,0,1190
Marc Andrea Huesler,47,0,0,0,1191
Marc Andrea Huesler,48,0,0,0,1192
Marc Andrea Huesler,49,0,0,0,1193
Marc Andrea Huesler,50,0,0,0,1194
Marc Andrea Huesler,51,0,0,0,1195
Marc Andrea Huesler,52,0,0,0,1196
Marc Polmans,1,0,0,0,1145
Marc Polmans,2,0,0,0,1146
Marc Polmans,3,0,0,10,1147
Marc Polmans,4,0,0,0,1148
Marc Polmans,5,0,0,0,1149
Marc Polmans,6,0,0,0,1150
Marc Polmans,7,0,0,0,1151
Marc Polmans,8,0,0,0,1152
Marc Polmans,9,0,0,0,1153
Marc Polmans,10,0,0,0,1154
Marc Polmans,11,0,0,0,1155
Marc Polmans,12,0,0,0,1156
Marc Polmans,13,0,0,0,1157
Marc Polmans,14,0,0,0,1158
Marc Polmans,15,0,0,0,1159
Marc Polmans,16,0,0,0,1160
Marc Polmans,17,0,0,0,1161
Marc Polmans,18,0,0,0,1162
Marc Polmans,19,0,0,0,1163
Marc Polmans,20,0,0,0,1164
Marc Polmans,21,0,0,0,1165
Marc Polmans,22,0,0,0,1166
Marc Polmans,23,0,0,0,1167
Marc Polmans,24,0,0,0,1168
Marc Polmans,25,0,0,0,1169
Marc Polmans,26,0,0,0,1170
Marc Polmans,27,0,0,0,1171
Marc Polmans,28,0,0,0,1172
Marc Polmans,29,0,20,0,1173
Marc Polmans,30,0,0,0,1174
Marc Polmans,31,0,0,0,1175
Marc Polmans,32,0,0,0,1176
Marc Polmans,33,0,0,0,1177
Marc Polmans,34,0,0,0,1178
Marc Polmans,35,0,0,0,1179
Marc Polmans,36,0,0,0,1180
Marc Polmans,37,0,0,0,1181
Marc Polmans,38,0,0,0,1182
Marc Polmans,39,0,0,0,1183
Marc Polmans,40,0,0,0,1184
Marc Polmans,41,0,0,0,1185
Marc Polmans,42,0,0,0,1186
Marc Polmans,43,0,0,0,1187
Marc Polmans,44,0,0,0,1188
Marc Polmans,45,0,0,0,1189
Marc Polmans,46,0,0,0,1190
Marc Polmans,47,0,0,0,1191
Marc Polmans,48,0,0,0,1192
Marc Polmans,49,0,0,0,1193
Marc Polmans,50,0,0,0,1194
Marc Polmans,51,0,0,0,1195
Marc Polmans,52,0,0,0,1196
Marco Trungelliti,1,0,0,0,1145
Marco Trungelliti,2,0,0,0,1146
Marco Trungelliti,3,0,0,0,1147
Marco Trungelliti,4,0,0,0,1148
Marco Trungelliti,5,0,0,0,1149
Marco Trungelliti,6,0,0,0,1150
Marco Trungelliti,7,0,0,0,1151
Marco Trungelliti,8,0,0,0,1152
Marco Trungelliti,9,0,0,0,1153
Marco Trungelliti,10,0,0,0,1154
Marco Trungelliti,11,0,0,0,1155
Marco Trungelliti,12,0,0,0,1156
Marco Trungelliti,13,0,0,0,1157
Marco Trungelliti,14,0,0,0,1158
Marco Trungelliti,15,0,0,0,1159
Marco Trungelliti,16,45,0,0,1160
Marco Trungelliti,17,0,0,0,1161
Marco Trungelliti,18,0,0,0,1162
Marco Trungelliti,19,0,0,0,1163
Marco Trungelliti,20,0,0,0,1164
Marco Trungelliti,21,0,0,0,1165
Marco Trungelliti,22,0,0,0,1166
Marco Trungelliti,23,0,0,0,1167
Marco Trungelliti,24,0,0,0,1168
Marco Trungelliti,25,0,0,0,1169
Marco Trungelliti,26,0,0,0,1170
Marco Trungelliti,27,0,0,0,1171
Marco Trungelliti,28,0,0,0,1172
Marco Trungelliti,29,45,0,0,1173
Marco Trungelliti,30,45,0,0,1174
Marco Trungelliti,31,0,0,0,1175
Marco Trungelliti,32,0,0,0,1176
Marco Trungelliti,33,0,0,0,1177
Marco Trungelliti,34,0,0,0,1178
Marco Trungelliti,35,0,0,0,1179
Marco Trungelliti,36,0,0,0,1180
Marco Trungelliti,37,0,0,0,1181
Marco Trungelliti,38,0,0,20,1182
Marco Trungelliti,39,0,0,0,1183
Marco Trungelliti,40,0,0,0,1184
Marco Trungelliti,41,0,0,0,1185
Marco Trungelliti,42,0,0,0,1186
Marco Trungelliti,43,0,0,0,1187
Marco Trungelliti,44,0,0,0,1188
Marco Trungelliti,45,0,0,0,1189
Marco Trungelliti,46,0,0,0,1190
Marco Trungelliti,47,0,0,0,1191
Marco Trungelliti,48,0,0,0,1192
Marco Trungelliti,49,0,0,0,1193
Marco Trungelliti,50,0,0,0,1194
Marco Trungelliti,51,0,0,0,1195
Marco Trungelliti,52,0,0,0,1196
Marcos Giron,1,0,0,0,1145
Marcos Giron,2,0,0,20,1146
Marcos Giron,3,0,0,10,1147
Marcos Giron,4,0,0,0,1148
Marcos Giron,5,0,0,0,1149
Marcos Giron,6,0,0,600,1150
Marcos Giron,7,0,0,180,1151
Marcos Giron,8,0,0,45,1152
Marcos Giron,9,0,0,0,1153
Marcos Giron,10,0,0,10,1154
Marcos Giron,11,0,0,0,1155
Marcos Giron,12,0,0,10,1156
Marcos Giron,13,0,0,0,1157
Marcos Giron,14,90,0,0,1158
Marcos Giron,15,25,0,0,1159
Marcos Giron,16,0,0,0,1160
Marcos Giron,17,10,0,0,1161
Marcos Giron,18,0,0,0,1162
Marcos Giron,19,25,0,0,1163
Marcos Giron,20,0,0,0,1164
Marcos Giron,21,20,0,0,1165
Marcos Giron,22,10,0,0,1166
Marcos Giron,23,0,0,0,1167
Marcos Giron,24,0,45,0,1168
Marcos Giron,25,0,90,0,1169
Marcos Giron,26,0,45,0,1170
Marcos Giron,27,0,45,0,1171
Marcos Giron,28,0,0,0,1172
Marcos Giron,29,0,500,0,1173
Marcos Giron,30,0,0,0,1174
Marcos Giron,31,0,0,0,1175
Marcos Giron,32,0,0,25,1176
Marcos Giron,33,0,0,25,1177
Marcos Giron,34,0,0,0,1178
Marcos Giron,35,0,0,10,1179
Marcos Giron,36,0,0,0,1180
Marcos Giron,37,0,0,0,1181
Marcos Giron,38,0,0,0,1182
Marcos Giron,39,0,0,20,1183
Marcos Giron,40,0,0,45,1184
Marcos Giron,41,0,0,0,1185
Marcos Giron,42,0,0,180,1186
Marcos Giron,43,0,0,45,1187
Marcos Giron,44,0,0,45,1188
Marcos Giron,45,0,0,0,1189
Marcos Giron,46,0,0,0,1190
Marcos Giron,47,0,0,0,1191
Marcos Giron,48,0,0,0,1192
Marcos Giron,49,0,0,0,1193
Marcos Giron,50,0,0,0,1194
Marcos Giron,51,0,0,0,1195
Marcos Giron,52,0,0,0,1196
Mariano Navone,1,0,0,0,1145
Mariano Navone,2,0,0,0,1146
Mariano Navone,3,0,0,0,1147
Mariano Navone,4,0,0,0,1148
Mariano Navone,5,0,0,0,1149
Mariano Navone,6,20,0,0,1150
Mariano Navone,7,20,0,0,1151
Mariano Navone,8,600,0,0,1152
Mariano Navone,9,0,0,0,1153
Mariano Navone,10,0,0,0,1154
Mariano Navone,11,0,0,0,1155
Mariano Navone,12,0,0,0,1156
Mariano Navone,13,0,0,0,1157
Mariano Navone,14,180,0,0,1158
Mariano Navone,15,0,0,0,1159
Mariano Navone,16,600,0,0,1160
Mariano Navone,17,25,0,0,1161
Mariano Navone,18,0,0,0,1162
Mariano Navone,19,25,0,0,1163
Mariano Navone,20,0,0,0,1164
Mariano Navone,21,0,0,0,1165
Mariano Navone,22,45,0,0,1166
Mariano Navone,23,0,0,0,1167
Mariano Navone,24,0,0,0,1168
Mariano Navone,25,0,20,0,1169
Mariano Navone,26,0,20,0,1170
Mariano Navone,27,0,10,0,1171
Mariano Navone,28,0,0,0,1172
Mariano Navone,29,90,0,0,1173
Mariano Navone,30,20,0,0,1174
Mariano Navone,31,0,0,0,1175
Mariano Navone,32,0,0,25,1176
Mariano Navone,33,0,0,25,1177
Mariano Navone,34,0,0,20,1178
Mariano Navone,35,0,0,45,1179
Mariano Navone,36,0,0,0,1180
Mariano Navone,37,0,0,0,1181
Mariano Navone,38,0,0,0,1182
Mariano Navone,39,0,0,45,1183
Mariano Navone,40,0,0,10,1184
Mariano Navone,41,0,0,0,1185
Mariano Navone,42,0,0,45,1186
Mariano Navone,43,0,0,20,1187
Mariano Navone,44,0,0,25,1188
Mariano Navone,45,0,0,20,1189
Mariano Navone,46,0,0,0,1190
Mariano Navone,47,0,0,0,1191
Mariano Navone,48,0,0,0,1192
Mariano Navone,49,0,0,0,1193
Mariano Navone,50,0,0,0,1194
Mariano Navone,51,0,0,0,1195
Mariano Navone,52,0,0,0,1196
Marin Cilic,1,0,0,20,1145
Marin Cilic,2,0,0,0,1146
Marin Cilic,3,0,0,10,1147
Marin Cilic,4,0,0,0,1148
Marin Cilic,5,0,0,0,1149
Marin Cilic,6,0,0,0,1150
Marin Cilic,7,20,0,0,1151
Marin Cilic,8,0,0,0,1152
Marin Cilic,9,0,0,0,1153
Marin Cilic,10,0,0,0,1154
Marin Cilic,11,0,0,0,1155
Marin Cilic,12,0,0,0,1156
Marin Cilic,13,0,0,0,1157
Marin Cilic,14,0,0,0,1158
Marin Cilic,15,0,0,0,1159
Marin Cilic,16,0,0,0,1160
Marin Cilic,17,0,0,0,1161
Marin Cilic,18,0,0,0,1162
Marin Cilic,19,0,0,0,1163
Marin Cilic,20,0,0,0,1164
Marin Cilic,21,0,0,0,1165
Marin Cilic,22,0,0,0,1166
Marin Cilic,23,0,0,0,1167
Marin Cilic,24,0,0,0,1168
Marin Cilic,25,0,0,0,1169
Marin Cilic,26,0,0,0,1170
Marin Cilic,27,0,0,0,1171
Marin Cilic,28,0,0,0,1172
Marin Cilic,29,0,0,0,1173
Marin Cilic,30,0,0,0,1174
Marin Cilic,31,0,0,0,1175
Marin Cilic,32,0,0,0,1176
Marin Cilic,33,0,0,0,1177
Marin Cilic,34,0,0,0,1178
Marin Cilic,35,0,0,0,1179
Marin Cilic,36,0,0,0,1180
Marin Cilic,37,0,0,0,1181
Marin Cilic,38,0,0,500,1182
Marin Cilic,39,0,0,20,1183
Marin Cilic,40,0,0,10,1184
Marin Cilic,41,0,0,0,1185
Marin Cilic,42,0,0,0,1186
Marin Cilic,43,0,0,20,1187
Marin Cilic,44,0,0,25,1188
Marin Cilic,45,0,0,45,1189
Marin Cilic,46,0,0,0,1190
Marin Cilic,47,0,0,0,1191
Marin Cilic,48,0,0,0,1192
Marin Cilic,49,0,0,0,1193
Marin Cilic,50,0,0,0,1194
Marin Cilic,51,0,0,0,1195
Marin Cilic,52,0,0,0,1196
Mark Lajal,1,0,0,0,1145
Mark Lajal,2,0,0,0,1146
Mark Lajal,3,0,0,0,1147
Mark Lajal,4,0,0,0,1148
Mark Lajal,5,0,0,0,1149
Mark Lajal,6,0,0,0,1150
Mark Lajal,7,0,0,0,1151
Mark Lajal,8,0,0,0,1152
Mark Lajal,9,0,0,0,1153
Mark Lajal,10,0,0,0,1154
Mark Lajal,11,0,0,0,1155
Mark Lajal,12,0,0,0,1156
Mark Lajal,13,0,0,0,1157
Mark Lajal,14,0,0,0,1158
Mark Lajal,15,0,0,0,1159
Mark Lajal,16,0,0,0,1160
Mark Lajal,17,0,0,0,1161
Mark Lajal,18,0,0,0,1162
Mark Lajal,19,0,0,0,1163
Mark Lajal,20,0,0,0,1164
Mark Lajal,21,0,0,0,1165
Mark Lajal,22,0,0,0,1166
Mark Lajal,23,0,0,0,1167
Mark Lajal,24,0,0,0,1168
Mark Lajal,25,0,0,0,1169
Mark Lajal,26,0,0,0,1170
Mark Lajal,27,0,10,0,1171
Mark Lajal,28,0,0,0,1172
Mark Lajal,29,0,0,0,1173
Mark Lajal,30,0,0,0,1174
Mark Lajal,31,0,0,0,1175
Mark Lajal,32,0,0,0,1176
Mark Lajal,33,0,0,0,1177
Mark Lajal,34,0,0,0,1178
Mark Lajal,35,0,0,0,1179
Mark Lajal,36,0,0,0,1180
Mark Lajal,37,0,0,0,1181
Mark Lajal,38,0,0,0,1182
Mark Lajal,39,0,0,0,1183
Mark Lajal,40,0,0,0,1184
Mark Lajal,41,0,0,0,1185
Mark Lajal,42,0,0,0,1186
Mark Lajal,43,0,0,0,1187
Mark Lajal,44,0,0,0,1188
Mark Lajal,45,0,0,0,1189
Mark Lajal,46,0,0,0,1190
Mark Lajal,47,0,0,0,1191
Mark Lajal,48,0,0,0,1192
Mark Lajal,49,0,0,0,1193
Mark Lajal,50,0,0,0,1194
Mark Lajal,51,0,0,0,1195
Mark Lajal,52,0,0,0,1196
Marko Topo,1,0,0,0,1145
Marko Topo,2,0,0,0,1146
Marko Topo,3,0,0,0,1147
Marko Topo,4,0,0,0,1148
Marko Topo,5,0,0,0,1149
Marko Topo,6,0,0,0,1150
Marko Topo,7,0,0,0,1151
Marko Topo,8,0,0,0,1152
Marko Topo,9,0,0,0,1153
Marko Topo,10,0,0,0,1154
Marko Topo,11,0,0,0,1155
Marko Topo,12,0,0,0,1156
Marko Topo,13,0,0,0,1157
Marko Topo,14,0,0,0,1158
Marko Topo,15,0,0,0,1159
Marko Topo,16,20,0,0,1160
Marko Topo,17,0,0,0,1161
Marko Topo,18,0,0,0,1162
Marko Topo,19,0,0,0,1163
Marko Topo,20,0,0,0,1164
Marko Topo,21,0,0,0,1165
Marko Topo,22,0,0,0,1166
Marko Topo,23,0,0,0,1167
Marko Topo,24,0,0,0,1168
Marko Topo,25,0,0,0,1169
Marko Topo,26,0,0,0,1170
Marko Topo,27,0,0,0,1171
Marko Topo,28,0,0,0,1172
Marko Topo,29,0,0,0,1173
Marko Topo,30,0,0,0,1174
Marko Topo,31,0,0,0,1175
Marko Topo,32,0,0,0,1176
Marko Topo,33,0,0,0,1177
Marko Topo,34,0,0,0,1178
Marko Topo,35,0,0,0,1179
Marko Topo,36,0,0,0,1180
Marko Topo,37,0,0,0,1181
Marko Topo,38,0,0,0,1182
Marko Topo,39,0,0,0,1183
Marko Topo,40,0,0,0,1184
Marko Topo,41,0,0,0,1185
Marko Topo,42,0,0,0,1186
Marko Topo,43,0,0,0,1187
Marko Topo,44,0,0,0,1188
Marko Topo,45,0,0,0,1189
Marko Topo,46,0,0,0,1190
Marko Topo,47,0,0,0,1191
Marko Topo,48,0,0,0,1192
Marko Topo,49,0,0,0,1193
Marko Topo,50,0,0,0,1194
Marko Topo,51,0,0,0,1195
Marko Topo,52,0,0,0,1196
Martin Damm,1,0,0,0,1145
Martin Damm,2,0,0,0,1146
Martin Damm,3,0,0,0,1147
Martin Damm,4,0,0,0,1148
Martin Damm,5,0,0,0,1149
Martin Damm,6,0,0,0,1150
Martin Damm,7,0,0,0,1151
Martin Damm,8,0,0,0,1152
Martin Damm,9,0,0,0,1153
Martin Damm,10,0,0,0,1154
Martin Damm,11,0,0,0,1155
Martin Damm,12,0,0,45,1156
Martin Damm,13,0,0,0,1157
Martin Damm,14,0,0,0,1158
Martin Damm,15,0,0,0,1159
Martin Damm,16,0,0,0,1160
Martin Damm,17,0,0,0,1161
Martin Damm,18,0,0,0,1162
Martin Damm,19,0,0,0,1163
Martin Damm,20,0,0,0,1164
Martin Damm,21,0,0,0,1165
Martin Damm,22,0,0,0,1166
Martin Damm,23,0,0,0,1167
Martin Damm,24,0,0,0,1168
Martin Damm,25,0,0,0,1169
Martin Damm,26,0,0,0,1170
Martin Damm,27,0,0,0,1171
Martin Damm,28,0,0,0,1172
Martin Damm,29,0,0,0,1173
Martin Damm,30,0,0,0,1174
Martin Damm,31,0,0,0,1175
Martin Damm,32,0,0,0,1176
Martin Damm,33,0,0,0,1177
Martin Damm,34,0,0,0,1178
Martin Damm,35,0,0,0,1179
Martin Damm,36,0,0,0,1180
Martin Damm,37,0,0,0,1181
Martin Damm,38,0,0,0,1182
Martin Damm,39,0,0,0,1183
Martin Damm,40,0,0,0,1184
Martin Damm,41,0,0,0,1185
Martin Damm,42,0,0,0,1186
Martin Damm,43,0,0,0,1187
Martin Damm,44,0,0,0,1188
Martin Damm,45,0,0,0,1189
Martin Damm,46,0,0,0,1190
Martin Damm,47,0,0,0,1191
Martin Damm,48,0,0,0,1192
Martin Damm,49,0,0,0,1193
Martin Damm,50,0,0,0,1194
Martin Damm,51,0,0,0,1195
Martin Damm,52,0,0,0,1196
Martin Landaluce,1,0,0,0,1145
Martin Landaluce,2,0,0,0,1146
Martin Landaluce,3,0,0,0,1147
Martin Landaluce,4,0,0,0,1148
Martin Landaluce,5,0,0,0,1149
Martin Landaluce,6,0,0,0,1150
Martin Landaluce,7,0,0,0,1151
Martin Landaluce,8,0,0,0,1152
Martin Landaluce,9,0,0,0,1153
Martin Landaluce,10,0,0,0,1154
Martin Landaluce,11,0,0,0,1155
Martin Landaluce,12,0,0,25,1156
Martin Landaluce,13,0,0,0,1157
Martin Landaluce,14,0,0,0,1158
Martin Landaluce,15,0,0,0,1159
Martin Landaluce,16,0,0,0,1160
Martin Landaluce,17,10,0,0,1161
Martin Landaluce,18,0,0,0,1162
Martin Landaluce,19,0,0,0,1163
Martin Landaluce,20,0,0,0,1164
Martin Landaluce,21,0,0,0,1165
Martin Landaluce,22,0,0,0,1166
Martin Landaluce,23,0,0,0,1167
Martin Landaluce,24,0,0,0,1168
Martin Landaluce,25,0,0,0,1169
Martin Landaluce,26,0,0,0,1170
Martin Landaluce,27,0,0,0,1171
Martin Landaluce,28,0,0,0,1172
Martin Landaluce,29,0,0,0,1173
Martin Landaluce,30,0,0,0,1174
Martin Landaluce,31,0,0,0,1175
Martin Landaluce,32,0,0,0,1176
Martin Landaluce,33,0,0,0,1177
Martin Landaluce,34,0,0,0,1178
Martin Landaluce,35,0,0,0,1179
Martin Landaluce,36,0,0,0,1180
Martin Landaluce,37,0,0,0,1181
Martin Landaluce,38,0,0,0,1182
Martin Landaluce,39,0,0,0,1183
Martin Landaluce,40,0,0,0,1184
Martin Landaluce,41,0,0,0,1185
Martin Landaluce,42,0,0,0,1186
Martin Landaluce,43,0,0,0,1187
Martin Landaluce,44,0,0,0,1188
Martin Landaluce,45,0,0,0,1189
Martin Landaluce,46,0,0,0,1190
Martin Landaluce,47,0,0,0,1191
Martin Landaluce,48,0,0,0,1192
Martin Landaluce,49,0,0,0,1193
Martin Landaluce,50,0,0,0,1194
Martin Landaluce,51,0,0,0,1195
Martin Landaluce,52,0,0,0,1196
Marton Fucsovics,1,0,0,20,1145
Marton Fucsovics,2,0,0,0,1146
Marton Fucsovics,3,0,0,10,1147
Marton Fucsovics,4,0,0,0,1148
Marton Fucsovics,5,0,0,0,1149
Marton Fucsovics,6,0,0,0,1150
Marton Fucsovics,7,0,0,45,1151
Marton Fucsovics,8,0,0,45,1152
Marton Fucsovics,9,0,0,20,1153
Marton Fucsovics,10,0,0,0,1154
Marton Fucsovics,11,0,0,0,1155
Marton Fucsovics,12,0,0,25,1156
Marton Fucsovics,13,0,0,0,1157
Marton Fucsovics,14,90,0,0,1158
Marton Fucsovics,15,0,0,0,1159
Marton Fucsovics,16,500,0,0,1160
Marton Fucsovics,17,0,0,0,1161
Marton Fucsovics,18,0,0,0,1162
Marton Fucsovics,19,10,0,0,1163
Marton Fucsovics,20,0,0,0,1164
Marton Fucsovics,21,0,0,0,1165
Marton Fucsovics,22,10,0,0,1166
Marton Fucsovics,23,0,0,0,1167
Marton Fucsovics,24,0,0,0,1168
Marton Fucsovics,25,0,0,0,1169
Marton Fucsovics,26,0,0,0,1170
Marton Fucsovics,27,0,10,0,1171
Marton Fucsovics,28,0,0,0,1172
Marton Fucsovics,29,0,0,0,1173
Marton Fucsovics,30,20,0,0,1174
Marton Fucsovics,31,0,0,0,1175
Marton Fucsovics,32,0,0,0,1176
Marton Fucsovics,33,0,0,0,1177
Marton Fucsovics,34,0,0,20,1178
Marton Fucsovics,35,0,0,10,1179
Marton Fucsovics,36,0,0,0,1180
Marton Fucsovics,37,0,0,0,1181
Marton Fucsovics,38,0,0,0,1182
Marton Fucsovics,39,0,0,0,1183
Marton Fucsovics,40,0,0,0,1184
Marton Fucsovics,41,0,0,0,1185
Marton Fucsovics,42,0,0,45,1186
Marton Fucsovics,43,0,0,20,1187
Marton Fucsovics,44,0,0,0,1188
Marton Fucsovics,45,0,0,20,1189
Marton Fucsovics,46,0,0,0,1190
Marton Fucsovics,47,0,0,0,1191
Marton Fucsovics,48,0,0,0,1192
Marton Fucsovics,49,0,0,0,1193
Marton Fucsovics,50,0,0,0,1194
Marton Fucsovics,51,0,0,0,1195
Marton Fucsovics,52,0,0,0,1196
Mate Valkusz,1,0,0,0,1145
Mate Valkusz,2,0,0,0,1146
Mate Valkusz,3,0,0,10,1147
Mate Valkusz,4,0,0,0,1148
Mate Valkusz,5,0,0,0,1149
Mate Valkusz,6,0,0,0,1150
Mate Valkusz,7,0,0,0,1151
Mate Valkusz,8,0,0,0,1152
Mate Valkusz,9,0,0,0,1153
Mate Valkusz,10,0,0,0,1154
Mate Valkusz,11,0,0,0,1155
Mate Valkusz,12,0,0,0,1156
Mate Valkusz,13,0,0,0,1157
Mate Valkusz,14,0,0,0,1158
Mate Valkusz,15,0,0,0,1159
Mate Valkusz,16,0,0,0,1160
Mate Valkusz,17,0,0,0,1161
Mate Valkusz,18,0,0,0,1162
Mate Valkusz,19,0,0,0,1163
Mate Valkusz,20,0,0,0,1164
Mate Valkusz,21,0,0,0,1165
Mate Valkusz,22,0,0,0,1166
Mate Valkusz,23,0,0,0,1167
Mate Valkusz,24,0,0,0,1168
Mate Valkusz,25,0,0,0,1169
Mate Valkusz,26,0,0,0,1170
Mate Valkusz,27,0,0,0,1171
Mate Valkusz,28,0,0,0,1172
Mate Valkusz,29,0,0,0,1173
Mate Valkusz,30,0,0,0,1174
Mate Valkusz,31,0,0,0,1175
Mate Valkusz,32,0,0,0,1176
Mate Valkusz,33,0,0,0,1177
Mate Valkusz,34,0,0,0,1178
Mate Valkusz,35,0,0,0,1179
Mate Valkusz,36,0,0,0,1180
Mate Valkusz,37,0,0,0,1181
Mate Valkusz,38,0,0,0,1182
Mate Valkusz,39,0,0,0,1183
Mate Valkusz,40,0,0,0,1184
Mate Valkusz,41,0,0,0,1185
Mate Valkusz,42,0,0,0,1186
Mate Valkusz,43,0,0,0,1187
Mate Valkusz,44,0,0,0,1188
Mate Valkusz,45,0,0,0,1189
Mate Valkusz,46,0,0,0,1190
Mate Valkusz,47,0,0,0,1191
Mate Valkusz,48,0,0,0,1192
Mate Valkusz,49,0,0,0,1193
Mate Valkusz,50,0,0,0,1194
Mate Valkusz,51,0,0,0,1195
Mate Valkusz,52,0,0,0,1196
Matej Dodig,1,0,0,0,1145
Matej Dodig,2,0,0,0,1146
Matej Dodig,3,0,0,0,1147
Matej Dodig,4,0,0,0,1148
Matej Dodig,5,0,0,0,1149
Matej Dodig,6,0,0,0,1150
Matej Dodig,7,0,0,0,1151
Matej Dodig,8,0,0,0,1152
Matej Dodig,9,0,0,0,1153
Matej Dodig,10,0,0,0,1154
Matej Dodig,11,0,0,0,1155
Matej Dodig,12,0,0,0,1156
Matej Dodig,13,0,0,0,1157
Matej Dodig,14,0,0,0,1158
Matej Dodig,15,0,0,0,1159
Matej Dodig,16,0,0,0,1160
Matej Dodig,17,0,0,0,1161
Matej Dodig,18,0,0,0,1162
Matej Dodig,19,0,0,0,1163
Matej Dodig,20,0,0,0,1164
Matej Dodig,21,0,0,0,1165
Matej Dodig,22,0,0,0,1166
Matej Dodig,23,0,0,0,1167
Matej Dodig,24,0,0,0,1168
Matej Dodig,25,0,0,0,1169
Matej Dodig,26,0,0,0,1170
Matej Dodig,27,0,0,0,1171
Matej Dodig,28,0,0,0,1172
Matej Dodig,29,0,0,0,1173
Matej Dodig,30,45,0,0,1174
Matej Dodig,31,0,0,0,1175
Matej Dodig,32,0,0,0,1176
Matej Dodig,33,0,0,0,1177
Matej Dodig,34,0,0,0,1178
Matej Dodig,35,0,0,0,1179
Matej Dodig,36,0,0,0,1180
Matej Dodig,37,0,0,0,1181
Matej Dodig,38,0,0,0,1182
Matej Dodig,39,0,0,0,1183
Matej Dodig,40,0,0,0,1184
Matej Dodig,41,0,0,0,1185
Matej Dodig,42,0,0,0,1186
Matej Dodig,43,0,0,0,1187
Matej Dodig,44,0,0,0,1188
Matej Dodig,45,0,0,0,1189
Matej Dodig,46,0,0,0,1190
Matej Dodig,47,0,0,0,1191
Matej Dodig,48,0,0,0,1192
Matej Dodig,49,0,0,0,1193
Matej Dodig,50,0,0,0,1194
Matej Dodig,51,0,0,0,1195
Matej Dodig,52,0,0,0,1196
Matteo Arnaldi,1,0,0,90,1145
Matteo Arnaldi,2,0,0,45,1146
Matteo Arnaldi,3,0,0,45,1147
Matteo Arnaldi,4,0,0,0,1148
Matteo Arnaldi,5,0,0,0,1149
Matteo Arnaldi,6,0,0,0,1150
Matteo Arnaldi,7,0,0,45,1151
Matteo Arnaldi,8,0,0,20,1152
Matteo Arnaldi,9,0,0,45,1153
Matteo Arnaldi,10,0,0,25,1154
Matteo Arnaldi,11,0,0,0,1155
Matteo Arnaldi,12,0,0,90,1156
Matteo Arnaldi,13,0,0,0,1157
Matteo Arnaldi,14,0,0,0,1158
Matteo Arnaldi,15,25,0,0,1159
Matteo Arnaldi,16,90,0,0,1160
Matteo Arnaldi,17,25,0,0,1161
Matteo Arnaldi,18,0,0,0,1162
Matteo Arnaldi,19,25,0,0,1163
Matteo Arnaldi,20,0,0,0,1164
Matteo Arnaldi,21,0,0,0,1165
Matteo Arnaldi,22,180,0,0,1166
Matteo Arnaldi,23,0,0,0,1167
Matteo Arnaldi,24,0,0,0,1168
Matteo Arnaldi,25,0,45,0,1169
Matteo Arnaldi,26,0,0,0,1170
Matteo Arnaldi,27,0,10,0,1171
Matteo Arnaldi,28,0,0,0,1172
Matteo Arnaldi,29,20,0,0,1173
Matteo Arnaldi,30,20,0,0,1174
Matteo Arnaldi,31,0,0,0,1175
Matteo Arnaldi,32,0,0,360,1176
Matteo Arnaldi,33,0,0,25,1177
Matteo Arnaldi,34,0,0,0,1178
Matteo Arnaldi,35,0,0,90,1179
Matteo Arnaldi,36,0,0,0,1180
Matteo Arnaldi,37,0,0,0,1181
Matteo Arnaldi,38,0,0,0,1182
Matteo Arnaldi,39,0,0,20,1183
Matteo Arnaldi,40,0,0,45,1184
Matteo Arnaldi,41,0,0,0,1185
Matteo Arnaldi,42,0,0,0,1186
Matteo Arnaldi,43,0,0,20,1187
Matteo Arnaldi,44,0,0,25,1188
Matteo Arnaldi,45,0,0,0,1189
Matteo Arnaldi,46,0,0,0,1190
Matteo Arnaldi,47,0,0,0,1191
Matteo Arnaldi,48,0,0,0,1192
Matteo Arnaldi,49,0,0,0,1193
Matteo Arnaldi,50,0,0,0,1194
Matteo Arnaldi,51,0,0,0,1195
Matteo Arnaldi,52,0,0,0,1196
Matteo Berrettini,1,0,0,0,1145
Matteo Berrettini,2,0,0,0,1146
Matteo Berrettini,3,0,0,0,1147
Matteo Berrettini,4,0,0,0,1148
Matteo Berrettini,5,0,0,0,1149
Matteo Berrettini,6,0,0,0,1150
Matteo Berrettini,7,0,0,0,1151
Matteo Berrettini,8,0,0,0,1152
Matteo Berrettini,9,0,0,0,1153
Matteo Berrettini,10,0,0,0,1154
Matteo Berrettini,11,0,0,0,1155
Matteo Berrettini,12,0,0,10,1156
Matteo Berrettini,13,0,0,0,1157
Matteo Berrettini,14,500,0,0,1158
Matteo Berrettini,15,25,0,0,1159
Matteo Berrettini,16,0,0,0,1160
Matteo Berrettini,17,0,0,0,1161
Matteo Berrettini,18,0,0,0,1162
Matteo Berrettini,19,0,0,0,1163
Matteo Berrettini,20,0,0,0,1164
Matteo Berrettini,21,0,0,0,1165
Matteo Berrettini,22,0,0,0,1166
Matteo Berrettini,23,0,0,0,1167
Matteo Berrettini,24,0,600,0,1168
Matteo Berrettini,25,0,45,0,1169
Matteo Berrettini,26,0,0,0,1170
Matteo Berrettini,27,0,45,0,1171
Matteo Berrettini,28,0,0,0,1172
Matteo Berrettini,29,500,0,0,1173
Matteo Berrettini,30,500,0,0,1174
Matteo Berrettini,31,0,0,0,1175
Matteo Berrettini,32,0,0,0,1176
Matteo Berrettini,33,0,0,25,1177
Matteo Berrettini,34,0,0,0,1178
Matteo Berrettini,35,0,0,45,1179
Matteo Berrettini,36,0,0,0,1180
Matteo Berrettini,37,0,0,0,1181
Matteo Berrettini,38,0,0,0,1182
Matteo Berrettini,39,0,0,45,1183
Matteo Berrettini,40,0,0,25,1184
Matteo Berrettini,41,0,0,0,1185
Matteo Berrettini,42,0,0,45,1186
Matteo Berrettini,43,0,0,90,1187
Matteo Berrettini,44,0,0,25,1188
Matteo Berrettini,45,0,0,0,1189
Matteo Berrettini,46,0,0,0,1190
Matteo Berrettini,47,0,0,0,1191
Matteo Berrettini,48,0,0,0,1192
Matteo Berrettini,49,0,0,0,1193
Matteo Berrettini,50,0,0,0,1194
Matteo Berrettini,51,0,0,0,1195
Matteo Berrettini,52,0,0,0,1196
Matteo Gigante,1,0,0,0,1145
Matteo Gigante,2,0,0,0,1146
Matteo Gigante,3,0,0,0,1147
Matteo Gigante,4,0,0,0,1148
Matteo Gigante,5,0,0,0,1149
Matteo Gigante,6,0,0,0,1150
Matteo Gigante,7,0,0,0,1151
Matteo Gigante,8,0,0,0,1152
Matteo Gigante,9,0,0,0,1153
Matteo Gigante,10,0,0,0,1154
Matteo Gigante,11,0,0,0,1155
Matteo Gigante,12,0,0,0,1156
Matteo Gigante,13,0,0,0,1157
Matteo Gigante,14,20,0,0,1158
Matteo Gigante,15,0,0,0,1159
Matteo Gigante,16,0,0,0,1160
Matteo Gigante,17,0,0,0,1161
Matteo Gigante,18,0,0,0,1162
Matteo Gigante,19,25,0,0,1163
Matteo Gigante,20,0,0,0,1164
Matteo Gigante,21,0,0,0,1165
Matteo Gigante,22,0,0,0,1166
Matteo Gigante,23,0,0,0,1167
Matteo Gigante,24,0,0,0,1168
Matteo Gigante,25,0,0,0,1169
Matteo Gigante,26,0,0,0,1170
Matteo Gigante,27,0,0,0,1171
Matteo Gigante,28,0,0,0,1172
Matteo Gigante,29,0,0,0,1173
Matteo Gigante,30,0,0,0,1174
Matteo Gigante,31,0,0,0,1175
Matteo Gigante,32,0,0,0,1176
Matteo Gigante,33,0,0,0,1177
Matteo Gigante,34,0,0,0,1178
Matteo Gigante,35,0,0,0,1179
Matteo Gigante,36,0,0,0,1180
Matteo Gigante,37,0,0,0,1181
Matteo Gigante,38,0,0,0,1182
Matteo Gigante,39,0,0,0,1183
Matteo Gigante,40,0,0,0,1184
Matteo Gigante,41,0,0,0,1185
Matteo Gigante,42,0,0,0,1186
Matteo Gigante,43,0,0,0,1187
Matteo Gigante,44,0,0,0,1188
Matteo Gigante,45,0,0,0,1189
Matteo Gigante,46,0,0,0,1190
Matteo Gigante,47,0,0,0,1191
Matteo Gigante,48,0,0,0,1192
Matteo Gigante,49,0,0,0,1193
Matteo Gigante,50,0,0,0,1194
Matteo Gigante,51,0,0,0,1195
Matteo Gigante,52,0,0,0,1196
Matteo Martineau,1,0,0,0,1145
Matteo Martineau,2,0,0,0,1146
Matteo Martineau,3,0,0,0,1147
Matteo Martineau,4,0,0,0,1148
Matteo Martineau,5,0,0,0,1149
Matteo Martineau,6,0,0,0,1150
Matteo Martineau,7,0,0,0,1151
Matteo Martineau,8,0,0,0,1152
Matteo Martineau,9,0,0,0,1153
Matteo Martineau,10,0,0,0,1154
Matteo Martineau,11,0,0,0,1155
Matteo Martineau,12,0,0,0,1156
Matteo Martineau,13,0,0,0,1157
Matteo Martineau,14,0,0,0,1158
Matteo Martineau,15,0,0,0,1159
Matteo Martineau,16,0,0,0,1160
Matteo Martineau,17,0,0,0,1161
Matteo Martineau,18,0,0,0,1162
Matteo Martineau,19,0,0,0,1163
Matteo Martineau,20,0,0,0,1164
Matteo Martineau,21,0,0,0,1165
Matteo Martineau,22,0,0,0,1166
Matteo Martineau,23,0,0,0,1167
Matteo Martineau,24,0,20,0,1168
Matteo Martineau,25,0,0,0,1169
Matteo Martineau,26,0,0,0,1170
Matteo Martineau,27,0,0,0,1171
Matteo Martineau,28,0,0,0,1172
Matteo Martineau,29,0,0,0,1173
Matteo Martineau,30,0,0,0,1174
Matteo Martineau,31,0,0,0,1175
Matteo Martineau,32,0,0,0,1176
Matteo Martineau,33,0,0,0,1177
Matteo Martineau,34,0,0,0,1178
Matteo Martineau,35,0,0,0,1179
Matteo Martineau,36,0,0,0,1180
Matteo Martineau,37,0,0,0,1181
Matteo Martineau,38,0,0,0,1182
Matteo Martineau,39,0,0,0,1183
Matteo Martineau,40,0,0,0,1184
Matteo Martineau,41,0,0,0,1185
Matteo Martineau,42,0,0,0,1186
Matteo Martineau,43,0,0,0,1187
Matteo Martineau,44,0,0,0,1188
Matteo Martineau,45,0,0,0,1189
Matteo Martineau,46,0,0,0,1190
Matteo Martineau,47,0,0,0,1191
Matteo Martineau,48,0,0,0,1192
Matteo Martineau,49,0,0,0,1193
Matteo Martineau,50,0,0,0,1194
Matteo Martineau,51,0,0,0,1195
Matteo Martineau,52,0,0,0,1196
Matthew Ebden,1,0,0,0,1145
Matthew Ebden,2,0,0,0,1146
Matthew Ebden,3,0,0,0,1147
Matthew Ebden,4,0,0,0,1148
Matthew Ebden,5,0,0,0,1149
Matthew Ebden,6,0,0,0,1150
Matthew Ebden,7,0,0,0,1151
Matthew Ebden,8,0,0,0,1152
Matthew Ebden,9,0,0,0,1153
Matthew Ebden,10,0,0,0,1154
Matthew Ebden,11,0,0,0,1155
Matthew Ebden,12,0,0,0,1156
Matthew Ebden,13,0,0,0,1157
Matthew Ebden,14,0,0,0,1158
Matthew Ebden,15,0,0,0,1159
Matthew Ebden,16,0,0,0,1160
Matthew Ebden,17,0,0,0,1161
Matthew Ebden,18,0,0,0,1162
Matthew Ebden,19,0,0,0,1163
Matthew Ebden,20,0,0,0,1164
Matthew Ebden,21,0,0,0,1165
Matthew Ebden,22,0,0,0,1166
Matthew Ebden,23,0,0,0,1167
Matthew Ebden,24,0,0,0,1168
Matthew Ebden,25,0,0,0,1169
Matthew Ebden,26,0,0,0,1170
Matthew Ebden,27,0,0,0,1171
Matthew Ebden,28,0,0,0,1172
Matthew Ebden,29,0,0,0,1173
Matthew Ebden,30,0,0,0,1174
Matthew Ebden,31,0,0,0,1175
Matthew Ebden,32,0,0,0,1176
Matthew Ebden,33,0,0,0,1177
Matthew Ebden,34,0,0,0,1178
Matthew Ebden,35,0,0,0,1179
Matthew Ebden,36,0,0,0,1180
Matthew Ebden,37,0,0,0,1181
Matthew Ebden,38,0,0,0,1182
Matthew Ebden,39,0,0,0,1183
Matthew Ebden,40,0,0,0,1184
Matthew Ebden,41,0,0,0,1185
Matthew Ebden,42,0,0,0,1186
Matthew Ebden,43,0,0,0,1187
Matthew Ebden,44,0,0,0,1188
Matthew Ebden,45,0,0,0,1189
Matthew Ebden,46,0,0,0,1190
Matthew Ebden,47,0,0,0,1191
Matthew Ebden,48,0,0,0,1192
Matthew Ebden,49,0,0,0,1193
Matthew Ebden,50,0,0,0,1194
Matthew Ebden,51,0,0,0,1195
Matthew Ebden,52,0,0,0,1196
Matthew Forbes,1,0,0,0,1145
Matthew Forbes,2,0,0,0,1146
Matthew Forbes,3,0,0,0,1147
Matthew Forbes,4,0,0,0,1148
Matthew Forbes,5,0,0,0,1149
Matthew Forbes,6,0,0,0,1150
Matthew Forbes,7,0,0,0,1151
Matthew Forbes,8,0,0,0,1152
Matthew Forbes,9,0,0,0,1153
Matthew Forbes,10,0,0,0,1154
Matthew Forbes,11,0,0,0,1155
Matthew Forbes,12,0,0,0,1156
Matthew Forbes,13,0,0,0,1157
Matthew Forbes,14,0,0,0,1158
Matthew Forbes,15,0,0,0,1159
Matthew Forbes,16,0,0,0,1160
Matthew Forbes,17,0,0,0,1161
Matthew Forbes,18,0,0,0,1162
Matthew Forbes,19,0,0,0,1163
Matthew Forbes,20,0,0,0,1164
Matthew Forbes,21,0,0,0,1165
Matthew Forbes,22,0,0,0,1166
Matthew Forbes,23,0,0,0,1167
Matthew Forbes,24,0,0,0,1168
Matthew Forbes,25,0,0,0,1169
Matthew Forbes,26,0,0,0,1170
Matthew Forbes,27,0,0,0,1171
Matthew Forbes,28,0,0,0,1172
Matthew Forbes,29,0,0,0,1173
Matthew Forbes,30,0,0,0,1174
Matthew Forbes,31,0,0,0,1175
Matthew Forbes,32,0,0,0,1176
Matthew Forbes,33,0,0,0,1177
Matthew Forbes,34,0,0,0,1178
Matthew Forbes,35,0,0,10,1179
Matthew Forbes,36,0,0,0,1180
Matthew Forbes,37,0,0,0,1181
Matthew Forbes,38,0,0,0,1182
Matthew Forbes,39,0,0,0,1183
Matthew Forbes,40,0,0,0,1184
Matthew Forbes,41,0,0,0,1185
Matthew Forbes,42,0,0,0,1186
Matthew Forbes,43,0,0,0,1187
Matthew Forbes,44,0,0,0,1188
Matthew Forbes,45,0,0,0,1189
Matthew Forbes,46,0,0,0,1190
Matthew Forbes,47,0,0,0,1191
Matthew Forbes,48,0,0,0,1192
Matthew Forbes,49,0,0,0,1193
Matthew Forbes,50,0,0,0,1194
Matthew Forbes,51,0,0,0,1195
Matthew Forbes,52,0,0,0,1196
Mattia Bellucci,1,0,0,0,1145
Mattia Bellucci,2,0,0,0,1146
Mattia Bellucci,3,0,0,0,1147
Mattia Bellucci,4,0,0,0,1148
Mattia Bellucci,5,0,0,0,1149
Mattia Bellucci,6,0,0,0,1150
Mattia Bellucci,7,0,0,0,1151
Mattia Bellucci,8,0,0,0,1152
Mattia Bellucci,9,0,0,0,1153
Mattia Bellucci,10,0,0,0,1154
Mattia Bellucci,11,0,0,0,1155
Mattia Bellucci,12,0,0,0,1156
Mattia Bellucci,13,0,0,0,1157
Mattia Bellucci,14,0,0,0,1158
Mattia Bellucci,15,0,0,0,1159
Mattia Bellucci,16,0,0,0,1160
Mattia Bellucci,17,0,0,0,1161
Mattia Bellucci,18,0,0,0,1162
Mattia Bellucci,19,0,0,0,1163
Mattia Bellucci,20,0,0,0,1164
Mattia Bellucci,21,0,0,0,1165
Mattia Bellucci,22,10,0,0,1166
Mattia Bellucci,23,0,0,0,1167
Mattia Bellucci,24,0,0,0,1168
Mattia Bellucci,25,0,0,0,1169
Mattia Bellucci,26,0,0,0,1170
Mattia Bellucci,27,0,10,0,1171
Mattia Bellucci,28,0,0,0,1172
Mattia Bellucci,29,0,0,0,1173
Mattia Bellucci,30,0,0,90,1174
Mattia Bellucci,31,0,0,20,1175
Mattia Bellucci,32,0,0,0,1176
Mattia Bellucci,33,0,0,0,1177
Mattia Bellucci,34,0,0,0,1178
Mattia Bellucci,35,0,0,45,1179
Mattia Bellucci,36,0,0,0,1180
Mattia Bellucci,37,0,0,0,1181
Mattia Bellucci,38,0,0,45,1182
Mattia Bellucci,39,0,0,20,1183
Mattia Bellucci,40,0,0,25,1184
Mattia Bellucci,41,0,0,0,1185
Mattia Bellucci,42,0,0,0,1186
Mattia Bellucci,43,0,0,0,1187
Mattia Bellucci,44,0,0,0,1188
Mattia Bellucci,45,0,0,0,1189
Mattia Bellucci,46,0,0,0,1190
Mattia Bellucci,47,0,0,0,1191
Mattia Bellucci,48,0,0,0,1192
Mattia Bellucci,49,0,0,0,1193
Mattia Bellucci,50,0,0,0,1194
Mattia Bellucci,51,0,0,0,1195
Mattia Bellucci,52,0,0,0,1196
Max Hans Rehberg,1,0,0,0,1145
Max Hans Rehberg,2,0,0,0,1146
Max Hans Rehberg,3,0,0,0,1147
Max Hans Rehberg,4,0,0,0,1148
Max Hans Rehberg,5,0,0,0,1149
Max Hans Rehberg,6,0,0,0,1150
Max Hans Rehberg,7,0,0,0,1151
Max Hans Rehberg,8,0,0,0,1152
Max Hans Rehberg,9,0,0,0,1153
Max Hans Rehberg,10,0,0,0,1154
Max Hans Rehberg,11,0,0,0,1155
Max Hans Rehberg,12,0,0,0,1156
Max Hans Rehberg,13,0,0,0,1157
Max Hans Rehberg,14,0,0,0,1158
Max Hans Rehberg,15,0,0,0,1159
Max Hans Rehberg,16,20,0,0,1160
Max Hans Rehberg,17,0,0,0,1161
Max Hans Rehberg,18,0,0,0,1162
Max Hans Rehberg,19,0,0,0,1163
Max Hans Rehberg,20,0,0,0,1164
Max Hans Rehberg,21,0,0,0,1165
Max Hans Rehberg,22,0,0,0,1166
Max Hans Rehberg,23,0,0,0,1167
Max Hans Rehberg,24,0,0,0,1168
Max Hans Rehberg,25,0,0,0,1169
Max Hans Rehberg,26,0,0,0,1170
Max Hans Rehberg,27,0,0,0,1171
Max Hans Rehberg,28,0,0,0,1172
Max Hans Rehberg,29,0,0,0,1173
Max Hans Rehberg,30,0,0,0,1174
Max Hans Rehberg,31,0,0,0,1175
Max Hans Rehberg,32,0,0,0,1176
Max Hans Rehberg,33,0,0,0,1177
Max Hans Rehberg,34,0,0,0,1178
Max Hans Rehberg,35,0,0,0,1179
Max Hans Rehberg,36,0,0,0,1180
Max Hans Rehberg,37,0,0,0,1181
Max Hans Rehberg,38,0,0,0,1182
Max Hans Rehberg,39,0,0,0,1183
Max Hans Rehberg,40,0,0,0,1184
Max Hans Rehberg,41,0,0,0,1185
Max Hans Rehberg,42,0,0,0,1186
Max Hans Rehberg,43,0,0,0,1187
Max Hans Rehberg,44,0,0,0,1188
Max Hans Rehberg,45,0,0,0,1189
Max Hans Rehberg,46,0,0,0,1190
Max Hans Rehberg,47,0,0,0,1191
Max Hans Rehberg,48,0,0,0,1192
Max Hans Rehberg,49,0,0,0,1193
Max Hans Rehberg,50,0,0,0,1194
Max Hans Rehberg,51,0,0,0,1195
Max Hans Rehberg,52,0,0,0,1196
Max Purcell,1,0,0,20,1145
Max Purcell,2,0,0,45,1146
Max Purcell,3,0,0,45,1147
Max Purcell,4,0,0,0,1148
Max Purcell,5,0,0,0,1149
Max Purcell,6,0,0,45,1150
Max Purcell,7,0,0,20,1151
Max Purcell,8,0,0,45,1152
Max Purcell,9,0,0,20,1153
Max Purcell,10,0,0,10,1154
Max Purcell,11,0,0,0,1155
Max Purcell,12,0,0,10,1156
Max Purcell,13,0,0,0,1157
Max Purcell,14,45,0,0,1158
Max Purcell,15,0,0,0,1159
Max Purcell,16,0,0,0,1160
Max Purcell,17,25,0,0,1161
Max Purcell,18,0,0,0,1162
Max Purcell,19,0,0,0,1163
Max Purcell,20,0,0,0,1164
Max Purcell,21,0,0,0,1165
Max Purcell,22,10,0,0,1166
Max Purcell,23,0,0,0,1167
Max Purcell,24,0,20,0,1168
Max Purcell,25,0,20,0,1169
Max Purcell,26,0,600,0,1170
Max Purcell,27,0,10,0,1171
Max Purcell,28,0,0,0,1172
Max Purcell,29,0,0,0,1173
Max Purcell,30,0,0,90,1174
Max Purcell,31,0,0,0,1175
Max Purcell,32,0,0,0,1176
Max Purcell,33,0,0,45,1177
Max Purcell,34,0,0,0,1178
Max Purcell,35,0,0,45,1179
Max Purcell,36,0,0,0,1180
Max Purcell,37,0,0,0,1181
Max Purcell,38,0,0,0,1182
Max Purcell,39,0,0,0,1183
Max Purcell,40,0,0,0,1184
Max Purcell,41,0,0,0,1185
Max Purcell,42,0,0,0,1186
Max Purcell,43,0,0,0,1187
Max Purcell,44,0,0,0,1188
Max Purcell,45,0,0,0,1189
Max Purcell,46,0,0,0,1190
Max Purcell,47,0,0,0,1191
Max Purcell,48,0,0,0,1192
Max Purcell,49,0,0,0,1193
Max Purcell,50,0,0,0,1194
Max Purcell,51,0,0,0,1195
Max Purcell,52,0,0,0,1196
Maxime Cressy,1,0,0,0,1145
Maxime Cressy,2,0,0,0,1146
Maxime Cressy,3,0,0,0,1147
Maxime Cressy,4,0,0,0,1148
Maxime Cressy,5,0,0,0,1149
Maxime Cressy,6,0,0,20,1150
Maxime Cressy,7,0,0,20,1151
Maxime Cressy,8,0,0,0,1152
Maxime Cressy,9,0,0,0,1153
Maxime Cressy,10,0,0,0,1154
Maxime Cressy,11,0,0,0,1155
Maxime Cressy,12,0,0,0,1156
Maxime Cressy,13,0,0,0,1157
Maxime Cressy,14,0,0,0,1158
Maxime Cressy,15,0,0,0,1159
Maxime Cressy,16,0,0,0,1160
Maxime Cressy,17,0,0,0,1161
Maxime Cressy,18,0,0,0,1162
Maxime Cressy,19,0,0,0,1163
Maxime Cressy,20,0,0,0,1164
Maxime Cressy,21,0,0,0,1165
Maxime Cressy,22,0,0,0,1166
Maxime Cressy,23,0,0,0,1167
Maxime Cressy,24,0,0,0,1168
Maxime Cressy,25,0,0,0,1169
Maxime Cressy,26,0,0,0,1170
Maxime Cressy,27,0,0,0,1171
Maxime Cressy,28,0,0,0,1172
Maxime Cressy,29,0,45,0,1173
Maxime Cressy,30,0,0,0,1174
Maxime Cressy,31,0,0,0,1175
Maxime Cressy,32,0,0,0,1176
Maxime Cressy,33,0,0,0,1177
Maxime Cressy,34,0,0,0,1178
Maxime Cressy,35,0,0,0,1179
Maxime Cressy,36,0,0,0,1180
Maxime Cressy,37,0,0,0,1181
Maxime Cressy,38,0,0,0,1182
Maxime Cressy,39,0,0,0,1183
Maxime Cressy,40,0,0,0,1184
Maxime Cressy,41,0,0,0,1185
Maxime Cressy,42,0,0,0,1186
Maxime Cressy,43,0,0,0,1187
Maxime Cressy,44,0,0,0,1188
Maxime Cressy,45,0,0,0,1189
Maxime Cressy,46,0,0,0,1190
Maxime Cressy,47,0,0,0,1191
Maxime Cressy,48,0,0,0,1192
Maxime Cressy,49,0,0,0,1193
Maxime Cressy,50,0,0,0,1194
Maxime Cressy,51,0,0,0,1195
Maxime Cressy,52,0,0,0,1196
Maxime Janvier,1,0,0,0,1145
Maxime Janvier,2,0,0,0,1146
Maxime Janvier,3,0,0,0,1147
Maxime Janvier,4,0,0,0,1148
Maxime Janvier,5,0,0,0,1149
Maxime Janvier,6,0,0,0,1150
Maxime Janvier,7,0,0,0,1151
Maxime Janvier,8,0,0,0,1152
Maxime Janvier,9,0,0,0,1153
Maxime Janvier,10,0,0,0,1154
Maxime Janvier,11,0,0,0,1155
Maxime Janvier,12,0,0,0,1156
Maxime Janvier,13,0,0,0,1157
Maxime Janvier,14,0,0,0,1158
Maxime Janvier,15,0,0,0,1159
Maxime Janvier,16,0,0,0,1160
Maxime Janvier,17,0,0,0,1161
Maxime Janvier,18,0,0,0,1162
Maxime Janvier,19,0,0,0,1163
Maxime Janvier,20,0,0,0,1164
Maxime Janvier,21,0,0,0,1165
Maxime Janvier,22,0,0,0,1166
Maxime Janvier,23,0,0,0,1167
Maxime Janvier,24,0,0,0,1168
Maxime Janvier,25,0,0,0,1169
Maxime Janvier,26,0,0,0,1170
Maxime Janvier,27,0,10,0,1171
Maxime Janvier,28,0,0,0,1172
Maxime Janvier,29,0,0,0,1173
Maxime Janvier,30,0,0,0,1174
Maxime Janvier,31,0,0,0,1175
Maxime Janvier,32,0,0,0,1176
Maxime Janvier,33,0,0,0,1177
Maxime Janvier,34,0,0,0,1178
Maxime Janvier,35,0,0,0,1179
Maxime Janvier,36,0,0,0,1180
Maxime Janvier,37,0,0,0,1181
Maxime Janvier,38,0,0,0,1182
Maxime Janvier,39,0,0,0,1183
Maxime Janvier,40,0,0,0,1184
Maxime Janvier,41,0,0,0,1185
Maxime Janvier,42,0,0,0,1186
Maxime Janvier,43,0,0,0,1187
Maxime Janvier,44,0,0,0,1188
Maxime Janvier,45,0,0,0,1189
Maxime Janvier,46,0,0,0,1190
Maxime Janvier,47,0,0,0,1191
Maxime Janvier,48,0,0,0,1192
Maxime Janvier,49,0,0,0,1193
Maxime Janvier,50,0,0,0,1194
Maxime Janvier,51,0,0,0,1195
Maxime Janvier,52,0,0,0,1196
Maximilian Marterer,1,0,0,0,1145
Maximilian Marterer,2,0,0,0,1146
Maximilian Marterer,3,0,0,10,1147
Maximilian Marterer,4,0,0,0,1148
Maximilian Marterer,5,0,0,20,1149
Maximilian Marterer,6,0,0,20,1150
Maximilian Marterer,7,0,0,0,1151
Maximilian Marterer,8,0,0,20,1152
Maximilian Marterer,9,0,0,20,1153
Maximilian Marterer,10,0,0,0,1154
Maximilian Marterer,11,0,0,0,1155
Maximilian Marterer,12,0,0,0,1156
Maximilian Marterer,13,0,0,0,1157
Maximilian Marterer,14,20,0,0,1158
Maximilian Marterer,15,0,0,0,1159
Maximilian Marterer,16,20,0,0,1160
Maximilian Marterer,17,0,0,0,1161
Maximilian Marterer,18,0,0,0,1162
Maximilian Marterer,19,10,0,0,1163
Maximilian Marterer,20,0,0,0,1164
Maximilian Marterer,21,0,0,0,1165
Maximilian Marterer,22,45,0,0,1166
Maximilian Marterer,23,0,0,0,1167
Maximilian Marterer,24,0,0,0,1168
Maximilian Marterer,25,0,0,0,1169
Maximilian Marterer,26,0,20,0,1170
Maximilian Marterer,27,0,10,0,1171
Maximilian Marterer,28,0,0,0,1172
Maximilian Marterer,29,45,0,0,1173
Maximilian Marterer,30,0,0,0,1174
Maximilian Marterer,31,0,0,0,1175
Maximilian Marterer,32,0,0,0,1176
Maximilian Marterer,33,0,0,0,1177
Maximilian Marterer,34,0,0,0,1178
Maximilian Marterer,35,0,0,10,1179
Maximilian Marterer,36,0,0,0,1180
Maximilian Marterer,37,0,0,0,1181
Maximilian Marterer,38,0,0,20,1182
Maximilian Marterer,39,0,0,0,1183
Maximilian Marterer,40,0,0,0,1184
Maximilian Marterer,41,0,0,0,1185
Maximilian Marterer,42,0,0,45,1186
Maximilian Marterer,43,0,0,0,1187
Maximilian Marterer,44,0,0,0,1188
Maximilian Marterer,45,0,0,0,1189
Maximilian Marterer,46,0,0,0,1190
Maximilian Marterer,47,0,0,0,1191
Maximilian Marterer,48,0,0,0,1192
Maximilian Marterer,49,0,0,0,1193
Maximilian Marterer,50,0,0,0,1194
Maximilian Marterer,51,0,0,0,1195
Maximilian Marterer,52,0,0,0,1196
Michael Mmoh,1,0,0,0,1145
Michael Mmoh,2,0,0,0,1146
Michael Mmoh,3,0,0,0,1147
Michael Mmoh,4,0,0,0,1148
Michael Mmoh,5,0,0,90,1149
Michael Mmoh,6,0,0,45,1150
Michael Mmoh,7,0,0,0,1151
Michael Mmoh,8,0,0,0,1152
Michael Mmoh,9,0,0,20,1153
Michael Mmoh,10,0,0,0,1154
Michael Mmoh,11,0,0,0,1155
Michael Mmoh,12,0,0,0,1156
Michael Mmoh,13,0,0,0,1157
Michael Mmoh,14,90,0,0,1158
Michael Mmoh,15,0,0,0,1159
Michael Mmoh,16,0,0,0,1160
Michael Mmoh,17,0,0,0,1161
Michael Mmoh,18,0,0,0,1162
Michael Mmoh,19,0,0,0,1163
Michael Mmoh,20,0,0,0,1164
Michael Mmoh,21,0,0,0,1165
Michael Mmoh,22,0,0,0,1166
Michael Mmoh,23,0,0,0,1167
Michael Mmoh,24,0,0,0,1168
Michael Mmoh,25,0,0,0,1169
Michael Mmoh,26,0,0,0,1170
Michael Mmoh,27,0,0,0,1171
Michael Mmoh,28,0,0,0,1172
Michael Mmoh,29,0,0,0,1173
Michael Mmoh,30,0,0,0,1174
Michael Mmoh,31,0,0,0,1175
Michael Mmoh,32,0,0,0,1176
Michael Mmoh,33,0,0,0,1177
Michael Mmoh,34,0,0,0,1178
Michael Mmoh,35,0,0,0,1179
Michael Mmoh,36,0,0,0,1180
Michael Mmoh,37,0,0,0,1181
Michael Mmoh,38,0,0,0,1182
Michael Mmoh,39,0,0,0,1183
Michael Mmoh,40,0,0,0,1184
Michael Mmoh,41,0,0,0,1185
Michael Mmoh,42,0,0,0,1186
Michael Mmoh,43,0,0,0,1187
Michael Mmoh,44,0,0,0,1188
Michael Mmoh,45,0,0,0,1189
Michael Mmoh,46,0,0,0,1190
Michael Mmoh,47,0,0,0,1191
Michael Mmoh,48,0,0,0,1192
Michael Mmoh,49,0,0,0,1193
Michael Mmoh,50,0,0,0,1194
Michael Mmoh,51,0,0,0,1195
Michael Mmoh,52,0,0,0,1196
Mikhail Kukushkin,1,0,0,0,1145
Mikhail Kukushkin,2,0,0,0,1146
Mikhail Kukushkin,3,0,0,0,1147
Mikhail Kukushkin,4,0,0,0,1148
Mikhail Kukushkin,5,0,0,0,1149
Mikhail Kukushkin,6,0,0,0,1150
Mikhail Kukushkin,7,0,0,0,1151
Mikhail Kukushkin,8,0,0,0,1152
Mikhail Kukushkin,9,0,0,0,1153
Mikhail Kukushkin,10,0,0,0,1154
Mikhail Kukushkin,11,0,0,0,1155
Mikhail Kukushkin,12,0,0,0,1156
Mikhail Kukushkin,13,0,0,0,1157
Mikhail Kukushkin,14,0,0,0,1158
Mikhail Kukushkin,15,0,0,0,1159
Mikhail Kukushkin,16,0,0,0,1160
Mikhail Kukushkin,17,0,0,0,1161
Mikhail Kukushkin,18,0,0,0,1162
Mikhail Kukushkin,19,0,0,0,1163
Mikhail Kukushkin,20,0,0,0,1164
Mikhail Kukushkin,21,0,0,0,1165
Mikhail Kukushkin,22,10,0,0,1166
Mikhail Kukushkin,23,0,0,0,1167
Mikhail Kukushkin,24,0,0,0,1168
Mikhail Kukushkin,25,0,0,0,1169
Mikhail Kukushkin,26,0,0,0,1170
Mikhail Kukushkin,27,0,0,0,1171
Mikhail Kukushkin,28,0,0,0,1172
Mikhail Kukushkin,29,0,0,0,1173
Mikhail Kukushkin,30,0,0,0,1174
Mikhail Kukushkin,31,0,0,0,1175
Mikhail Kukushkin,32,0,0,0,1176
Mikhail Kukushkin,33,0,0,0,1177
Mikhail Kukushkin,34,0,0,0,1178
Mikhail Kukushkin,35,0,0,0,1179
Mikhail Kukushkin,36,0,0,0,1180
Mikhail Kukushkin,37,0,0,0,1181
Mikhail Kukushkin,38,0,0,90,1182
Mikhail Kukushkin,39,0,0,0,1183
Mikhail Kukushkin,40,0,0,0,1184
Mikhail Kukushkin,41,0,0,0,1185
Mikhail Kukushkin,42,0,0,20,1186
Mikhail Kukushkin,43,0,0,0,1187
Mikhail Kukushkin,44,0,0,0,1188
Mikhail Kukushkin,45,0,0,0,1189
Mikhail Kukushkin,46,0,0,0,1190
Mikhail Kukushkin,47,0,0,0,1191
Mikhail Kukushkin,48,0,0,0,1192
Mikhail Kukushkin,49,0,0,0,1193
Mikhail Kukushkin,50,0,0,0,1194
Mikhail Kukushkin,51,0,0,0,1195
Mikhail Kukushkin,52,0,0,0,1196
Mili Poljicak,1,0,0,0,1145
Mili Poljicak,2,0,0,0,1146
Mili Poljicak,3,0,0,0,1147
Mili Poljicak,4,0,0,0,1148
Mili Poljicak,5,0,0,0,1149
Mili Poljicak,6,0,0,0,1150
Mili Poljicak,7,0,0,0,1151
Mili Poljicak,8,0,0,0,1152
Mili Poljicak,9,0,0,0,1153
Mili Poljicak,10,0,0,0,1154
Mili Poljicak,11,0,0,0,1155
Mili Poljicak,12,0,0,0,1156
Mili Poljicak,13,0,0,0,1157
Mili Poljicak,14,0,0,0,1158
Mili Poljicak,15,0,0,0,1159
Mili Poljicak,16,0,0,0,1160
Mili Poljicak,17,0,0,0,1161
Mili Poljicak,18,0,0,0,1162
Mili Poljicak,19,0,0,0,1163
Mili Poljicak,20,0,0,0,1164
Mili Poljicak,21,0,0,0,1165
Mili Poljicak,22,0,0,0,1166
Mili Poljicak,23,0,0,0,1167
Mili Poljicak,24,0,0,0,1168
Mili Poljicak,25,0,0,0,1169
Mili Poljicak,26,0,0,0,1170
Mili Poljicak,27,0,0,0,1171
Mili Poljicak,28,0,0,0,1172
Mili Poljicak,29,0,0,0,1173
Mili Poljicak,30,20,0,0,1174
Mili Poljicak,31,0,0,0,1175
Mili Poljicak,32,0,0,0,1176
Mili Poljicak,33,0,0,0,1177
Mili Poljicak,34,0,0,0,1178
Mili Poljicak,35,0,0,0,1179
Mili Poljicak,36,0,0,0,1180
Mili Poljicak,37,0,0,0,1181
Mili Poljicak,38,0,0,0,1182
Mili Poljicak,39,0,0,0,1183
Mili Poljicak,40,0,0,0,1184
Mili Poljicak,41,0,0,0,1185
Mili Poljicak,42,0,0,0,1186
Mili Poljicak,43,0,0,0,1187
Mili Poljicak,44,0,0,0,1188
Mili Poljicak,45,0,0,0,1189
Mili Poljicak,46,0,0,0,1190
Mili Poljicak,47,0,0,0,1191
Mili Poljicak,48,0,0,0,1192
Mili Poljicak,49,0,0,0,1193
Mili Poljicak,50,0,0,0,1194
Mili Poljicak,51,0,0,0,1195
Mili Poljicak,52,0,0,0,1196
Milos Raonic,1,0,0,0,1145
Milos Raonic,2,0,0,0,1146
Milos Raonic,3,0,0,10,1147
Milos Raonic,4,0,0,0,1148
Milos Raonic,5,0,0,0,1149
Milos Raonic,6,0,0,0,1150
Milos Raonic,7,0,0,90,1151
Milos Raonic,8,0,0,0,1152
Milos Raonic,9,0,0,0,1153
Milos Raonic,10,0,0,25,1154
Milos Raonic,11,0,0,0,1155
Milos Raonic,12,0,0,0,1156
Milos Raonic,13,0,0,0,1157
Milos Raonic,14,0,0,0,1158
Milos Raonic,15,0,0,0,1159
Milos Raonic,16,0,0,0,1160
Milos Raonic,17,0,0,0,1161
Milos Raonic,18,0,0,0,1162
Milos Raonic,19,0,0,0,1163
Milos Raonic,20,0,0,0,1164
Milos Raonic,21,0,0,0,1165
Milos Raonic,22,0,0,0,1166
Milos Raonic,23,0,0,0,1167
Milos Raonic,24,0,90,0,1168
Milos Raonic,25,0,45,0,1169
Milos Raonic,26,0,0,0,1170
Milos Raonic,27,0,0,0,1171
Milos Raonic,28,0,0,0,1172
Milos Raonic,29,0,0,0,1173
Milos Raonic,30,0,0,0,1174
Milos Raonic,31,0,0,0,1175
Milos Raonic,32,0,0,0,1176
Milos Raonic,33,0,0,0,1177
Milos Raonic,34,0,0,0,1178
Milos Raonic,35,0,0,0,1179
Milos Raonic,36,0,0,0,1180
Milos Raonic,37,0,0,0,1181
Milos Raonic,38,0,0,0,1182
Milos Raonic,39,0,0,0,1183
Milos Raonic,40,0,0,0,1184
Milos Raonic,41,0,0,0,1185
Milos Raonic,42,0,0,0,1186
Milos Raonic,43,0,0,0,1187
Milos Raonic,44,0,0,0,1188
Milos Raonic,45,0,0,0,1189
Milos Raonic,46,0,0,0,1190
Milos Raonic,47,0,0,0,1191
Milos Raonic,48,0,0,0,1192
Milos Raonic,49,0,0,0,1193
Milos Raonic,50,0,0,0,1194
Milos Raonic,51,0,0,0,1195
Milos Raonic,52,0,0,0,1196
Miomir Kecmanovic,1,0,0,45,1145
Miomir Kecmanovic,2,0,0,45,1146
Miomir Kecmanovic,3,0,0,180,1147
Miomir Kecmanovic,4,0,0,0,1148
Miomir Kecmanovic,5,0,0,0,1149
Miomir Kecmanovic,6,0,0,0,1150
Miomir Kecmanovic,7,0,0,20,1151
Miomir Kecmanovic,8,0,0,20,1152
Miomir Kecmanovic,9,0,0,90,1153
Miomir Kecmanovic,10,0,0,10,1154
Miomir Kecmanovic,11,0,0,0,1155
Miomir Kecmanovic,12,0,0,10,1156
Miomir Kecmanovic,13,0,0,0,1157
Miomir Kecmanovic,14,20,0,0,1158
Miomir Kecmanovic,15,45,0,0,1159
Miomir Kecmanovic,16,45,0,0,1160
Miomir Kecmanovic,17,25,0,0,1161
Miomir Kecmanovic,18,0,0,0,1162
Miomir Kecmanovic,19,45,0,0,1163
Miomir Kecmanovic,20,0,0,0,1164
Miomir Kecmanovic,21,0,0,0,1165
Miomir Kecmanovic,22,45,0,0,1166
Miomir Kecmanovic,23,0,0,0,1167
Miomir Kecmanovic,24,0,20,0,1168
Miomir Kecmanovic,25,0,20,0,1169
Miomir Kecmanovic,26,0,90,0,1170
Miomir Kecmanovic,27,0,90,0,1171
Miomir Kecmanovic,28,0,0,0,1172
Miomir Kecmanovic,29,0,0,0,1173
Miomir Kecmanovic,30,0,0,20,1174
Miomir Kecmanovic,31,0,0,45,1175
Miomir Kecmanovic,32,0,0,25,1176
Miomir Kecmanovic,33,0,0,25,1177
Miomir Kecmanovic,34,0,0,0,1178
Miomir Kecmanovic,35,0,0,45,1179
Miomir Kecmanovic,36,0,0,0,1180
Miomir Kecmanovic,37,0,0,0,1181
Miomir Kecmanovic,38,0,0,0,1182
Miomir Kecmanovic,39,0,0,20,1183
Miomir Kecmanovic,40,0,0,25,1184
Miomir Kecmanovic,41,0,0,0,1185
Miomir Kecmanovic,42,0,0,90,1186
Miomir Kecmanovic,43,0,0,45,1187
Miomir Kecmanovic,44,0,0,45,1188
Miomir Kecmanovic,45,0,0,20,1189
Miomir Kecmanovic,46,0,0,0,1190
Miomir Kecmanovic,47,0,0,0,1191
Miomir Kecmanovic,48,0,0,0,1192
Miomir Kecmanovic,49,0,0,0,1193
Miomir Kecmanovic,50,0,0,0,1194
Miomir Kecmanovic,51,0,0,0,1195
Miomir Kecmanovic,52,0,0,0,1196
Mitchell Krueger,1,0,0,0,1145
Mitchell Krueger,2,0,0,0,1146
Mitchell Krueger,3,0,0,0,1147
Mitchell Krueger,4,0,0,0,1148
Mitchell Krueger,5,0,0,0,1149
Mitchell Krueger,6,0,0,20,1150
Mitchell Krueger,7,0,0,0,1151
Mitchell Krueger,8,0,0,0,1152
Mitchell Krueger,9,0,0,0,1153
Mitchell Krueger,10,0,0,0,1154
Mitchell Krueger,11,0,0,0,1155
Mitchell Krueger,12,0,0,0,1156
Mitchell Krueger,13,0,0,0,1157
Mitchell Krueger,14,0,0,0,1158
Mitchell Krueger,15,0,0,0,1159
Mitchell Krueger,16,0,0,0,1160
Mitchell Krueger,17,0,0,0,1161
Mitchell Krueger,18,0,0,0,1162
Mitchell Krueger,19,0,0,0,1163
Mitchell Krueger,20,0,0,0,1164
Mitchell Krueger,21,0,0,0,1165
Mitchell Krueger,22,0,0,0,1166
Mitchell Krueger,23,0,0,0,1167
Mitchell Krueger,24,0,0,0,1168
Mitchell Krueger,25,0,0,0,1169
Mitchell Krueger,26,0,0,0,1170
Mitchell Krueger,27,0,0,0,1171
Mitchell Krueger,28,0,0,0,1172
Mitchell Krueger,29,0,0,0,1173
Mitchell Krueger,30,0,0,0,1174
Mitchell Krueger,31,0,0,20,1175
Mitchell Krueger,32,0,0,0,1176
Mitchell Krueger,33,0,0,0,1177
Mitchell Krueger,34,0,0,0,1178
Mitchell Krueger,35,0,0,45,1179
Mitchell Krueger,36,0,0,0,1180
Mitchell Krueger,37,0,0,0,1181
Mitchell Krueger,38,0,0,45,1182
Mitchell Krueger,39,0,0,0,1183
Mitchell Krueger,40,0,0,0,1184
Mitchell Krueger,41,0,0,0,1185
Mitchell Krueger,42,0,0,0,1186
Mitchell Krueger,43,0,0,0,1187
Mitchell Krueger,44,0,0,0,1188
Mitchell Krueger,45,0,0,0,1189
Mitchell Krueger,46,0,0,0,1190
Mitchell Krueger,47,0,0,0,1191
Mitchell Krueger,48,0,0,0,1192
Mitchell Krueger,49,0,0,0,1193
Mitchell Krueger,50,0,0,0,1194
Mitchell Krueger,51,0,0,0,1195
Mitchell Krueger,52,0,0,0,1196
Moez Echargui,1,0,0,0,1145
Moez Echargui,2,0,0,0,1146
Moez Echargui,3,0,0,0,1147
Moez Echargui,4,0,0,0,1148
Moez Echargui,5,0,0,0,1149
Moez Echargui,6,0,0,0,1150
Moez Echargui,7,0,0,0,1151
Moez Echargui,8,0,0,0,1152
Moez Echargui,9,0,0,0,1153
Moez Echargui,10,0,0,0,1154
Moez Echargui,11,0,0,0,1155
Moez Echargui,12,0,0,0,1156
Moez Echargui,13,0,0,0,1157
Moez Echargui,14,0,0,0,1158
Moez Echargui,15,0,0,0,1159
Moez Echargui,16,0,0,0,1160
Moez Echargui,17,0,0,0,1161
Moez Echargui,18,0,0,0,1162
Moez Echargui,19,0,0,0,1163
Moez Echargui,20,0,0,0,1164
Moez Echargui,21,0,0,0,1165
Moez Echargui,22,0,0,0,1166
Moez Echargui,23,0,0,0,1167
Moez Echargui,24,0,0,0,1168
Moez Echargui,25,0,0,0,1169
Moez Echargui,26,0,0,0,1170
Moez Echargui,27,0,0,0,1171
Moez Echargui,28,0,0,0,1172
Moez Echargui,29,0,0,0,1173
Moez Echargui,30,0,0,0,1174
Moez Echargui,31,0,0,0,1175
Moez Echargui,32,0,0,0,1176
Moez Echargui,33,0,0,0,1177
Moez Echargui,34,0,0,0,1178
Moez Echargui,35,0,0,0,1179
Moez Echargui,36,0,0,0,1180
Moez Echargui,37,0,0,0,1181
Moez Echargui,38,0,0,0,1182
Moez Echargui,39,0,0,0,1183
Moez Echargui,40,0,0,0,1184
Moez Echargui,41,0,0,0,1185
Moez Echargui,42,0,0,0,1186
Moez Echargui,43,0,0,0,1187
Moez Echargui,44,0,0,0,1188
Moez Echargui,45,0,0,0,1189
Moez Echargui,46,0,0,0,1190
Moez Echargui,47,0,0,0,1191
Moez Echargui,48,0,0,0,1192
Moez Echargui,49,0,0,0,1193
Moez Echargui,50,0,0,0,1194
Moez Echargui,51,0,0,0,1195
Moez Echargui,52,0,0,0,1196
Nick Hardt,1,0,0,0,1145
Nick Hardt,2,0,0,0,1146
Nick Hardt,3,0,0,0,1147
Nick Hardt,4,0,0,0,1148
Nick Hardt,5,0,0,0,1149
Nick Hardt,6,0,0,0,1150
Nick Hardt,7,0,0,0,1151
Nick Hardt,8,0,0,0,1152
Nick Hardt,9,0,0,0,1153
Nick Hardt,10,0,0,0,1154
Nick Hardt,11,0,0,0,1155
Nick Hardt,12,0,0,0,1156
Nick Hardt,13,0,0,0,1157
Nick Hardt,14,0,0,0,1158
Nick Hardt,15,0,0,0,1159
Nick Hardt,16,20,0,0,1160
Nick Hardt,17,0,0,0,1161
Nick Hardt,18,0,0,0,1162
Nick Hardt,19,0,0,0,1163
Nick Hardt,20,0,0,0,1164
Nick Hardt,21,0,0,0,1165
Nick Hardt,22,0,0,0,1166
Nick Hardt,23,0,0,0,1167
Nick Hardt,24,0,0,0,1168
Nick Hardt,25,0,0,0,1169
Nick Hardt,26,0,0,0,1170
Nick Hardt,27,0,0,0,1171
Nick Hardt,28,0,0,0,1172
Nick Hardt,29,20,0,0,1173
Nick Hardt,30,0,0,0,1174
Nick Hardt,31,0,0,0,1175
Nick Hardt,32,0,0,0,1176
Nick Hardt,33,0,0,0,1177
Nick Hardt,34,0,0,0,1178
Nick Hardt,35,0,0,0,1179
Nick Hardt,36,0,0,0,1180
Nick Hardt,37,0,0,0,1181
Nick Hardt,38,0,0,0,1182
Nick Hardt,39,0,0,0,1183
Nick Hardt,40,0,0,0,1184
Nick Hardt,41,0,0,0,1185
Nick Hardt,42,0,0,0,1186
Nick Hardt,43,0,0,0,1187
Nick Hardt,44,0,0,0,1188
Nick Hardt,45,0,0,0,1189
Nick Hardt,46,0,0,0,1190
Nick Hardt,47,0,0,0,1191
Nick Hardt,48,0,0,0,1192
Nick Hardt,49,0,0,0,1193
Nick Hardt,50,0,0,0,1194
Nick Hardt,51,0,0,0,1195
Nick Hardt,52,0,0,0,1196
Nicolas Jarry,1,0,0,0,1145
Nicolas Jarry,2,0,0,90,1146
Nicolas Jarry,3,0,0,10,1147
Nicolas Jarry,4,0,0,0,1148
Nicolas Jarry,5,0,0,0,1149
Nicolas Jarry,6,0,0,0,1150
Nicolas Jarry,7,600,0,0,1151
Nicolas Jarry,8,20,0,0,1152
Nicolas Jarry,9,90,0,0,1153
Nicolas Jarry,10,0,0,25,1154
Nicolas Jarry,11,0,0,0,1155
Nicolas Jarry,12,0,0,180,1156
Nicolas Jarry,13,0,0,0,1157
Nicolas Jarry,14,0,0,0,1158
Nicolas Jarry,15,25,0,0,1159
Nicolas Jarry,16,20,0,0,1160
Nicolas Jarry,17,25,0,0,1161
Nicolas Jarry,18,0,0,0,1162
Nicolas Jarry,19,1200,0,0,1163
Nicolas Jarry,20,0,0,0,1164
Nicolas Jarry,21,0,0,0,1165
Nicolas Jarry,22,10,0,0,1166
Nicolas Jarry,23,0,0,0,1167
Nicolas Jarry,24,0,0,0,1168
Nicolas Jarry,25,0,0,0,1169
Nicolas Jarry,26,0,0,0,1170
Nicolas Jarry,27,0,10,0,1171
Nicolas Jarry,28,0,0,0,1172
Nicolas Jarry,29,0,0,0,1173
Nicolas Jarry,30,0,0,0,1174
Nicolas Jarry,31,0,0,0,1175
Nicolas Jarry,32,0,0,25,1176
Nicolas Jarry,33,0,0,25,1177
Nicolas Jarry,34,0,0,0,1178
Nicolas Jarry,35,0,0,10,1179
Nicolas Jarry,36,0,0,0,1180
Nicolas Jarry,37,0,0,0,1181
Nicolas Jarry,38,0,0,90,1182
Nicolas Jarry,39,0,0,20,1183
Nicolas Jarry,40,0,0,25,1184
Nicolas Jarry,41,0,0,0,1185
Nicolas Jarry,42,0,0,45,1186
Nicolas Jarry,43,0,0,20,1187
Nicolas Jarry,44,0,0,45,1188
Nicolas Jarry,45,0,0,0,1189
Nicolas Jarry,46,0,0,0,1190
Nicolas Jarry,47,0,0,0,1191
Nicolas Jarry,48,0,0,0,1192
Nicolas Jarry,49,0,0,0,1193
Nicolas Jarry,50,0,0,0,1194
Nicolas Jarry,51,0,0,0,1195
Nicolas Jarry,52,0,0,0,1196
Nicolas Mejia,1,0,0,0,1145
Nicolas Mejia,2,0,0,0,1146
Nicolas Mejia,3,0,0,0,1147
Nicolas Mejia,4,0,0,0,1148
Nicolas Mejia,5,0,0,0,1149
Nicolas Mejia,6,0,0,0,1150
Nicolas Mejia,7,0,0,0,1151
Nicolas Mejia,8,0,0,0,1152
Nicolas Mejia,9,0,0,0,1153
Nicolas Mejia,10,0,0,0,1154
Nicolas Mejia,11,0,0,0,1155
Nicolas Mejia,12,0,0,0,1156
Nicolas Mejia,13,0,0,0,1157
Nicolas Mejia,14,0,0,0,1158
Nicolas Mejia,15,0,0,0,1159
Nicolas Mejia,16,0,0,0,1160
Nicolas Mejia,17,0,0,0,1161
Nicolas Mejia,18,0,0,0,1162
Nicolas Mejia,19,0,0,0,1163
Nicolas Mejia,20,0,0,0,1164
Nicolas Mejia,21,0,0,0,1165
Nicolas Mejia,22,0,0,0,1166
Nicolas Mejia,23,0,0,0,1167
Nicolas Mejia,24,0,0,0,1168
Nicolas Mejia,25,0,0,0,1169
Nicolas Mejia,26,0,0,0,1170
Nicolas Mejia,27,0,0,0,1171
Nicolas Mejia,28,0,0,0,1172
Nicolas Mejia,29,0,0,0,1173
Nicolas Mejia,30,0,0,0,1174
Nicolas Mejia,31,0,0,0,1175
Nicolas Mejia,32,0,0,0,1176
Nicolas Mejia,33,0,0,0,1177
Nicolas Mejia,34,0,0,0,1178
Nicolas Mejia,35,0,0,0,1179
Nicolas Mejia,36,0,0,0,1180
Nicolas Mejia,37,0,0,0,1181
Nicolas Mejia,38,0,0,0,1182
Nicolas Mejia,39,0,0,0,1183
Nicolas Mejia,40,0,0,0,1184
Nicolas Mejia,41,0,0,0,1185
Nicolas Mejia,42,0,0,0,1186
Nicolas Mejia,43,0,0,0,1187
Nicolas Mejia,44,0,0,0,1188
Nicolas Mejia,45,0,0,0,1189
Nicolas Mejia,46,0,0,0,1190
Nicolas Mejia,47,0,0,0,1191
Nicolas Mejia,48,0,0,0,1192
Nicolas Mejia,49,0,0,0,1193
Nicolas Mejia,50,0,0,0,1194
Nicolas Mejia,51,0,0,0,1195
Nicolas Mejia,52,0,0,0,1196
Nicolas Moreno De Alboran,1,0,0,0,1145
Nicolas Moreno De Alboran,2,0,0,0,1146
Nicolas Moreno De Alboran,3,0,0,0,1147
Nicolas Moreno De Alboran,4,0,0,0,1148
Nicolas Moreno De Alboran,5,0,0,0,1149
Nicolas Moreno De Alboran,6,0,0,20,1150
Nicolas Moreno De Alboran,7,0,0,45,1151
Nicolas Moreno De Alboran,8,0,0,0,1152
Nicolas Moreno De Alboran,9,0,0,0,1153
Nicolas Moreno De Alboran,10,0,0,10,1154
Nicolas Moreno De Alboran,11,0,0,0,1155
Nicolas Moreno De Alboran,12,0,0,0,1156
Nicolas Moreno De Alboran,13,0,0,0,1157
Nicolas Moreno De Alboran,14,90,0,0,1158
Nicolas Moreno De Alboran,15,0,0,0,1159
Nicolas Moreno De Alboran,16,0,0,0,1160
Nicolas Moreno De Alboran,17,0,0,0,1161
Nicolas Moreno De Alboran,18,0,0,0,1162
Nicolas Moreno De Alboran,19,10,0,0,1163
Nicolas Moreno De Alboran,20,0,0,0,1164
Nicolas Moreno De Alboran,21,45,0,0,1165
Nicolas Moreno De Alboran,22,10,0,0,1166
Nicolas Moreno De Alboran,23,0,0,0,1167
Nicolas Moreno De Alboran,24,0,0,0,1168
Nicolas Moreno De Alboran,25,0,0,0,1169
Nicolas Moreno De Alboran,26,0,0,0,1170
Nicolas Moreno De Alboran,27,0,0,0,1171
Nicolas Moreno De Alboran,28,0,0,0,1172
Nicolas Moreno De Alboran,29,20,0,0,1173
Nicolas Moreno De Alboran,30,90,0,0,1174
Nicolas Moreno De Alboran,31,0,0,0,1175
Nicolas Moreno De Alboran,32,0,0,0,1176
Nicolas Moreno De Alboran,33,0,0,0,1177
Nicolas Moreno De Alboran,34,0,0,0,1178
Nicolas Moreno De Alboran,35,0,0,0,1179
Nicolas Moreno De Alboran,36,0,0,0,1180
Nicolas Moreno De Alboran,37,0,0,0,1181
Nicolas Moreno De Alboran,38,0,0,0,1182
Nicolas Moreno De Alboran,39,0,0,0,1183
Nicolas Moreno De Alboran,40,0,0,0,1184
Nicolas Moreno De Alboran,41,0,0,0,1185
Nicolas Moreno De Alboran,42,0,0,0,1186
Nicolas Moreno De Alboran,43,0,0,0,1187
Nicolas Moreno De Alboran,44,0,0,0,1188
Nicolas Moreno De Alboran,45,0,0,0,1189
Nicolas Moreno De Alboran,46,0,0,0,1190
Nicolas Moreno De Alboran,47,0,0,0,1191
Nicolas Moreno De Alboran,48,0,0,0,1192
Nicolas Moreno De Alboran,49,0,0,0,1193
Nicolas Moreno De Alboran,50,0,0,0,1194
Nicolas Moreno De Alboran,51,0,0,0,1195
Nicolas Moreno De Alboran,52,0,0,0,1196
Nikolas Sanchez Izquierdo,1,0,0,0,1145
Nikolas Sanchez Izquierdo,2,0,0,0,1146
Nikolas Sanchez Izquierdo,3,0,0,0,1147
Nikolas Sanchez Izquierdo,4,0,0,0,1148
Nikolas Sanchez Izquierdo,5,0,0,0,1149
Nikolas Sanchez Izquierdo,6,0,0,0,1150
Nikolas Sanchez Izquierdo,7,0,0,0,1151
Nikolas Sanchez Izquierdo,8,0,0,0,1152
Nikolas Sanchez Izquierdo,9,0,0,0,1153
Nikolas Sanchez Izquierdo,10,0,0,0,1154
Nikolas Sanchez Izquierdo,11,0,0,0,1155
Nikolas Sanchez Izquierdo,12,0,0,0,1156
Nikolas Sanchez Izquierdo,13,0,0,0,1157
Nikolas Sanchez Izquierdo,14,0,0,0,1158
Nikolas Sanchez Izquierdo,15,0,0,0,1159
Nikolas Sanchez Izquierdo,16,0,0,0,1160
Nikolas Sanchez Izquierdo,17,0,0,0,1161
Nikolas Sanchez Izquierdo,18,0,0,0,1162
Nikolas Sanchez Izquierdo,19,0,0,0,1163
Nikolas Sanchez Izquierdo,20,0,0,0,1164
Nikolas Sanchez Izquierdo,21,20,0,0,1165
Nikolas Sanchez Izquierdo,22,0,0,0,1166
Nikolas Sanchez Izquierdo,23,0,0,0,1167
Nikolas Sanchez Izquierdo,24,0,0,0,1168
Nikolas Sanchez Izquierdo,25,0,0,0,1169
Nikolas Sanchez Izquierdo,26,0,0,0,1170
Nikolas Sanchez Izquierdo,27,0,0,0,1171
Nikolas Sanchez Izquierdo,28,0,0,0,1172
Nikolas Sanchez Izquierdo,29,0,0,0,1173
Nikolas Sanchez Izquierdo,30,0,0,0,1174
Nikolas Sanchez Izquierdo,31,0,0,0,1175
Nikolas Sanchez Izquierdo,32,0,0,0,1176
Nikolas Sanchez Izquierdo,33,0,0,0,1177
Nikolas Sanchez Izquierdo,34,0,0,0,1178
Nikolas Sanchez Izquierdo,35,0,0,0,1179
Nikolas Sanchez Izquierdo,36,0,0,0,1180
Nikolas Sanchez Izquierdo,37,0,0,0,1181
Nikolas Sanchez Izquierdo,38,0,0,0,1182
Nikolas Sanchez Izquierdo,39,0,0,0,1183
Nikolas Sanchez Izquierdo,40,0,0,0,1184
Nikolas Sanchez Izquierdo,41,0,0,0,1185
Nikolas Sanchez Izquierdo,42,0,0,0,1186
Nikolas Sanchez Izquierdo,43,0,0,0,1187
Nikolas Sanchez Izquierdo,44,0,0,0,1188
Nikolas Sanchez Izquierdo,45,0,0,0,1189
Nikolas Sanchez Izquierdo,46,0,0,0,1190
Nikolas Sanchez Izquierdo,47,0,0,0,1191
Nikolas Sanchez Izquierdo,48,0,0,0,1192
Nikolas Sanchez Izquierdo,49,0,0,0,1193
Nikolas Sanchez Izquierdo,50,0,0,0,1194
Nikolas Sanchez Izquierdo,51,0,0,0,1195
Nikolas Sanchez Izquierdo,52,0,0,0,1196
Novak Djokovic,1,0,0,90,1145
Novak Djokovic,2,0,0,0,1146
Novak Djokovic,3,0,0,720,1147
Novak Djokovic,4,0,0,0,1148
Novak Djokovic,5,0,0,0,1149
Novak Djokovic,6,0,0,0,1150
Novak Djokovic,7,0,0,0,1151
Novak Djokovic,8,0,0,0,1152
Novak Djokovic,9,0,0,0,1153
Novak Djokovic,10,0,0,45,1154
Novak Djokovic,11,0,0,0,1155
Novak Djokovic,12,0,0,0,1156
Novak Djokovic,13,0,0,0,1157
Novak Djokovic,14,0,0,0,1158
Novak Djokovic,15,360,0,0,1159
Novak Djokovic,16,0,0,0,1160
Novak Djokovic,17,0,0,0,1161
Novak Djokovic,18,0,0,0,1162
Novak Djokovic,19,45,0,0,1163
Novak Djokovic,20,0,0,0,1164
Novak Djokovic,21,180,0,0,1165
Novak Djokovic,22,360,0,0,1166
Novak Djokovic,23,0,0,0,1167
Novak Djokovic,24,0,0,0,1168
Novak Djokovic,25,0,0,0,1169
Novak Djokovic,26,0,0,0,1170
Novak Djokovic,27,0,2400,0,1171
Novak Djokovic,28,0,0,0,1172
Novak Djokovic,29,0,0,0,1173
Novak Djokovic,30,0,0,0,1174
Novak Djokovic,31,0,0,0,1175
Novak Djokovic,32,0,0,0,1176
Novak Djokovic,33,0,0,0,1177
Novak Djokovic,34,0,0,0,1178
Novak Djokovic,35,0,0,90,1179
Novak Djokovic,36,0,0,0,1180
Novak Djokovic,37,0,0,0,1181
Novak Djokovic,38,0,0,0,1182
Novak Djokovic,39,0,0,0,1183
Novak Djokovic,40,0,0,1200,1184
Novak Djokovic,41,0,0,0,1185
Novak Djokovic,42,0,0,0,1186
Novak Djokovic,43,0,0,0,1187
Novak Djokovic,44,0,0,0,1188
Novak Djokovic,45,0,0,0,1189
Novak Djokovic,46,0,0,0,1190
Novak Djokovic,47,0,0,0,1191
Novak Djokovic,48,0,0,0,1192
Novak Djokovic,49,0,0,0,1193
Novak Djokovic,50,0,0,0,1194
Novak Djokovic,51,0,0,0,1195
Novak Djokovic,52,0,0,0,1196
Nuno Borges,1,0,0,20,1145
Nuno Borges,2,0,0,45,1146
Nuno Borges,3,0,0,180,1147
Nuno Borges,4,0,0,0,1148
Nuno Borges,5,0,0,0,1149
Nuno Borges,6,0,0,0,1150
Nuno Borges,7,0,0,45,1151
Nuno Borges,8,0,0,90,1152
Nuno Borges,9,0,0,20,1153
Nuno Borges,10,0,0,10,1154
Nuno Borges,11,0,0,0,1155
Nuno Borges,12,0,0,10,1156
Nuno Borges,13,0,0,0,1157
Nuno Borges,14,90,0,0,1158
Nuno Borges,15,0,0,0,1159
Nuno Borges,16,45,0,0,1160
Nuno Borges,17,10,0,0,1161
Nuno Borges,18,0,0,0,1162
Nuno Borges,19,90,0,0,1163
Nuno Borges,20,0,0,0,1164
Nuno Borges,21,0,0,0,1165
Nuno Borges,22,10,0,0,1166
Nuno Borges,23,0,0,0,1167
Nuno Borges,24,0,0,0,1168
Nuno Borges,25,0,20,0,1169
Nuno Borges,26,0,20,0,1170
Nuno Borges,27,0,10,0,1171
Nuno Borges,28,0,0,0,1172
Nuno Borges,29,500,0,0,1173
Nuno Borges,30,0,0,0,1174
Nuno Borges,31,0,0,0,1175
Nuno Borges,32,0,0,90,1176
Nuno Borges,33,0,0,45,1177
Nuno Borges,34,0,0,20,1178
Nuno Borges,35,0,0,180,1179
Nuno Borges,36,0,0,0,1180
Nuno Borges,37,0,0,0,1181
Nuno Borges,38,0,0,0,1182
Nuno Borges,39,0,0,0,1183
Nuno Borges,40,0,0,0,1184
Nuno Borges,41,0,0,0,1185
Nuno Borges,42,0,0,0,1186
Nuno Borges,43,0,0,20,1187
Nuno Borges,44,0,0,25,1188
Nuno Borges,45,0,0,45,1189
Nuno Borges,46,0,0,0,1190
Nuno Borges,47,0,0,0,1191
Nuno Borges,48,0,0,0,1192
Nuno Borges,49,0,0,0,1193
Nuno Borges,50,0,0,0,1194
Nuno Borges,51,0,0,0,1195
Nuno Borges,52,0,0,0,1196
Omar Jasika,1,0,0,0,1145
Omar Jasika,2,0,0,0,1146
Omar Jasika,3,0,0,10,1147
Omar Jasika,4,0,0,0,1148
Omar Jasika,5,0,0,0,1149
Omar Jasika,6,0,0,0,1150
Omar Jasika,7,0,0,0,1151
Omar Jasika,8,0,0,0,1152
Omar Jasika,9,0,0,0,1153
Omar Jasika,10,0,0,0,1154
Omar Jasika,11,0,0,0,1155
Omar Jasika,12,0,0,0,1156
Omar Jasika,13,0,0,0,1157
Omar Jasika,14,0,0,0,1158
Omar Jasika,15,0,0,0,1159
Omar Jasika,16,0,0,0,1160
Omar Jasika,17,0,0,0,1161
Omar Jasika,18,0,0,0,1162
Omar Jasika,19,0,0,0,1163
Omar Jasika,20,0,0,0,1164
Omar Jasika,21,0,0,0,1165
Omar Jasika,22,0,0,0,1166
Omar Jasika,23,0,0,0,1167
Omar Jasika,24,0,0,0,1168
Omar Jasika,25,0,0,0,1169
Omar Jasika,26,0,0,0,1170
Omar Jasika,27,0,0,0,1171
Omar Jasika,28,0,0,0,1172
Omar Jasika,29,0,0,0,1173
Omar Jasika,30,0,0,0,1174
Omar Jasika,31,0,0,0,1175
Omar Jasika,32,0,0,0,1176
Omar Jasika,33,0,0,0,1177
Omar Jasika,34,0,0,0,1178
Omar Jasika,35,0,0,0,1179
Omar Jasika,36,0,0,0,1180
Omar Jasika,37,0,0,0,1181
Omar Jasika,38,0,0,0,1182
Omar Jasika,39,0,0,0,1183
Omar Jasika,40,0,0,0,1184
Omar Jasika,41,0,0,0,1185
Omar Jasika,42,0,0,0,1186
Omar Jasika,43,0,0,0,1187
Omar Jasika,44,0,0,0,1188
Omar Jasika,45,0,0,0,1189
Omar Jasika,46,0,0,0,1190
Omar Jasika,47,0,0,0,1191
Omar Jasika,48,0,0,0,1192
Omar Jasika,49,0,0,0,1193
Omar Jasika,50,0,0,0,1194
Omar Jasika,51,0,0,0,1195
Omar Jasika,52,0,0,0,1196
Omni Kumar,1,0,0,0,1145
Omni Kumar,2,0,0,0,1146
Omni Kumar,3,0,0,0,1147
Omni Kumar,4,0,0,0,1148
Omni Kumar,5,0,0,0,1149
Omni Kumar,6,0,0,0,1150
Omni Kumar,7,0,0,0,1151
Omni Kumar,8,0,0,0,1152
Omni Kumar,9,0,0,0,1153
Omni Kumar,10,0,0,0,1154
Omni Kumar,11,0,0,0,1155
Omni Kumar,12,0,0,0,1156
Omni Kumar,13,0,0,0,1157
Omni Kumar,14,0,0,0,1158
Omni Kumar,15,0,0,0,1159
Omni Kumar,16,0,0,0,1160
Omni Kumar,17,0,0,0,1161
Omni Kumar,18,0,0,0,1162
Omni Kumar,19,0,0,0,1163
Omni Kumar,20,0,0,0,1164
Omni Kumar,21,0,0,0,1165
Omni Kumar,22,0,0,0,1166
Omni Kumar,23,0,0,0,1167
Omni Kumar,24,0,0,0,1168
Omni Kumar,25,0,0,0,1169
Omni Kumar,26,0,0,0,1170
Omni Kumar,27,0,0,0,1171
Omni Kumar,28,0,0,0,1172
Omni Kumar,29,0,0,0,1173
Omni Kumar,30,0,0,0,1174
Omni Kumar,31,0,0,0,1175
Omni Kumar,32,0,0,0,1176
Omni Kumar,33,0,0,0,1177
Omni Kumar,34,0,0,0,1178
Omni Kumar,35,0,0,0,1179
Omni Kumar,36,0,0,0,1180
Omni Kumar,37,0,0,0,1181
Omni Kumar,38,0,0,0,1182
Omni Kumar,39,0,0,0,1183
Omni Kumar,40,0,0,0,1184
Omni Kumar,41,0,0,0,1185
Omni Kumar,42,0,0,0,1186
Omni Kumar,43,0,0,0,1187
Omni Kumar,44,0,0,0,1188
Omni Kumar,45,0,0,0,1189
Omni Kumar,46,0,0,0,1190
Omni Kumar,47,0,0,0,1191
Omni Kumar,48,0,0,0,1192
Omni Kumar,49,0,0,0,1193
Omni Kumar,50,0,0,0,1194
Omni Kumar,51,0,0,0,1195
Omni Kumar,52,0,0,0,1196
Oscar Otte,1,0,0,0,1145
Oscar Otte,2,0,0,0,1146
Oscar Otte,3,0,0,0,1147
Oscar Otte,4,0,0,0,1148
Oscar Otte,5,0,0,0,1149
Oscar Otte,6,0,0,0,1150
Oscar Otte,7,0,0,0,1151
Oscar Otte,8,0,0,0,1152
Oscar Otte,9,0,0,0,1153
Oscar Otte,10,0,0,0,1154
Oscar Otte,11,0,0,0,1155
Oscar Otte,12,0,0,0,1156
Oscar Otte,13,0,0,0,1157
Oscar Otte,14,0,0,0,1158
Oscar Otte,15,0,0,0,1159
Oscar Otte,16,0,0,0,1160
Oscar Otte,17,0,0,0,1161
Oscar Otte,18,0,0,0,1162
Oscar Otte,19,0,0,0,1163
Oscar Otte,20,0,0,0,1164
Oscar Otte,21,0,0,0,1165
Oscar Otte,22,0,0,0,1166
Oscar Otte,23,0,0,0,1167
Oscar Otte,24,0,0,0,1168
Oscar Otte,25,0,20,0,1169
Oscar Otte,26,0,0,0,1170
Oscar Otte,27,0,0,0,1171
Oscar Otte,28,0,0,0,1172
Oscar Otte,29,0,0,0,1173
Oscar Otte,30,0,0,0,1174
Oscar Otte,31,0,0,0,1175
Oscar Otte,32,0,0,0,1176
Oscar Otte,33,0,0,0,1177
Oscar Otte,34,0,0,0,1178
Oscar Otte,35,0,0,0,1179
Oscar Otte,36,0,0,0,1180
Oscar Otte,37,0,0,0,1181
Oscar Otte,38,0,0,0,1182
Oscar Otte,39,0,0,0,1183
Oscar Otte,40,0,0,0,1184
Oscar Otte,41,0,0,0,1185
Oscar Otte,42,0,0,0,1186
Oscar Otte,43,0,0,0,1187
Oscar Otte,44,0,0,0,1188
Oscar Otte,45,0,0,0,1189
Oscar Otte,46,0,0,0,1190
Oscar Otte,47,0,0,0,1191
Oscar Otte,48,0,0,0,1192
Oscar Otte,49,0,0,0,1193
Oscar Otte,50,0,0,0,1194
Oscar Otte,51,0,0,0,1195
Oscar Otte,52,0,0,0,1196
Otto Virtanen,1,0,0,0,1145
Otto Virtanen,2,0,0,0,1146
Otto Virtanen,3,0,0,0,1147
Otto Virtanen,4,0,0,0,1148
Otto Virtanen,5,0,0,0,1149
Otto Virtanen,6,0,0,0,1150
Otto Virtanen,7,0,0,0,1151
Otto Virtanen,8,0,0,0,1152
Otto Virtanen,9,0,0,0,1153
Otto Virtanen,10,0,0,0,1154
Otto Virtanen,11,0,0,0,1155
Otto Virtanen,12,0,0,0,1156
Otto Virtanen,13,0,0,0,1157
Otto Virtanen,14,0,0,0,1158
Otto Virtanen,15,0,0,0,1159
Otto Virtanen,16,0,0,0,1160
Otto Virtanen,17,0,0,0,1161
Otto Virtanen,18,0,0,0,1162
Otto Virtanen,19,0,0,0,1163
Otto Virtanen,20,0,0,0,1164
Otto Virtanen,21,0,0,0,1165
Otto Virtanen,22,10,0,0,1166
Otto Virtanen,23,0,0,0,1167
Otto Virtanen,24,0,0,0,1168
Otto Virtanen,25,0,0,0,1169
Otto Virtanen,26,0,0,0,1170
Otto Virtanen,27,0,45,0,1171
Otto Virtanen,28,0,0,0,1172
Otto Virtanen,29,0,0,0,1173
Otto Virtanen,30,0,0,0,1174
Otto Virtanen,31,0,0,0,1175
Otto Virtanen,32,0,0,0,1176
Otto Virtanen,33,0,0,0,1177
Otto Virtanen,34,0,0,0,1178
Otto Virtanen,35,0,0,45,1179
Otto Virtanen,36,0,0,0,1180
Otto Virtanen,37,0,0,0,1181
Otto Virtanen,38,0,0,0,1182
Otto Virtanen,39,0,0,0,1183
Otto Virtanen,40,0,0,0,1184
Otto Virtanen,41,0,0,0,1185
Otto Virtanen,42,0,0,45,1186
Otto Virtanen,43,0,0,0,1187
Otto Virtanen,44,0,0,0,1188
Otto Virtanen,45,0,0,0,1189
Otto Virtanen,46,0,0,0,1190
Otto Virtanen,47,0,0,0,1191
Otto Virtanen,48,0,0,0,1192
Otto Virtanen,49,0,0,0,1193
Otto Virtanen,50,0,0,0,1194
Otto Virtanen,51,0,0,0,1195
Otto Virtanen,52,0,0,0,1196
Pablo Carreno Busta,1,0,0,0,1145
Pablo Carreno Busta,2,0,0,0,1146
Pablo Carreno Busta,3,0,0,0,1147
Pablo Carreno Busta,4,0,0,0,1148
Pablo Carreno Busta,5,0,0,0,1149
Pablo Carreno Busta,6,0,0,0,1150
Pablo Carreno Busta,7,0,0,0,1151
Pablo Carreno Busta,8,0,0,0,1152
Pablo Carreno Busta,9,0,0,0,1153
Pablo Carreno Busta,10,0,0,0,1154
Pablo Carreno Busta,11,0,0,0,1155
Pablo Carreno Busta,12,0,0,0,1156
Pablo Carreno Busta,13,0,0,0,1157
Pablo Carreno Busta,14,0,0,0,1158
Pablo Carreno Busta,15,0,0,0,1159
Pablo Carreno Busta,16,0,0,0,1160
Pablo Carreno Busta,17,0,0,0,1161
Pablo Carreno Busta,18,0,0,0,1162
Pablo Carreno Busta,19,0,0,0,1163
Pablo Carreno Busta,20,0,0,0,1164
Pablo Carreno Busta,21,0,0,0,1165
Pablo Carreno Busta,22,10,0,0,1166
Pablo Carreno Busta,23,0,0,0,1167
Pablo Carreno Busta,24,0,0,0,1168
Pablo Carreno Busta,25,0,0,0,1169
Pablo Carreno Busta,26,0,20,0,1170
Pablo Carreno Busta,27,0,0,0,1171
Pablo Carreno Busta,28,0,0,0,1172
Pablo Carreno Busta,29,0,0,0,1173
Pablo Carreno Busta,30,0,0,0,1174
Pablo Carreno Busta,31,0,0,0,1175
Pablo Carreno Busta,32,0,0,45,1176
Pablo Carreno Busta,33,0,0,90,1177
Pablo Carreno Busta,34,0,0,180,1178
Pablo Carreno Busta,35,0,0,10,1179
Pablo Carreno Busta,36,0,0,0,1180
Pablo Carreno Busta,37,0,0,0,1181
Pablo Carreno Busta,38,0,0,0,1182
Pablo Carreno Busta,39,0,0,20,1183
Pablo Carreno Busta,40,0,0,10,1184
Pablo Carreno Busta,41,0,0,0,1185
Pablo Carreno Busta,42,0,0,0,1186
Pablo Carreno Busta,43,0,0,0,1187
Pablo Carreno Busta,44,0,0,0,1188
Pablo Carreno Busta,45,0,0,0,1189
Pablo Carreno Busta,46,0,0,0,1190
Pablo Carreno Busta,47,0,0,0,1191
Pablo Carreno Busta,48,0,0,0,1192
Pablo Carreno Busta,49,0,0,0,1193
Pablo Carreno Busta,50,0,0,0,1194
Pablo Carreno Busta,51,0,0,0,1195
Pablo Carreno Busta,52,0,0,0,1196
Pablo Llamas Ruiz,1,0,0,0,1145
Pablo Llamas Ruiz,2,0,0,0,1146
Pablo Llamas Ruiz,3,0,0,0,1147
Pablo Llamas Ruiz,4,0,0,0,1148
Pablo Llamas Ruiz,5,0,0,45,1149
Pablo Llamas Ruiz,6,0,0,0,1150
Pablo Llamas Ruiz,7,0,0,0,1151
Pablo Llamas Ruiz,8,0,0,0,1152
Pablo Llamas Ruiz,9,0,0,0,1153
Pablo Llamas Ruiz,10,0,0,0,1154
Pablo Llamas Ruiz,11,0,0,0,1155
Pablo Llamas Ruiz,12,0,0,0,1156
Pablo Llamas Ruiz,13,0,0,0,1157
Pablo Llamas Ruiz,14,90,0,0,1158
Pablo Llamas Ruiz,15,0,0,0,1159
Pablo Llamas Ruiz,16,0,0,0,1160
Pablo Llamas Ruiz,17,10,0,0,1161
Pablo Llamas Ruiz,18,0,0,0,1162
Pablo Llamas Ruiz,19,0,0,0,1163
Pablo Llamas Ruiz,20,0,0,0,1164
Pablo Llamas Ruiz,21,0,0,0,1165
Pablo Llamas Ruiz,22,0,0,0,1166
Pablo Llamas Ruiz,23,0,0,0,1167
Pablo Llamas Ruiz,24,0,0,0,1168
Pablo Llamas Ruiz,25,0,0,0,1169
Pablo Llamas Ruiz,26,0,0,0,1170
Pablo Llamas Ruiz,27,0,0,0,1171
Pablo Llamas Ruiz,28,0,0,0,1172
Pablo Llamas Ruiz,29,0,0,0,1173
Pablo Llamas Ruiz,30,0,0,0,1174
Pablo Llamas Ruiz,31,0,0,0,1175
Pablo Llamas Ruiz,32,0,0,0,1176
Pablo Llamas Ruiz,33,0,0,0,1177
Pablo Llamas Ruiz,34,0,0,0,1178
Pablo Llamas Ruiz,35,0,0,0,1179
Pablo Llamas Ruiz,36,0,0,0,1180
Pablo Llamas Ruiz,37,0,0,0,1181
Pablo Llamas Ruiz,38,0,0,0,1182
Pablo Llamas Ruiz,39,0,0,0,1183
Pablo Llamas Ruiz,40,0,0,0,1184
Pablo Llamas Ruiz,41,0,0,0,1185
Pablo Llamas Ruiz,42,0,0,0,1186
Pablo Llamas Ruiz,43,0,0,0,1187
Pablo Llamas Ruiz,44,0,0,0,1188
Pablo Llamas Ruiz,45,0,0,0,1189
Pablo Llamas Ruiz,46,0,0,0,1190
Pablo Llamas Ruiz,47,0,0,0,1191
Pablo Llamas Ruiz,48,0,0,0,1192
Pablo Llamas Ruiz,49,0,0,0,1193
Pablo Llamas Ruiz,50,0,0,0,1194
Pablo Llamas Ruiz,51,0,0,0,1195
Pablo Llamas Ruiz,52,0,0,0,1196
Patrick Kypson,1,0,0,0,1145
Patrick Kypson,2,0,0,0,1146
Patrick Kypson,3,0,0,10,1147
Patrick Kypson,4,0,0,0,1148
Patrick Kypson,5,0,0,0,1149
Patrick Kypson,6,0,0,0,1150
Patrick Kypson,7,0,0,90,1151
Patrick Kypson,8,0,0,0,1152
Patrick Kypson,9,0,0,0,1153
Patrick Kypson,10,0,0,25,1154
Patrick Kypson,11,0,0,0,1155
Patrick Kypson,12,0,0,0,1156
Patrick Kypson,13,0,0,0,1157
Patrick Kypson,14,20,0,0,1158
Patrick Kypson,15,0,0,0,1159
Patrick Kypson,16,0,0,0,1160
Patrick Kypson,17,0,0,0,1161
Patrick Kypson,18,0,0,0,1162
Patrick Kypson,19,0,0,0,1163
Patrick Kypson,20,0,0,0,1164
Patrick Kypson,21,0,0,0,1165
Patrick Kypson,22,0,0,0,1166
Patrick Kypson,23,0,0,0,1167
Patrick Kypson,24,0,0,0,1168
Patrick Kypson,25,0,0,0,1169
Patrick Kypson,26,0,0,0,1170
Patrick Kypson,27,0,0,0,1171
Patrick Kypson,28,0,0,0,1172
Patrick Kypson,29,0,0,0,1173
Patrick Kypson,30,0,0,0,1174
Patrick Kypson,31,0,0,0,1175
Patrick Kypson,32,0,0,0,1176
Patrick Kypson,33,0,0,0,1177
Patrick Kypson,34,0,0,0,1178
Patrick Kypson,35,0,0,0,1179
Patrick Kypson,36,0,0,0,1180
Patrick Kypson,37,0,0,0,1181
Patrick Kypson,38,0,0,0,1182
Patrick Kypson,39,0,0,0,1183
Patrick Kypson,40,0,0,0,1184
Patrick Kypson,41,0,0,0,1185
Patrick Kypson,42,0,0,0,1186
Patrick Kypson,43,0,0,0,1187
Patrick Kypson,44,0,0,0,1188
Patrick Kypson,45,0,0,0,1189
Patrick Kypson,46,0,0,0,1190
Patrick Kypson,47,0,0,0,1191
Patrick Kypson,48,0,0,0,1192
Patrick Kypson,49,0,0,0,1193
Patrick Kypson,50,0,0,0,1194
Patrick Kypson,51,0,0,0,1195
Patrick Kypson,52,0,0,0,1196
Paul Jubb,1,0,0,0,1145
Paul Jubb,2,0,0,0,1146
Paul Jubb,3,0,0,0,1147
Paul Jubb,4,0,0,0,1148
Paul Jubb,5,0,0,0,1149
Paul Jubb,6,0,0,0,1150
Paul Jubb,7,0,0,0,1151
Paul Jubb,8,0,0,0,1152
Paul Jubb,9,0,0,0,1153
Paul Jubb,10,0,0,0,1154
Paul Jubb,11,0,0,0,1155
Paul Jubb,12,0,0,0,1156
Paul Jubb,13,0,0,0,1157
Paul Jubb,14,0,0,0,1158
Paul Jubb,15,0,0,0,1159
Paul Jubb,16,0,0,0,1160
Paul Jubb,17,0,0,0,1161
Paul Jubb,18,0,0,0,1162
Paul Jubb,19,0,0,0,1163
Paul Jubb,20,0,0,0,1164
Paul Jubb,21,0,0,0,1165
Paul Jubb,22,0,0,0,1166
Paul Jubb,23,0,0,0,1167
Paul Jubb,24,0,0,0,1168
Paul Jubb,25,0,0,0,1169
Paul Jubb,26,0,180,0,1170
Paul Jubb,27,0,10,0,1171
Paul Jubb,28,0,0,0,1172
Paul Jubb,29,0,0,0,1173
Paul Jubb,30,0,0,0,1174
Paul Jubb,31,0,0,0,1175
Paul Jubb,32,0,0,0,1176
Paul Jubb,33,0,0,0,1177
Paul Jubb,34,0,0,0,1178
Paul Jubb,35,0,0,0,1179
Paul Jubb,36,0,0,0,1180
Paul Jubb,37,0,0,0,1181
Paul Jubb,38,0,0,0,1182
Paul Jubb,39,0,0,0,1183
Paul Jubb,40,0,0,0,1184
Paul Jubb,41,0,0,0,1185
Paul Jubb,42,0,0,0,1186
Paul Jubb,43,0,0,0,1187
Paul Jubb,44,0,0,0,1188
Paul Jubb,45,0,0,0,1189
Paul Jubb,46,0,0,0,1190
Paul Jubb,47,0,0,0,1191
Paul Jubb,48,0,0,0,1192
Paul Jubb,49,0,0,0,1193
Paul Jubb,50,0,0,0,1194
Paul Jubb,51,0,0,0,1195
Paul Jubb,52,0,0,0,1196
Pavel Kotov,1,0,0,90,1145
Pavel Kotov,2,0,0,0,1146
Pavel Kotov,3,0,0,45,1147
Pavel Kotov,4,0,0,0,1148
Pavel Kotov,5,0,0,0,1149
Pavel Kotov,6,0,0,0,1150
Pavel Kotov,7,0,0,0,1151
Pavel Kotov,8,0,0,45,1152
Pavel Kotov,9,0,0,20,1153
Pavel Kotov,10,0,0,10,1154
Pavel Kotov,11,0,0,0,1155
Pavel Kotov,12,0,0,10,1156
Pavel Kotov,13,0,0,0,1157
Pavel Kotov,14,180,0,0,1158
Pavel Kotov,15,0,0,0,1159
Pavel Kotov,16,0,0,0,1160
Pavel Kotov,17,45,0,0,1161
Pavel Kotov,18,0,0,0,1162
Pavel Kotov,19,25,0,0,1163
Pavel Kotov,20,0,0,0,1164
Pavel Kotov,21,90,0,0,1165
Pavel Kotov,22,90,0,0,1166
Pavel Kotov,23,0,0,0,1167
Pavel Kotov,24,0,0,0,1168
Pavel Kotov,25,0,0,0,1169
Pavel Kotov,26,0,0,0,1170
Pavel Kotov,27,0,10,0,1171
Pavel Kotov,28,0,0,0,1172
Pavel Kotov,29,45,0,0,1173
Pavel Kotov,30,20,0,0,1174
Pavel Kotov,31,0,0,0,1175
Pavel Kotov,32,0,0,0,1176
Pavel Kotov,33,0,0,0,1177
Pavel Kotov,34,0,0,90,1178
Pavel Kotov,35,0,0,10,1179
Pavel Kotov,36,0,0,0,1180
Pavel Kotov,37,0,0,0,1181
Pavel Kotov,38,0,0,20,1182
Pavel Kotov,39,0,0,45,1183
Pavel Kotov,40,0,0,10,1184
Pavel Kotov,41,0,0,0,1185
Pavel Kotov,42,0,0,20,1186
Pavel Kotov,43,0,0,0,1187
Pavel Kotov,44,0,0,0,1188
Pavel Kotov,45,0,0,20,1189
Pavel Kotov,46,0,0,0,1190
Pavel Kotov,47,0,0,0,1191
Pavel Kotov,48,0,0,0,1192
Pavel Kotov,49,0,0,0,1193
Pavel Kotov,50,0,0,0,1194
Pavel Kotov,51,0,0,0,1195
Pavel Kotov,52,0,0,0,1196
Pedro Cachin,1,0,0,20,1145
Pedro Cachin,2,0,0,0,1146
Pedro Cachin,3,0,0,10,1147
Pedro Cachin,4,0,0,0,1148
Pedro Cachin,5,0,0,0,1149
Pedro Cachin,6,20,0,0,1150
Pedro Cachin,7,20,0,0,1151
Pedro Cachin,8,20,0,0,1152
Pedro Cachin,9,20,0,0,1153
Pedro Cachin,10,0,0,10,1154
Pedro Cachin,11,0,0,0,1155
Pedro Cachin,12,0,0,10,1156
Pedro Cachin,13,0,0,0,1157
Pedro Cachin,14,20,0,0,1158
Pedro Cachin,15,0,0,0,1159
Pedro Cachin,16,0,0,0,1160
Pedro Cachin,17,45,0,0,1161
Pedro Cachin,18,0,0,0,1162
Pedro Cachin,19,10,0,0,1163
Pedro Cachin,20,0,0,0,1164
Pedro Cachin,21,20,0,0,1165
Pedro Cachin,22,10,0,0,1166
Pedro Cachin,23,0,0,0,1167
Pedro Cachin,24,0,0,0,1168
Pedro Cachin,25,0,0,0,1169
Pedro Cachin,26,0,0,0,1170
Pedro Cachin,27,0,0,0,1171
Pedro Cachin,28,0,0,0,1172
Pedro Cachin,29,20,0,0,1173
Pedro Cachin,30,0,0,0,1174
Pedro Cachin,31,0,0,0,1175
Pedro Cachin,32,0,0,0,1176
Pedro Cachin,33,0,0,0,1177
Pedro Cachin,34,0,0,0,1178
Pedro Cachin,35,0,0,0,1179
Pedro Cachin,36,0,0,0,1180
Pedro Cachin,37,0,0,0,1181
Pedro Cachin,38,0,0,0,1182
Pedro Cachin,39,0,0,0,1183
Pedro Cachin,40,0,0,0,1184
Pedro Cachin,41,0,0,0,1185
Pedro Cachin,42,0,0,0,1186
Pedro Cachin,43,0,0,0,1187
Pedro Cachin,44,0,0,0,1188
Pedro Cachin,45,0,0,0,1189
Pedro Cachin,46,0,0,0,1190
Pedro Cachin,47,0,0,0,1191
Pedro Cachin,48,0,0,0,1192
Pedro Cachin,49,0,0,0,1193
Pedro Cachin,50,0,0,0,1194
Pedro Cachin,51,0,0,0,1195
Pedro Cachin,52,0,0,0,1196
Pedro Martinez,1,0,0,0,1145
Pedro Martinez,2,0,0,0,1146
Pedro Martinez,3,0,0,0,1147
Pedro Martinez,4,0,0,0,1148
Pedro Martinez,5,0,0,45,1149
Pedro Martinez,6,0,0,0,1150
Pedro Martinez,7,0,0,0,1151
Pedro Martinez,8,0,0,0,1152
Pedro Martinez,9,180,0,0,1153
Pedro Martinez,10,0,0,0,1154
Pedro Martinez,11,0,0,0,1155
Pedro Martinez,12,0,0,0,1156
Pedro Martinez,13,0,0,0,1157
Pedro Martinez,14,600,0,0,1158
Pedro Martinez,15,0,0,0,1159
Pedro Martinez,16,90,0,0,1160
Pedro Martinez,17,0,0,0,1161
Pedro Martinez,18,0,0,0,1162
Pedro Martinez,19,10,0,0,1163
Pedro Martinez,20,0,0,0,1164
Pedro Martinez,21,20,0,0,1165
Pedro Martinez,22,45,0,0,1166
Pedro Martinez,23,0,0,0,1167
Pedro Martinez,24,0,0,0,1168
Pedro Martinez,25,0,20,0,1169
Pedro Martinez,26,0,20,0,1170
Pedro Martinez,27,0,10,0,1171
Pedro Martinez,28,0,0,0,1172
Pedro Martinez,29,180,0,0,1173
Pedro Martinez,30,90,0,0,1174
Pedro Martinez,31,0,0,0,1175
Pedro Martinez,32,0,0,25,1176
Pedro Martinez,33,0,0,0,1177
Pedro Martinez,34,0,0,0,1178
Pedro Martinez,35,0,0,45,1179
Pedro Martinez,36,0,0,0,1180
Pedro Martinez,37,0,0,0,1181
Pedro Martinez,38,0,0,90,1182
Pedro Martinez,39,0,0,20,1183
Pedro Martinez,40,0,0,10,1184
Pedro Martinez,41,0,0,0,1185
Pedro Martinez,42,0,0,20,1186
Pedro Martinez,43,0,0,45,1187
Pedro Martinez,44,0,0,25,1188
Pedro Martinez,45,0,0,20,1189
Pedro Martinez,46,0,0,0,1190
Pedro Martinez,47,0,0,0,1191
Pedro Martinez,48,0,0,0,1192
Pedro Martinez,49,0,0,0,1193
Pedro Martinez,50,0,0,0,1194
Pedro Martinez,51,0,0,0,1195
Pedro Martinez,52,0,0,0,1196
Petros Tsitsipas,1,0,0,0,1145
Petros Tsitsipas,2,0,0,0,1146
Petros Tsitsipas,3,0,0,0,1147
Petros Tsitsipas,4,0,0,0,1148
Petros Tsitsipas,5,0,0,0,1149
Petros Tsitsipas,6,0,0,0,1150
Petros Tsitsipas,7,0,0,0,1151
Petros Tsitsipas,8,0,0,0,1152
Petros Tsitsipas,9,0,0,0,1153
Petros Tsitsipas,10,0,0,0,1154
Petros Tsitsipas,11,0,0,0,1155
Petros Tsitsipas,12,0,0,0,1156
Petros Tsitsipas,13,0,0,0,1157
Petros Tsitsipas,14,0,0,0,1158
Petros Tsitsipas,15,0,0,0,1159
Petros Tsitsipas,16,0,0,0,1160
Petros Tsitsipas,17,0,0,0,1161
Petros Tsitsipas,18,0,0,0,1162
Petros Tsitsipas,19,0,0,0,1163
Petros Tsitsipas,20,0,0,0,1164
Petros Tsitsipas,21,0,0,0,1165
Petros Tsitsipas,22,0,0,0,1166
Petros Tsitsipas,23,0,0,0,1167
Petros Tsitsipas,24,0,0,0,1168
Petros Tsitsipas,25,0,0,0,1169
Petros Tsitsipas,26,0,0,0,1170
Petros Tsitsipas,27,0,0,0,1171
Petros Tsitsipas,28,0,0,0,1172
Petros Tsitsipas,29,0,0,0,1173
Petros Tsitsipas,30,0,0,0,1174
Petros Tsitsipas,31,0,0,0,1175
Petros Tsitsipas,32,0,0,0,1176
Petros Tsitsipas,33,0,0,0,1177
Petros Tsitsipas,34,0,0,0,1178
Petros Tsitsipas,35,0,0,0,1179
Petros Tsitsipas,36,0,0,0,1180
Petros Tsitsipas,37,0,0,0,1181
Petros Tsitsipas,38,0,0,0,1182
Petros Tsitsipas,39,0,0,0,1183
Petros Tsitsipas,40,0,0,0,1184
Petros Tsitsipas,41,0,0,0,1185
Petros Tsitsipas,42,0,0,0,1186
Petros Tsitsipas,43,0,0,0,1187
Petros Tsitsipas,44,0,0,0,1188
Petros Tsitsipas,45,0,0,0,1189
Petros Tsitsipas,46,0,0,0,1190
Petros Tsitsipas,47,0,0,0,1191
Petros Tsitsipas,48,0,0,0,1192
Petros Tsitsipas,49,0,0,0,1193
Petros Tsitsipas,50,0,0,0,1194
Petros Tsitsipas,51,0,0,0,1195
Petros Tsitsipas,52,0,0,0,1196
Pierre Hugues Herbert,1,0,0,0,1145
Pierre Hugues Herbert,2,0,0,0,1146
Pierre Hugues Herbert,3,0,0,0,1147
Pierre Hugues Herbert,4,0,0,0,1148
Pierre Hugues Herbert,5,0,0,0,1149
Pierre Hugues Herbert,6,0,0,0,1150
Pierre Hugues Herbert,7,0,0,0,1151
Pierre Hugues Herbert,8,0,0,0,1152
Pierre Hugues Herbert,9,0,0,0,1153
Pierre Hugues Herbert,10,0,0,0,1154
Pierre Hugues Herbert,11,0,0,0,1155
Pierre Hugues Herbert,12,0,0,0,1156
Pierre Hugues Herbert,13,0,0,0,1157
Pierre Hugues Herbert,14,0,0,0,1158
Pierre Hugues Herbert,15,0,0,0,1159
Pierre Hugues Herbert,16,0,0,0,1160
Pierre Hugues Herbert,17,0,0,0,1161
Pierre Hugues Herbert,18,0,0,0,1162
Pierre Hugues Herbert,19,0,0,0,1163
Pierre Hugues Herbert,20,0,0,0,1164
Pierre Hugues Herbert,21,0,0,0,1165
Pierre Hugues Herbert,22,10,0,0,1166
Pierre Hugues Herbert,23,0,0,0,1167
Pierre Hugues Herbert,24,0,20,0,1168
Pierre Hugues Herbert,25,0,0,0,1169
Pierre Hugues Herbert,26,0,0,0,1170
Pierre Hugues Herbert,27,0,0,0,1171
Pierre Hugues Herbert,28,0,0,0,1172
Pierre Hugues Herbert,29,0,0,0,1173
Pierre Hugues Herbert,30,0,0,0,1174
Pierre Hugues Herbert,31,0,0,0,1175
Pierre Hugues Herbert,32,0,0,0,1176
Pierre Hugues Herbert,33,0,0,0,1177
Pierre Hugues Herbert,34,0,0,0,1178
Pierre Hugues Herbert,35,0,0,0,1179
Pierre Hugues Herbert,36,0,0,0,1180
Pierre Hugues Herbert,37,0,0,0,1181
Pierre Hugues Herbert,38,0,0,0,1182
Pierre Hugues Herbert,39,0,0,0,1183
Pierre Hugues Herbert,40,0,0,0,1184
Pierre Hugues Herbert,41,0,0,0,1185
Pierre Hugues Herbert,42,0,0,0,1186
Pierre Hugues Herbert,43,0,0,0,1187
Pierre Hugues Herbert,44,0,0,0,1188
Pierre Hugues Herbert,45,0,0,45,1189
Pierre Hugues Herbert,46,0,0,0,1190
Pierre Hugues Herbert,47,0,0,0,1191
Pierre Hugues Herbert,48,0,0,0,1192
Pierre Hugues Herbert,49,0,0,0,1193
Pierre Hugues Herbert,50,0,0,0,1194
Pierre Hugues Herbert,51,0,0,0,1195
Pierre Hugues Herbert,52,0,0,0,1196
Quentin Halys,1,0,0,0,1145
Quentin Halys,2,0,0,0,1146
Quentin Halys,3,0,0,45,1147
Quentin Halys,4,0,0,0,1148
Quentin Halys,5,0,0,0,1149
Quentin Halys,6,0,0,20,1150
Quentin Halys,7,0,0,0,1151
Quentin Halys,8,0,0,0,1152
Quentin Halys,9,0,0,0,1153
Quentin Halys,10,0,0,0,1154
Quentin Halys,11,0,0,0,1155
Quentin Halys,12,0,0,0,1156
Quentin Halys,13,0,0,0,1157
Quentin Halys,14,0,0,0,1158
Quentin Halys,15,0,0,0,1159
Quentin Halys,16,0,0,0,1160
Quentin Halys,17,0,0,0,1161
Quentin Halys,18,0,0,0,1162
Quentin Halys,19,0,0,0,1163
Quentin Halys,20,0,0,0,1164
Quentin Halys,21,0,0,0,1165
Quentin Halys,22,0,0,0,1166
Quentin Halys,23,0,0,0,1167
Quentin Halys,24,0,0,0,1168
Quentin Halys,25,0,0,0,1169
Quentin Halys,26,0,0,0,1170
Quentin Halys,27,0,90,0,1171
Quentin Halys,28,0,0,0,1172
Quentin Halys,29,600,0,0,1173
Quentin Halys,30,0,0,0,1174
Quentin Halys,31,0,0,0,1175
Quentin Halys,32,0,0,0,1176
Quentin Halys,33,0,0,0,1177
Quentin Halys,34,0,0,0,1178
Quentin Halys,35,0,0,10,1179
Quentin Halys,36,0,0,0,1180
Quentin Halys,37,0,0,0,1181
Quentin Halys,38,0,0,0,1182
Quentin Halys,39,0,0,0,1183
Quentin Halys,40,0,0,0,1184
Quentin Halys,41,0,0,0,1185
Quentin Halys,42,0,0,45,1186
Quentin Halys,43,0,0,20,1187
Quentin Halys,44,0,0,25,1188
Quentin Halys,45,0,0,90,1189
Quentin Halys,46,0,0,0,1190
Quentin Halys,47,0,0,0,1191
Quentin Halys,48,0,0,0,1192
Quentin Halys,49,0,0,0,1193
Quentin Halys,50,0,0,0,1194
Quentin Halys,51,0,0,0,1195
Quentin Halys,52,0,0,0,1196
Radu Albot,1,0,0,0,1145
Radu Albot,2,0,0,0,1146
Radu Albot,3,0,0,0,1147
Radu Albot,4,0,0,0,1148
Radu Albot,5,0,0,0,1149
Radu Albot,6,0,0,20,1150
Radu Albot,7,0,0,45,1151
Radu Albot,8,0,0,0,1152
Radu Albot,9,0,0,0,1153
Radu Albot,10,0,0,0,1154
Radu Albot,11,0,0,0,1155
Radu Albot,12,0,0,0,1156
Radu Albot,13,0,0,0,1157
Radu Albot,14,0,0,0,1158
Radu Albot,15,0,0,0,1159
Radu Albot,16,45,0,0,1160
Radu Albot,17,0,0,0,1161
Radu Albot,18,0,0,0,1162
Radu Albot,19,0,0,0,1163
Radu Albot,20,0,0,0,1164
Radu Albot,21,0,0,0,1165
Radu Albot,22,0,0,0,1166
Radu Albot,23,0,0,0,1167
Radu Albot,24,0,0,0,1168
Radu Albot,25,0,0,0,1169
Radu Albot,26,0,0,0,1170
Radu Albot,27,0,10,0,1171
Radu Albot,28,0,0,0,1172
Radu Albot,29,0,20,0,1173
Radu Albot,30,0,0,0,1174
Radu Albot,31,0,0,20,1175
Radu Albot,32,0,0,0,1176
Radu Albot,33,0,0,0,1177
Radu Albot,34,0,0,0,1178
Radu Albot,35,0,0,10,1179
Radu Albot,36,0,0,0,1180
Radu Albot,37,0,0,0,1181
Radu Albot,38,0,0,0,1182
Radu Albot,39,0,0,0,1183
Radu Albot,40,0,0,0,1184
Radu Albot,41,0,0,0,1185
Radu Albot,42,0,0,0,1186
Radu Albot,43,0,0,0,1187
Radu Albot,44,0,0,0,1188
Radu Albot,45,0,0,0,1189
Radu Albot,46,0,0,0,1190
Radu Albot,47,0,0,0,1191
Radu Albot,48,0,0,0,1192
Radu Albot,49,0,0,0,1193
Radu Albot,50,0,0,0,1194
Radu Albot,51,0,0,0,1195
Radu Albot,52,0,0,0,1196
Rafael Nadal,1,0,0,90,1145
Rafael Nadal,2,0,0,0,1146
Rafael Nadal,3,0,0,0,1147
Rafael Nadal,4,0,0,0,1148
Rafael Nadal,5,0,0,0,1149
Rafael Nadal,6,0,0,0,1150
Rafael Nadal,7,0,0,0,1151
Rafael Nadal,8,0,0,0,1152
Rafael Nadal,9,0,0,0,1153
Rafael Nadal,10,0,0,0,1154
Rafael Nadal,11,0,0,0,1155
Rafael Nadal,12,0,0,0,1156
Rafael Nadal,13,0,0,0,1157
Rafael Nadal,14,0,0,0,1158
Rafael Nadal,15,0,0,0,1159
Rafael Nadal,16,20,0,0,1160
Rafael Nadal,17,90,0,0,1161
Rafael Nadal,18,0,0,0,1162
Rafael Nadal,19,25,0,0,1163
Rafael Nadal,20,0,0,0,1164
Rafael Nadal,21,0,0,0,1165
Rafael Nadal,22,10,0,0,1166
Rafael Nadal,23,0,0,0,1167
Rafael Nadal,24,0,0,0,1168
Rafael Nadal,25,0,0,0,1169
Rafael Nadal,26,0,0,0,1170
Rafael Nadal,27,0,0,0,1171
Rafael Nadal,28,0,0,0,1172
Rafael Nadal,29,600,0,0,1173
Rafael Nadal,30,0,0,0,1174
Rafael Nadal,31,0,0,0,1175
Rafael Nadal,32,0,0,0,1176
Rafael Nadal,33,0,0,0,1177
Rafael Nadal,34,0,0,0,1178
Rafael Nadal,35,0,0,0,1179
Rafael Nadal,36,0,0,0,1180
Rafael Nadal,37,0,0,0,1181
Rafael Nadal,38,0,0,0,1182
Rafael Nadal,39,0,0,0,1183
Rafael Nadal,40,0,0,0,1184
Rafael Nadal,41,0,0,0,1185
Rafael Nadal,42,0,0,0,1186
Rafael Nadal,43,0,0,0,1187
Rafael Nadal,44,0,0,0,1188
Rafael Nadal,45,0,0,0,1189
Rafael Nadal,46,0,0,0,1190
Rafael Nadal,47,0,0,0,1191
Rafael Nadal,48,0,0,0,1192
Rafael Nadal,49,0,0,0,1193
Rafael Nadal,50,0,0,0,1194
Rafael Nadal,51,0,0,0,1195
Rafael Nadal,52,0,0,0,1196
Ramkumar Ramanathan,1,0,0,0,1145
Ramkumar Ramanathan,2,0,0,0,1146
Ramkumar Ramanathan,3,0,0,0,1147
Ramkumar Ramanathan,4,0,0,0,1148
Ramkumar Ramanathan,5,0,0,0,1149
Ramkumar Ramanathan,6,0,0,0,1150
Ramkumar Ramanathan,7,0,0,0,1151
Ramkumar Ramanathan,8,0,0,0,1152
Ramkumar Ramanathan,9,0,0,0,1153
Ramkumar Ramanathan,10,0,0,0,1154
Ramkumar Ramanathan,11,0,0,0,1155
Ramkumar Ramanathan,12,0,0,0,1156
Ramkumar Ramanathan,13,0,0,0,1157
Ramkumar Ramanathan,14,0,0,0,1158
Ramkumar Ramanathan,15,0,0,0,1159
Ramkumar Ramanathan,16,0,0,0,1160
Ramkumar Ramanathan,17,0,0,0,1161
Ramkumar Ramanathan,18,0,0,0,1162
Ramkumar Ramanathan,19,0,0,0,1163
Ramkumar Ramanathan,20,0,0,0,1164
Ramkumar Ramanathan,21,0,0,0,1165
Ramkumar Ramanathan,22,0,0,0,1166
Ramkumar Ramanathan,23,0,0,0,1167
Ramkumar Ramanathan,24,0,0,0,1168
Ramkumar Ramanathan,25,0,0,0,1169
Ramkumar Ramanathan,26,0,0,0,1170
Ramkumar Ramanathan,27,0,0,0,1171
Ramkumar Ramanathan,28,0,0,0,1172
Ramkumar Ramanathan,29,0,0,0,1173
Ramkumar Ramanathan,30,0,0,0,1174
Ramkumar Ramanathan,31,0,0,0,1175
Ramkumar Ramanathan,32,0,0,0,1176
Ramkumar Ramanathan,33,0,0,0,1177
Ramkumar Ramanathan,34,0,0,0,1178
Ramkumar Ramanathan,35,0,0,0,1179
Ramkumar Ramanathan,36,0,0,0,1180
Ramkumar Ramanathan,37,0,0,0,1181
Ramkumar Ramanathan,38,0,0,0,1182
Ramkumar Ramanathan,39,0,0,0,1183
Ramkumar Ramanathan,40,0,0,10,1184
Ramkumar Ramanathan,41,0,0,0,1185
Ramkumar Ramanathan,42,0,0,0,1186
Ramkumar Ramanathan,43,0,0,0,1187
Ramkumar Ramanathan,44,0,0,0,1188
Ramkumar Ramanathan,45,0,0,0,1189
Ramkumar Ramanathan,46,0,0,0,1190
Ramkumar Ramanathan,47,0,0,0,1191
Ramkumar Ramanathan,48,0,0,0,1192
Ramkumar Ramanathan,49,0,0,0,1193
Ramkumar Ramanathan,50,0,0,0,1194
Ramkumar Ramanathan,51,0,0,0,1195
Ramkumar Ramanathan,52,0,0,0,1196
Raphael Collignon,1,0,0,0,1145
Raphael Collignon,2,0,0,0,1146
Raphael Collignon,3,0,0,0,1147
Raphael Collignon,4,0,0,0,1148
Raphael Collignon,5,0,0,0,1149
Raphael Collignon,6,0,0,0,1150
Raphael Collignon,7,0,0,0,1151
Raphael Collignon,8,0,0,0,1152
Raphael Collignon,9,0,0,0,1153
Raphael Collignon,10,0,0,0,1154
Raphael Collignon,11,0,0,0,1155
Raphael Collignon,12,0,0,0,1156
Raphael Collignon,13,0,0,0,1157
Raphael Collignon,14,0,0,0,1158
Raphael Collignon,15,0,0,0,1159
Raphael Collignon,16,0,0,0,1160
Raphael Collignon,17,0,0,0,1161
Raphael Collignon,18,0,0,0,1162
Raphael Collignon,19,0,0,0,1163
Raphael Collignon,20,0,0,0,1164
Raphael Collignon,21,0,0,0,1165
Raphael Collignon,22,0,0,0,1166
Raphael Collignon,23,0,0,0,1167
Raphael Collignon,24,0,0,0,1168
Raphael Collignon,25,0,0,0,1169
Raphael Collignon,26,0,0,0,1170
Raphael Collignon,27,0,0,0,1171
Raphael Collignon,28,0,0,0,1172
Raphael Collignon,29,0,0,0,1173
Raphael Collignon,30,0,0,0,1174
Raphael Collignon,31,0,0,0,1175
Raphael Collignon,32,0,0,0,1176
Raphael Collignon,33,0,0,0,1177
Raphael Collignon,34,0,0,0,1178
Raphael Collignon,35,0,0,0,1179
Raphael Collignon,36,0,0,0,1180
Raphael Collignon,37,0,0,0,1181
Raphael Collignon,38,0,0,0,1182
Raphael Collignon,39,0,0,0,1183
Raphael Collignon,40,0,0,0,1184
Raphael Collignon,41,0,0,0,1185
Raphael Collignon,42,0,0,20,1186
Raphael Collignon,43,0,0,0,1187
Raphael Collignon,44,0,0,0,1188
Raphael Collignon,45,0,0,0,1189
Raphael Collignon,46,0,0,0,1190
Raphael Collignon,47,0,0,0,1191
Raphael Collignon,48,0,0,0,1192
Raphael Collignon,49,0,0,0,1193
Raphael Collignon,50,0,0,0,1194
Raphael Collignon,51,0,0,0,1195
Raphael Collignon,52,0,0,0,1196
Reilly Opelka,1,0,0,0,1145
Reilly Opelka,2,0,0,0,1146
Reilly Opelka,3,0,0,0,1147
Reilly Opelka,4,0,0,0,1148
Reilly Opelka,5,0,0,0,1149
Reilly Opelka,6,0,0,0,1150
Reilly Opelka,7,0,0,0,1151
Reilly Opelka,8,0,0,0,1152
Reilly Opelka,9,0,0,0,1153
Reilly Opelka,10,0,0,0,1154
Reilly Opelka,11,0,0,0,1155
Reilly Opelka,12,0,0,0,1156
Reilly Opelka,13,0,0,0,1157
Reilly Opelka,14,0,0,0,1158
Reilly Opelka,15,0,0,0,1159
Reilly Opelka,16,0,0,0,1160
Reilly Opelka,17,0,0,0,1161
Reilly Opelka,18,0,0,0,1162
Reilly Opelka,19,0,0,0,1163
Reilly Opelka,20,0,0,0,1164
Reilly Opelka,21,0,0,0,1165
Reilly Opelka,22,0,0,0,1166
Reilly Opelka,23,0,0,0,1167
Reilly Opelka,24,0,0,0,1168
Reilly Opelka,25,0,0,0,1169
Reilly Opelka,26,0,0,0,1170
Reilly Opelka,27,0,0,0,1171
Reilly Opelka,28,0,0,0,1172
Reilly Opelka,29,0,180,0,1173
Reilly Opelka,30,0,0,45,1174
Reilly Opelka,31,0,0,20,1175
Reilly Opelka,32,0,0,0,1176
Reilly Opelka,33,0,0,25,1177
Reilly Opelka,34,0,0,0,1178
Reilly Opelka,35,0,0,10,1179
Reilly Opelka,36,0,0,0,1180
Reilly Opelka,37,0,0,0,1181
Reilly Opelka,38,0,0,0,1182
Reilly Opelka,39,0,0,20,1183
Reilly Opelka,40,0,0,10,1184
Reilly Opelka,41,0,0,0,1185
Reilly Opelka,42,0,0,0,1186
Reilly Opelka,43,0,0,0,1187
Reilly Opelka,44,0,0,0,1188
Reilly Opelka,45,0,0,0,1189
Reilly Opelka,46,0,0,0,1190
Reilly Opelka,47,0,0,0,1191
Reilly Opelka,48,0,0,0,1192
Reilly Opelka,49,0,0,0,1193
Reilly Opelka,50,0,0,0,1194
Reilly Opelka,51,0,0,0,1195
Reilly Opelka,52,0,0,0,1196
Richard Gasquet,1,0,0,0,1145
Richard Gasquet,2,0,0,20,1146
Richard Gasquet,3,0,0,10,1147
Richard Gasquet,4,0,0,0,1148
Richard Gasquet,5,0,0,20,1149
Richard Gasquet,6,0,0,20,1150
Richard Gasquet,7,0,0,0,1151
Richard Gasquet,8,0,0,45,1152
Richard Gasquet,9,0,0,0,1153
Richard Gasquet,10,0,0,0,1154
Richard Gasquet,11,0,0,0,1155
Richard Gasquet,12,0,0,0,1156
Richard Gasquet,13,0,0,0,1157
Richard Gasquet,14,90,0,0,1158
Richard Gasquet,15,0,0,0,1159
Richard Gasquet,16,0,0,0,1160
Richard Gasquet,17,10,0,0,1161
Richard Gasquet,18,0,0,0,1162
Richard Gasquet,19,0,0,0,1163
Richard Gasquet,20,0,0,0,1164
Richard Gasquet,21,20,0,0,1165
Richard Gasquet,22,45,0,0,1166
Richard Gasquet,23,0,0,0,1167
Richard Gasquet,24,0,45,0,1168
Richard Gasquet,25,0,0,0,1169
Richard Gasquet,26,0,0,0,1170
Richard Gasquet,27,0,0,0,1171
Richard Gasquet,28,0,0,0,1172
Richard Gasquet,29,20,0,0,1173
Richard Gasquet,30,0,0,0,1174
Richard Gasquet,31,0,0,0,1175
Richard Gasquet,32,0,0,0,1176
Richard Gasquet,33,0,0,0,1177
Richard Gasquet,34,0,0,0,1178
Richard Gasquet,35,0,0,0,1179
Richard Gasquet,36,0,0,0,1180
Richard Gasquet,37,0,0,0,1181
Richard Gasquet,38,0,0,0,1182
Richard Gasquet,39,0,0,0,1183
Richard Gasquet,40,0,0,0,1184
Richard Gasquet,41,0,0,0,1185
Richard Gasquet,42,0,0,20,1186
Richard Gasquet,43,0,0,0,1187
Richard Gasquet,44,0,0,25,1188
Richard Gasquet,45,0,0,45,1189
Richard Gasquet,46,0,0,0,1190
Richard Gasquet,47,0,0,0,1191
Richard Gasquet,48,0,0,0,1192
Richard Gasquet,49,0,0,0,1193
Richard Gasquet,50,0,0,0,1194
Richard Gasquet,51,0,0,0,1195
Richard Gasquet,52,0,0,0,1196
Rinky Hijikata,1,0,0,90,1145
Rinky Hijikata,2,0,0,20,1146
Rinky Hijikata,3,0,0,10,1147
Rinky Hijikata,4,0,0,0,1148
Rinky Hijikata,5,0,0,0,1149
Rinky Hijikata,6,0,0,45,1150
Rinky Hijikata,7,0,0,90,1151
Rinky Hijikata,8,0,0,45,1152
Rinky Hijikata,9,0,0,0,1153
Rinky Hijikata,10,0,0,0,1154
Rinky Hijikata,11,0,0,0,1155
Rinky Hijikata,12,0,0,10,1156
Rinky Hijikata,13,0,0,0,1157
Rinky Hijikata,14,45,0,0,1158
Rinky Hijikata,15,0,0,0,1159
Rinky Hijikata,16,0,0,0,1160
Rinky Hijikata,17,0,0,0,1161
Rinky Hijikata,18,0,0,0,1162
Rinky Hijikata,19,10,0,0,1163
Rinky Hijikata,20,0,0,0,1164
Rinky Hijikata,21,20,0,0,1165
Rinky Hijikata,22,10,0,0,1166
Rinky Hijikata,23,0,0,0,1167
Rinky Hijikata,24,0,20,0,1168
Rinky Hijikata,25,0,90,0,1169
Rinky Hijikata,26,0,45,0,1170
Rinky Hijikata,27,0,10,0,1171
Rinky Hijikata,28,0,0,0,1172
Rinky Hijikata,29,0,20,0,1173
Rinky Hijikata,30,0,0,0,1174
Rinky Hijikata,31,0,0,0,1175
Rinky Hijikata,32,0,0,45,1176
Rinky Hijikata,33,0,0,0,1177
Rinky Hijikata,34,0,0,90,1178
Rinky Hijikata,35,0,0,45,1179
Rinky Hijikata,36,0,0,0,1180
Rinky Hijikata,37,0,0,0,1181
Rinky Hijikata,38,0,0,90,1182
Rinky Hijikata,39,0,0,0,1183
Rinky Hijikata,40,0,0,10,1184
Rinky Hijikata,41,0,0,0,1185
Rinky Hijikata,42,0,0,0,1186
Rinky Hijikata,43,0,0,0,1187
Rinky Hijikata,44,0,0,0,1188
Rinky Hijikata,45,0,0,0,1189
Rinky Hijikata,46,0,0,0,1190
Rinky Hijikata,47,0,0,0,1191
Rinky Hijikata,48,0,0,0,1192
Rinky Hijikata,49,0,0,0,1193
Rinky Hijikata,50,0,0,0,1194
Rinky Hijikata,51,0,0,0,1195
Rinky Hijikata,52,0,0,0,1196
Roberto Bautista Agut,1,0,0,90,1145
Roberto Bautista Agut,2,0,0,20,1146
Roberto Bautista Agut,3,0,0,10,1147
Roberto Bautista Agut,4,0,0,0,1148
Roberto Bautista Agut,5,0,0,0,1149
Roberto Bautista Agut,6,0,0,45,1150
Roberto Bautista Agut,7,0,0,0,1151
Roberto Bautista Agut,8,0,0,20,1152
Roberto Bautista Agut,9,0,0,0,1153
Roberto Bautista Agut,10,0,0,0,1154
Roberto Bautista Agut,11,0,0,0,1155
Roberto Bautista Agut,12,0,0,25,1156
Roberto Bautista Agut,13,0,0,0,1157
Roberto Bautista Agut,14,45,0,0,1158
Roberto Bautista Agut,15,45,0,0,1159
Roberto Bautista Agut,16,45,0,0,1160
Roberto Bautista Agut,17,25,0,0,1161
Roberto Bautista Agut,18,0,0,0,1162
Roberto Bautista Agut,19,0,0,0,1163
Roberto Bautista Agut,20,0,0,0,1164
Roberto Bautista Agut,21,0,0,0,1165
Roberto Bautista Agut,22,10,0,0,1166
Roberto Bautista Agut,23,0,0,0,1167
Roberto Bautista Agut,24,0,45,0,1168
Roberto Bautista Agut,25,0,0,0,1169
Roberto Bautista Agut,26,0,90,0,1170
Roberto Bautista Agut,27,0,180,0,1171
Roberto Bautista Agut,28,0,0,0,1172
Roberto Bautista Agut,29,0,0,0,1173
Roberto Bautista Agut,30,0,0,0,1174
Roberto Bautista Agut,31,0,0,0,1175
Roberto Bautista Agut,32,0,0,25,1176
Roberto Bautista Agut,33,0,0,0,1177
Roberto Bautista Agut,34,0,0,0,1178
Roberto Bautista Agut,35,0,0,45,1179
Roberto Bautista Agut,36,0,0,0,1180
Roberto Bautista Agut,37,0,0,0,1181
Roberto Bautista Agut,38,0,0,0,1182
Roberto Bautista Agut,39,0,0,45,1183
Roberto Bautista Agut,40,0,0,10,1184
Roberto Bautista Agut,41,0,0,0,1185
Roberto Bautista Agut,42,0,0,500,1186
Roberto Bautista Agut,43,0,0,45,1187
Roberto Bautista Agut,44,0,0,0,1188
Roberto Bautista Agut,45,0,0,20,1189
Roberto Bautista Agut,46,0,0,0,1190
Roberto Bautista Agut,47,0,0,0,1191
Roberto Bautista Agut,48,0,0,0,1192
Roberto Bautista Agut,49,0,0,0,1193
Roberto Bautista Agut,50,0,0,0,1194
Roberto Bautista Agut,51,0,0,0,1195
Roberto Bautista Agut,52,0,0,0,1196
Roberto Carballes Baena,1,0,0,0,1145
Roberto Carballes Baena,2,0,0,90,1146
Roberto Carballes Baena,3,0,0,10,1147
Roberto Carballes Baena,4,0,0,0,1148
Roberto Carballes Baena,5,0,0,0,1149
Roberto Carballes Baena,6,45,0,0,1150
Roberto Carballes Baena,7,20,0,0,1151
Roberto Carballes Baena,8,20,0,0,1152
Roberto Carballes Baena,9,20,0,0,1153
Roberto Carballes Baena,10,0,0,25,1154
Roberto Carballes Baena,11,0,0,0,1155
Roberto Carballes Baena,12,0,0,25,1156
Roberto Carballes Baena,13,0,0,0,1157
Roberto Carballes Baena,14,600,0,0,1158
Roberto Carballes Baena,15,0,0,0,1159
Roberto Carballes Baena,16,45,0,0,1160
Roberto Carballes Baena,17,25,0,0,1161
Roberto Carballes Baena,18,0,0,0,1162
Roberto Carballes Baena,19,25,0,0,1163
Roberto Carballes Baena,20,0,0,0,1164
Roberto Carballes Baena,21,45,0,0,1165
Roberto Carballes Baena,22,45,0,0,1166
Roberto Carballes Baena,23,0,0,0,1167
Roberto Carballes Baena,24,0,0,0,1168
Roberto Carballes Baena,25,0,0,0,1169
Roberto Carballes Baena,26,0,45,0,1170
Roberto Carballes Baena,27,0,10,0,1171
Roberto Carballes Baena,28,0,0,0,1172
Roberto Carballes Baena,29,90,0,0,1173
Roberto Carballes Baena,30,45,0,0,1174
Roberto Carballes Baena,31,0,0,20,1175
Roberto Carballes Baena,32,0,0,0,1176
Roberto Carballes Baena,33,0,0,0,1177
Roberto Carballes Baena,34,0,0,0,1178
Roberto Carballes Baena,35,0,0,45,1179
Roberto Carballes Baena,36,0,0,0,1180
Roberto Carballes Baena,37,0,0,0,1181
Roberto Carballes Baena,38,0,0,90,1182
Roberto Carballes Baena,39,0,0,20,1183
Roberto Carballes Baena,40,0,0,45,1184
Roberto Carballes Baena,41,0,0,0,1185
Roberto Carballes Baena,42,0,0,45,1186
Roberto Carballes Baena,43,0,0,0,1187
Roberto Carballes Baena,44,0,0,25,1188
Roberto Carballes Baena,45,0,0,20,1189
Roberto Carballes Baena,46,0,0,0,1190
Roberto Carballes Baena,47,0,0,0,1191
Roberto Carballes Baena,48,0,0,0,1192
Roberto Carballes Baena,49,0,0,0,1193
Roberto Carballes Baena,50,0,0,0,1194
Roberto Carballes Baena,51,0,0,0,1195
Roberto Carballes Baena,52,0,0,0,1196
Robin Haase,1,0,0,0,1145
Robin Haase,2,0,0,0,1146
Robin Haase,3,0,0,0,1147
Robin Haase,4,0,0,0,1148
Robin Haase,5,0,0,0,1149
Robin Haase,6,0,0,0,1150
Robin Haase,7,0,0,0,1151
Robin Haase,8,0,0,0,1152
Robin Haase,9,0,0,0,1153
Robin Haase,10,0,0,0,1154
Robin Haase,11,0,0,0,1155
Robin Haase,12,0,0,0,1156
Robin Haase,13,0,0,0,1157
Robin Haase,14,0,0,0,1158
Robin Haase,15,0,0,0,1159
Robin Haase,16,0,0,0,1160
Robin Haase,17,0,0,0,1161
Robin Haase,18,0,0,0,1162
Robin Haase,19,0,0,0,1163
Robin Haase,20,0,0,0,1164
Robin Haase,21,0,0,0,1165
Robin Haase,22,0,0,0,1166
Robin Haase,23,0,0,0,1167
Robin Haase,24,0,0,0,1168
Robin Haase,25,0,0,0,1169
Robin Haase,26,0,0,0,1170
Robin Haase,27,0,0,0,1171
Robin Haase,28,0,0,0,1172
Robin Haase,29,0,0,0,1173
Robin Haase,30,0,0,0,1174
Robin Haase,31,0,0,0,1175
Robin Haase,32,0,0,0,1176
Robin Haase,33,0,0,0,1177
Robin Haase,34,0,0,0,1178
Robin Haase,35,0,0,0,1179
Robin Haase,36,0,0,0,1180
Robin Haase,37,0,0,0,1181
Robin Haase,38,0,0,0,1182
Robin Haase,39,0,0,0,1183
Robin Haase,40,0,0,0,1184
Robin Haase,41,0,0,0,1185
Robin Haase,42,0,0,0,1186
Robin Haase,43,0,0,0,1187
Robin Haase,44,0,0,0,1188
Robin Haase,45,0,0,0,1189
Robin Haase,46,0,0,0,1190
Robin Haase,47,0,0,0,1191
Robin Haase,48,0,0,0,1192
Robin Haase,49,0,0,0,1193
Robin Haase,50,0,0,0,1194
Robin Haase,51,0,0,0,1195
Robin Haase,52,0,0,0,1196
Rodrigo Pacheco Mendez,1,0,0,0,1145
Rodrigo Pacheco Mendez,2,0,0,0,1146
Rodrigo Pacheco Mendez,3,0,0,0,1147
Rodrigo Pacheco Mendez,4,0,0,0,1148
Rodrigo Pacheco Mendez,5,0,0,0,1149
Rodrigo Pacheco Mendez,6,0,0,0,1150
Rodrigo Pacheco Mendez,7,0,0,0,1151
Rodrigo Pacheco Mendez,8,0,0,20,1152
Rodrigo Pacheco Mendez,9,0,0,20,1153
Rodrigo Pacheco Mendez,10,0,0,0,1154
Rodrigo Pacheco Mendez,11,0,0,0,1155
Rodrigo Pacheco Mendez,12,0,0,0,1156
Rodrigo Pacheco Mendez,13,0,0,0,1157
Rodrigo Pacheco Mendez,14,0,0,0,1158
Rodrigo Pacheco Mendez,15,0,0,0,1159
Rodrigo Pacheco Mendez,16,0,0,0,1160
Rodrigo Pacheco Mendez,17,0,0,0,1161
Rodrigo Pacheco Mendez,18,0,0,0,1162
Rodrigo Pacheco Mendez,19,0,0,0,1163
Rodrigo Pacheco Mendez,20,0,0,0,1164
Rodrigo Pacheco Mendez,21,0,0,0,1165
Rodrigo Pacheco Mendez,22,0,0,0,1166
Rodrigo Pacheco Mendez,23,0,0,0,1167
Rodrigo Pacheco Mendez,24,0,0,0,1168
Rodrigo Pacheco Mendez,25,0,0,0,1169
Rodrigo Pacheco Mendez,26,0,0,0,1170
Rodrigo Pacheco Mendez,27,0,0,0,1171
Rodrigo Pacheco Mendez,28,0,0,0,1172
Rodrigo Pacheco Mendez,29,0,0,0,1173
Rodrigo Pacheco Mendez,30,0,0,0,1174
Rodrigo Pacheco Mendez,31,0,0,0,1175
Rodrigo Pacheco Mendez,32,0,0,0,1176
Rodrigo Pacheco Mendez,33,0,0,0,1177
Rodrigo Pacheco Mendez,34,0,0,0,1178
Rodrigo Pacheco Mendez,35,0,0,0,1179
Rodrigo Pacheco Mendez,36,0,0,0,1180
Rodrigo Pacheco Mendez,37,0,0,0,1181
Rodrigo Pacheco Mendez,38,0,0,0,1182
Rodrigo Pacheco Mendez,39,0,0,0,1183
Rodrigo Pacheco Mendez,40,0,0,0,1184
Rodrigo Pacheco Mendez,41,0,0,0,1185
Rodrigo Pacheco Mendez,42,0,0,0,1186
Rodrigo Pacheco Mendez,43,0,0,0,1187
Rodrigo Pacheco Mendez,44,0,0,0,1188
Rodrigo Pacheco Mendez,45,0,0,0,1189
Rodrigo Pacheco Mendez,46,0,0,0,1190
Rodrigo Pacheco Mendez,47,0,0,0,1191
Rodrigo Pacheco Mendez,48,0,0,0,1192
Rodrigo Pacheco Mendez,49,0,0,0,1193
Rodrigo Pacheco Mendez,50,0,0,0,1194
Rodrigo Pacheco Mendez,51,0,0,0,1195
Rodrigo Pacheco Mendez,52,0,0,0,1196
Roman Andres Burruchaga,1,0,0,0,1145
Roman Andres Burruchaga,2,0,0,0,1146
Roman Andres Burruchaga,3,0,0,0,1147
Roman Andres Burruchaga,4,0,0,0,1148
Roman Andres Burruchaga,5,0,0,0,1149
Roman Andres Burruchaga,6,45,0,0,1150
Roman Andres Burruchaga,7,0,0,0,1151
Roman Andres Burruchaga,8,0,0,0,1152
Roman Andres Burruchaga,9,20,0,0,1153
Roman Andres Burruchaga,10,0,0,0,1154
Roman Andres Burruchaga,11,0,0,0,1155
Roman Andres Burruchaga,12,0,0,0,1156
Roman Andres Burruchaga,13,0,0,0,1157
Roman Andres Burruchaga,14,0,0,0,1158
Roman Andres Burruchaga,15,0,0,0,1159
Roman Andres Burruchaga,16,0,0,0,1160
Roman Andres Burruchaga,17,0,0,0,1161
Roman Andres Burruchaga,18,0,0,0,1162
Roman Andres Burruchaga,19,0,0,0,1163
Roman Andres Burruchaga,20,0,0,0,1164
Roman Andres Burruchaga,21,0,0,0,1165
Roman Andres Burruchaga,22,10,0,0,1166
Roman Andres Burruchaga,23,0,0,0,1167
Roman Andres Burruchaga,24,0,0,0,1168
Roman Andres Burruchaga,25,0,0,0,1169
Roman Andres Burruchaga,26,0,0,0,1170
Roman Andres Burruchaga,27,0,0,0,1171
Roman Andres Burruchaga,28,0,0,0,1172
Roman Andres Burruchaga,29,0,0,0,1173
Roman Andres Burruchaga,30,0,0,0,1174
Roman Andres Burruchaga,31,0,0,0,1175
Roman Andres Burruchaga,32,0,0,0,1176
Roman Andres Burruchaga,33,0,0,0,1177
Roman Andres Burruchaga,34,0,0,0,1178
Roman Andres Burruchaga,35,0,0,0,1179
Roman Andres Burruchaga,36,0,0,0,1180
Roman Andres Burruchaga,37,0,0,0,1181
Roman Andres Burruchaga,38,0,0,0,1182
Roman Andres Burruchaga,39,0,0,0,1183
Roman Andres Burruchaga,40,0,0,0,1184
Roman Andres Burruchaga,41,0,0,0,1185
Roman Andres Burruchaga,42,0,0,0,1186
Roman Andres Burruchaga,43,0,0,0,1187
Roman Andres Burruchaga,44,0,0,0,1188
Roman Andres Burruchaga,45,0,0,0,1189
Roman Andres Burruchaga,46,0,0,0,1190
Roman Andres Burruchaga,47,0,0,0,1191
Roman Andres Burruchaga,48,0,0,0,1192
Roman Andres Burruchaga,49,0,0,0,1193
Roman Andres Burruchaga,50,0,0,0,1194
Roman Andres Burruchaga,51,0,0,0,1195
Roman Andres Burruchaga,52,0,0,0,1196
Roman Safiullin,1,0,0,180,1145
Roman Safiullin,2,0,0,0,1146
Roman Safiullin,3,0,0,10,1147
Roman Safiullin,4,0,0,0,1148
Roman Safiullin,5,0,0,0,1149
Roman Safiullin,6,0,0,0,1150
Roman Safiullin,7,0,0,20,1151
Roman Safiullin,8,0,0,20,1152
Roman Safiullin,9,0,0,20,1153
Roman Safiullin,10,0,0,25,1154
Roman Safiullin,11,0,0,0,1155
Roman Safiullin,12,0,0,25,1156
Roman Safiullin,13,0,0,0,1157
Roman Safiullin,14,0,0,0,1158
Roman Safiullin,15,45,0,0,1159
Roman Safiullin,16,0,0,0,1160
Roman Safiullin,17,10,0,0,1161
Roman Safiullin,18,0,0,0,1162
Roman Safiullin,19,10,0,0,1163
Roman Safiullin,20,0,0,0,1164
Roman Safiullin,21,0,0,0,1165
Roman Safiullin,22,10,0,0,1166
Roman Safiullin,23,0,0,0,1167
Roman Safiullin,24,0,20,0,1168
Roman Safiullin,25,0,20,0,1169
Roman Safiullin,26,0,0,0,1170
Roman Safiullin,27,0,90,0,1171
Roman Safiullin,28,0,0,0,1172
Roman Safiullin,29,20,0,0,1173
Roman Safiullin,30,0,0,0,1174
Roman Safiullin,31,0,0,0,1175
Roman Safiullin,32,0,0,25,1176
Roman Safiullin,33,0,0,0,1177
Roman Safiullin,34,0,0,45,1178
Roman Safiullin,35,0,0,45,1179
Roman Safiullin,36,0,0,0,1180
Roman Safiullin,37,0,0,0,1181
Roman Safiullin,38,0,0,45,1182
Roman Safiullin,39,0,0,45,1183
Roman Safiullin,40,0,0,90,1184
Roman Safiullin,41,0,0,0,1185
Roman Safiullin,42,0,0,20,1186
Roman Safiullin,43,0,0,0,1187
Roman Safiullin,44,0,0,0,1188
Roman Safiullin,45,0,0,45,1189
Roman Safiullin,46,0,0,0,1190
Roman Safiullin,47,0,0,0,1191
Roman Safiullin,48,0,0,0,1192
Roman Safiullin,49,0,0,0,1193
Roman Safiullin,50,0,0,0,1194
Roman Safiullin,51,0,0,0,1195
Roman Safiullin,52,0,0,0,1196
Rudolf Molleker,1,0,0,0,1145
Rudolf Molleker,2,0,0,0,1146
Rudolf Molleker,3,0,0,0,1147
Rudolf Molleker,4,0,0,0,1148
Rudolf Molleker,5,0,0,0,1149
Rudolf Molleker,6,0,0,0,1150
Rudolf Molleker,7,0,0,0,1151
Rudolf Molleker,8,0,0,0,1152
Rudolf Molleker,9,0,0,0,1153
Rudolf Molleker,10,0,0,0,1154
Rudolf Molleker,11,0,0,0,1155
Rudolf Molleker,12,0,0,0,1156
Rudolf Molleker,13,0,0,0,1157
Rudolf Molleker,14,0,0,0,1158
Rudolf Molleker,15,0,0,0,1159
Rudolf Molleker,16,45,0,0,1160
Rudolf Molleker,17,0,0,0,1161
Rudolf Molleker,18,0,0,0,1162
Rudolf Molleker,19,0,0,0,1163
Rudolf Molleker,20,0,0,0,1164
Rudolf Molleker,21,0,0,0,1165
Rudolf Molleker,22,0,0,0,1166
Rudolf Molleker,23,0,0,0,1167
Rudolf Molleker,24,0,0,0,1168
Rudolf Molleker,25,0,0,0,1169
Rudolf Molleker,26,0,0,0,1170
Rudolf Molleker,27,0,0,0,1171
Rudolf Molleker,28,0,0,0,1172
Rudolf Molleker,29,20,0,0,1173
Rudolf Molleker,30,0,0,0,1174
Rudolf Molleker,31,0,0,0,1175
Rudolf Molleker,32,0,0,0,1176
Rudolf Molleker,33,0,0,0,1177
Rudolf Molleker,34,0,0,0,1178
Rudolf Molleker,35,0,0,0,1179
Rudolf Molleker,36,0,0,0,1180
Rudolf Molleker,37,0,0,0,1181
Rudolf Molleker,38,0,0,0,1182
Rudolf Molleker,39,0,0,0,1183
Rudolf Molleker,40,0,0,0,1184
Rudolf Molleker,41,0,0,0,1185
Rudolf Molleker,42,0,0,0,1186
Rudolf Molleker,43,0,0,0,1187
Rudolf Molleker,44,0,0,0,1188
Rudolf Molleker,45,0,0,0,1189
Rudolf Molleker,46,0,0,0,1190
Rudolf Molleker,47,0,0,0,1191
Rudolf Molleker,48,0,0,0,1192
Rudolf Molleker,49,0,0,0,1193
Rudolf Molleker,50,0,0,0,1194
Rudolf Molleker,51,0,0,0,1195
Rudolf Molleker,52,0,0,0,1196
Sebastian Baez,1,0,0,20,1145
Sebastian Baez,2,0,0,20,1146
Sebastian Baez,3,0,0,90,1147
Sebastian Baez,4,0,0,0,1148
Sebastian Baez,5,0,0,0,1149
Sebastian Baez,6,180,0,0,1150
Sebastian Baez,7,90,0,0,1151
Sebastian Baez,8,500,0,0,1152
Sebastian Baez,9,500,0,0,1153
Sebastian Baez,10,0,0,45,1154
Sebastian Baez,11,0,0,0,1155
Sebastian Baez,12,0,0,25,1156
Sebastian Baez,13,0,0,0,1157
Sebastian Baez,14,0,0,0,1158
Sebastian Baez,15,25,0,0,1159
Sebastian Baez,16,20,0,0,1160
Sebastian Baez,17,45,0,0,1161
Sebastian Baez,18,0,0,0,1162
Sebastian Baez,19,90,0,0,1163
Sebastian Baez,20,0,0,0,1164
Sebastian Baez,21,90,0,0,1165
Sebastian Baez,22,45,0,0,1166
Sebastian Baez,23,0,0,0,1167
Sebastian Baez,24,0,0,0,1168
Sebastian Baez,25,0,20,0,1169
Sebastian Baez,26,0,45,0,1170
Sebastian Baez,27,0,10,0,1171
Sebastian Baez,28,0,0,0,1172
Sebastian Baez,29,180,0,0,1173
Sebastian Baez,30,90,0,0,1174
Sebastian Baez,31,0,0,0,1175
Sebastian Baez,32,0,0,0,1176
Sebastian Baez,33,0,0,45,1177
Sebastian Baez,34,0,0,20,1178
Sebastian Baez,35,0,0,45,1179
Sebastian Baez,36,0,0,0,1180
Sebastian Baez,37,0,0,0,1181
Sebastian Baez,38,0,0,0,1182
Sebastian Baez,39,0,0,0,1183
Sebastian Baez,40,0,0,25,1184
Sebastian Baez,41,0,0,0,1185
Sebastian Baez,42,0,0,45,1186
Sebastian Baez,43,0,0,20,1187
Sebastian Baez,44,0,0,25,1188
Sebastian Baez,45,0,0,0,1189
Sebastian Baez,46,0,0,0,1190
Sebastian Baez,47,0,0,0,1191
Sebastian Baez,48,0,0,0,1192
Sebastian Baez,49,0,0,0,1193
Sebastian Baez,50,0,0,0,1194
Sebastian Baez,51,0,0,0,1195
Sebastian Baez,52,0,0,0,1196
Sebastian Fanselow,1,0,0,0,1145
Sebastian Fanselow,2,0,0,0,1146
Sebastian Fanselow,3,0,0,0,1147
Sebastian Fanselow,4,0,0,0,1148
Sebastian Fanselow,5,0,0,0,1149
Sebastian Fanselow,6,0,0,0,1150
Sebastian Fanselow,7,0,0,0,1151
Sebastian Fanselow,8,0,0,0,1152
Sebastian Fanselow,9,0,0,0,1153
Sebastian Fanselow,10,0,0,0,1154
Sebastian Fanselow,11,0,0,0,1155
Sebastian Fanselow,12,0,0,0,1156
Sebastian Fanselow,13,0,0,0,1157
Sebastian Fanselow,14,0,0,0,1158
Sebastian Fanselow,15,0,0,0,1159
Sebastian Fanselow,16,0,0,0,1160
Sebastian Fanselow,17,0,0,0,1161
Sebastian Fanselow,18,0,0,0,1162
Sebastian Fanselow,19,0,0,0,1163
Sebastian Fanselow,20,0,0,0,1164
Sebastian Fanselow,21,20,0,0,1165
Sebastian Fanselow,22,0,0,0,1166
Sebastian Fanselow,23,0,0,0,1167
Sebastian Fanselow,24,0,0,0,1168
Sebastian Fanselow,25,0,0,0,1169
Sebastian Fanselow,26,0,0,0,1170
Sebastian Fanselow,27,0,0,0,1171
Sebastian Fanselow,28,0,0,0,1172
Sebastian Fanselow,29,0,0,0,1173
Sebastian Fanselow,30,0,0,0,1174
Sebastian Fanselow,31,0,0,0,1175
Sebastian Fanselow,32,0,0,0,1176
Sebastian Fanselow,33,0,0,0,1177
Sebastian Fanselow,34,0,0,0,1178
Sebastian Fanselow,35,0,0,0,1179
Sebastian Fanselow,36,0,0,0,1180
Sebastian Fanselow,37,0,0,0,1181
Sebastian Fanselow,38,0,0,0,1182
Sebastian Fanselow,39,0,0,0,1183
Sebastian Fanselow,40,0,0,0,1184
Sebastian Fanselow,41,0,0,0,1185
Sebastian Fanselow,42,0,0,0,1186
Sebastian Fanselow,43,0,0,0,1187
Sebastian Fanselow,44,0,0,0,1188
Sebastian Fanselow,45,0,0,0,1189
Sebastian Fanselow,46,0,0,0,1190
Sebastian Fanselow,47,0,0,0,1191
Sebastian Fanselow,48,0,0,0,1192
Sebastian Fanselow,49,0,0,0,1193
Sebastian Fanselow,50,0,0,0,1194
Sebastian Fanselow,51,0,0,0,1195
Sebastian Fanselow,52,0,0,0,1196
Sebastian Korda,1,0,0,20,1145
Sebastian Korda,2,0,0,180,1146
Sebastian Korda,3,0,0,90,1147
Sebastian Korda,4,0,0,0,1148
Sebastian Korda,5,0,0,0,1149
Sebastian Korda,6,0,0,45,1150
Sebastian Korda,7,0,0,20,1151
Sebastian Korda,8,0,0,0,1152
Sebastian Korda,9,0,0,90,1153
Sebastian Korda,10,0,0,45,1154
Sebastian Korda,11,0,0,0,1155
Sebastian Korda,12,0,0,45,1156
Sebastian Korda,13,0,0,0,1157
Sebastian Korda,14,0,0,0,1158
Sebastian Korda,15,45,0,0,1159
Sebastian Korda,16,45,0,0,1160
Sebastian Korda,17,45,0,0,1161
Sebastian Korda,18,0,0,0,1162
Sebastian Korda,19,45,0,0,1163
Sebastian Korda,20,0,0,0,1164
Sebastian Korda,21,0,0,0,1165
Sebastian Korda,22,90,0,0,1166
Sebastian Korda,23,0,0,0,1167
Sebastian Korda,24,0,600,0,1168
Sebastian Korda,25,0,180,0,1169
Sebastian Korda,26,0,0,0,1170
Sebastian Korda,27,0,10,0,1171
Sebastian Korda,28,0,0,0,1172
Sebastian Korda,29,0,0,0,1173
Sebastian Korda,30,0,0,0,1174
Sebastian Korda,31,0,0,500,1175
Sebastian Korda,32,0,0,360,1176
Sebastian Korda,33,0,0,25,1177
Sebastian Korda,34,0,0,0,1178
Sebastian Korda,35,0,0,45,1179
Sebastian Korda,36,0,0,0,1180
Sebastian Korda,37,0,0,0,1181
Sebastian Korda,38,0,0,0,1182
Sebastian Korda,39,0,0,0,1183
Sebastian Korda,40,0,0,0,1184
Sebastian Korda,41,0,0,0,1185
Sebastian Korda,42,0,0,0,1186
Sebastian Korda,43,0,0,0,1187
Sebastian Korda,44,0,0,0,1188
Sebastian Korda,45,0,0,0,1189
Sebastian Korda,46,0,0,0,1190
Sebastian Korda,47,0,0,0,1191
Sebastian Korda,48,0,0,0,1192
Sebastian Korda,49,0,0,0,1193
Sebastian Korda,50,0,0,0,1194
Sebastian Korda,51,0,0,0,1195
Sebastian Korda,52,0,0,0,1196
Sebastian Ofner,1,0,0,180,1145
Sebastian Ofner,2,0,0,45,1146
Sebastian Ofner,3,0,0,10,1147
Sebastian Ofner,4,0,0,0,1148
Sebastian Ofner,5,0,0,0,1149
Sebastian Ofner,6,45,0,0,1150
Sebastian Ofner,7,20,0,0,1151
Sebastian Ofner,8,20,0,0,1152
Sebastian Ofner,9,0,0,45,1153
Sebastian Ofner,10,0,0,10,1154
Sebastian Ofner,11,0,0,0,1155
Sebastian Ofner,12,0,0,25,1156
Sebastian Ofner,13,0,0,0,1157
Sebastian Ofner,14,45,0,0,1158
Sebastian Ofner,15,45,0,0,1159
Sebastian Ofner,16,20,0,0,1160
Sebastian Ofner,17,10,0,0,1161
Sebastian Ofner,18,0,0,0,1162
Sebastian Ofner,19,10,0,0,1163
Sebastian Ofner,20,0,0,0,1164
Sebastian Ofner,21,45,0,0,1165
Sebastian Ofner,22,90,0,0,1166
Sebastian Ofner,23,0,0,0,1167
Sebastian Ofner,24,0,20,0,1168
Sebastian Ofner,25,0,20,0,1169
Sebastian Ofner,26,0,600,0,1170
Sebastian Ofner,27,0,10,0,1171
Sebastian Ofner,28,0,0,0,1172
Sebastian Ofner,29,20,0,0,1173
Sebastian Ofner,30,20,0,0,1174
Sebastian Ofner,31,0,0,0,1175
Sebastian Ofner,32,0,0,0,1176
Sebastian Ofner,33,0,0,0,1177
Sebastian Ofner,34,0,0,0,1178
Sebastian Ofner,35,0,0,10,1179
Sebastian Ofner,36,0,0,0,1180
Sebastian Ofner,37,0,0,0,1181
Sebastian Ofner,38,0,0,0,1182
Sebastian Ofner,39,0,0,0,1183
Sebastian Ofner,40,0,0,0,1184
Sebastian Ofner,41,0,0,0,1185
Sebastian Ofner,42,0,0,0,1186
Sebastian Ofner,43,0,0,0,1187
Sebastian Ofner,44,0,0,0,1188
Sebastian Ofner,45,0,0,0,1189
Sebastian Ofner,46,0,0,0,1190
Sebastian Ofner,47,0,0,0,1191
Sebastian Ofner,48,0,0,0,1192
Sebastian Ofner,49,0,0,0,1193
Sebastian Ofner,50,0,0,0,1194
Sebastian Ofner,51,0,0,0,1195
Sebastian Ofner,52,0,0,0,1196
Seong Chan Hong,1,0,0,0,1145
Seong Chan Hong,2,0,0,0,1146
Seong Chan Hong,3,0,0,0,1147
Seong Chan Hong,4,0,0,0,1148
Seong Chan Hong,5,0,0,0,1149
Seong Chan Hong,6,0,0,0,1150
Seong Chan Hong,7,0,0,0,1151
Seong Chan Hong,8,0,0,0,1152
Seong Chan Hong,9,0,0,0,1153
Seong Chan Hong,10,0,0,10,1154
Seong Chan Hong,11,0,0,0,1155
Seong Chan Hong,12,0,0,0,1156
Seong Chan Hong,13,0,0,0,1157
Seong Chan Hong,14,0,0,0,1158
Seong Chan Hong,15,0,0,0,1159
Seong Chan Hong,16,0,0,0,1160
Seong Chan Hong,17,0,0,0,1161
Seong Chan Hong,18,0,0,0,1162
Seong Chan Hong,19,0,0,0,1163
Seong Chan Hong,20,0,0,0,1164
Seong Chan Hong,21,0,0,0,1165
Seong Chan Hong,22,0,0,0,1166
Seong Chan Hong,23,0,0,0,1167
Seong Chan Hong,24,0,0,0,1168
Seong Chan Hong,25,0,0,0,1169
Seong Chan Hong,26,0,0,0,1170
Seong Chan Hong,27,0,0,0,1171
Seong Chan Hong,28,0,0,0,1172
Seong Chan Hong,29,0,0,0,1173
Seong Chan Hong,30,0,0,0,1174
Seong Chan Hong,31,0,0,45,1175
Seong Chan Hong,32,0,0,0,1176
Seong Chan Hong,33,0,0,0,1177
Seong Chan Hong,34,0,0,0,1178
Seong Chan Hong,35,0,0,0,1179
Seong Chan Hong,36,0,0,0,1180
Seong Chan Hong,37,0,0,0,1181
Seong Chan Hong,38,0,0,0,1182
Seong Chan Hong,39,0,0,0,1183
Seong Chan Hong,40,0,0,0,1184
Seong Chan Hong,41,0,0,0,1185
Seong Chan Hong,42,0,0,0,1186
Seong Chan Hong,43,0,0,0,1187
Seong Chan Hong,44,0,0,0,1188
Seong Chan Hong,45,0,0,0,1189
Seong Chan Hong,46,0,0,0,1190
Seong Chan Hong,47,0,0,0,1191
Seong Chan Hong,48,0,0,0,1192
Seong Chan Hong,49,0,0,0,1193
Seong Chan Hong,50,0,0,0,1194
Seong Chan Hong,51,0,0,0,1195
Seong Chan Hong,52,0,0,0,1196
Shintaro Mochizuki,1,0,0,20,1145
Shintaro Mochizuki,2,0,0,0,1146
Shintaro Mochizuki,3,0,0,10,1147
Shintaro Mochizuki,4,0,0,0,1148
Shintaro Mochizuki,5,0,0,0,1149
Shintaro Mochizuki,6,0,0,0,1150
Shintaro Mochizuki,7,0,0,0,1151
Shintaro Mochizuki,8,0,0,0,1152
Shintaro Mochizuki,9,0,0,0,1153
Shintaro Mochizuki,10,0,0,10,1154
Shintaro Mochizuki,11,0,0,0,1155
Shintaro Mochizuki,12,0,0,0,1156
Shintaro Mochizuki,13,0,0,0,1157
Shintaro Mochizuki,14,0,0,0,1158
Shintaro Mochizuki,15,0,0,0,1159
Shintaro Mochizuki,16,0,0,0,1160
Shintaro Mochizuki,17,0,0,0,1161
Shintaro Mochizuki,18,0,0,0,1162
Shintaro Mochizuki,19,0,0,0,1163
Shintaro Mochizuki,20,0,0,0,1164
Shintaro Mochizuki,21,0,0,0,1165
Shintaro Mochizuki,22,10,0,0,1166
Shintaro Mochizuki,23,0,0,0,1167
Shintaro Mochizuki,24,0,0,0,1168
Shintaro Mochizuki,25,0,0,0,1169
Shintaro Mochizuki,26,0,0,0,1170
Shintaro Mochizuki,27,0,0,0,1171
Shintaro Mochizuki,28,0,0,0,1172
Shintaro Mochizuki,29,0,20,0,1173
Shintaro Mochizuki,30,0,0,0,1174
Shintaro Mochizuki,31,0,0,0,1175
Shintaro Mochizuki,32,0,0,0,1176
Shintaro Mochizuki,33,0,0,0,1177
Shintaro Mochizuki,34,0,0,0,1178
Shintaro Mochizuki,35,0,0,0,1179
Shintaro Mochizuki,36,0,0,0,1180
Shintaro Mochizuki,37,0,0,0,1181
Shintaro Mochizuki,38,0,0,20,1182
Shintaro Mochizuki,39,0,0,20,1183
Shintaro Mochizuki,40,0,0,0,1184
Shintaro Mochizuki,41,0,0,0,1185
Shintaro Mochizuki,42,0,0,0,1186
Shintaro Mochizuki,43,0,0,0,1187
Shintaro Mochizuki,44,0,0,0,1188
Shintaro Mochizuki,45,0,0,0,1189
Shintaro Mochizuki,46,0,0,0,1190
Shintaro Mochizuki,47,0,0,0,1191
Shintaro Mochizuki,48,0,0,0,1192
Shintaro Mochizuki,49,0,0,0,1193
Shintaro Mochizuki,50,0,0,0,1194
Shintaro Mochizuki,51,0,0,0,1195
Shintaro Mochizuki,52,0,0,0,1196
Soon Woo Kwon,1,0,0,0,1145
Soon Woo Kwon,2,0,0,0,1146
Soon Woo Kwon,3,0,0,10,1147
Soon Woo Kwon,4,0,0,0,1148
Soon Woo Kwon,5,0,0,0,1149
Soon Woo Kwon,6,0,0,0,1150
Soon Woo Kwon,7,0,0,0,1151
Soon Woo Kwon,8,0,0,0,1152
Soon Woo Kwon,9,0,0,0,1153
Soon Woo Kwon,10,0,0,0,1154
Soon Woo Kwon,11,0,0,0,1155
Soon Woo Kwon,12,0,0,25,1156
Soon Woo Kwon,13,0,0,0,1157
Soon Woo Kwon,14,0,0,0,1158
Soon Woo Kwon,15,0,0,0,1159
Soon Woo Kwon,16,0,0,0,1160
Soon Woo Kwon,17,0,0,0,1161
Soon Woo Kwon,18,0,0,0,1162
Soon Woo Kwon,19,0,0,0,1163
Soon Woo Kwon,20,0,0,0,1164
Soon Woo Kwon,21,0,0,0,1165
Soon Woo Kwon,22,45,0,0,1166
Soon Woo Kwon,23,0,0,0,1167
Soon Woo Kwon,24,0,0,0,1168
Soon Woo Kwon,25,0,0,0,1169
Soon Woo Kwon,26,0,0,0,1170
Soon Woo Kwon,27,0,10,0,1171
Soon Woo Kwon,28,0,0,0,1172
Soon Woo Kwon,29,20,0,0,1173
Soon Woo Kwon,30,0,0,0,1174
Soon Woo Kwon,31,0,0,0,1175
Soon Woo Kwon,32,0,0,0,1176
Soon Woo Kwon,33,0,0,0,1177
Soon Woo Kwon,34,0,0,0,1178
Soon Woo Kwon,35,0,0,10,1179
Soon Woo Kwon,36,0,0,0,1180
Soon Woo Kwon,37,0,0,0,1181
Soon Woo Kwon,38,0,0,0,1182
Soon Woo Kwon,39,0,0,0,1183
Soon Woo Kwon,40,0,0,0,1184
Soon Woo Kwon,41,0,0,0,1185
Soon Woo Kwon,42,0,0,0,1186
Soon Woo Kwon,43,0,0,0,1187
Soon Woo Kwon,44,0,0,0,1188
Soon Woo Kwon,45,0,0,0,1189
Soon Woo Kwon,46,0,0,0,1190
Soon Woo Kwon,47,0,0,0,1191
Soon Woo Kwon,48,0,0,0,1192
Soon Woo Kwon,49,0,0,0,1193
Soon Woo Kwon,50,0,0,0,1194
Soon Woo Kwon,51,0,0,0,1195
Soon Woo Kwon,52,0,0,0,1196
Stan Wawrinka,1,0,0,0,1145
Stan Wawrinka,2,0,0,0,1146
Stan Wawrinka,3,0,0,10,1147
Stan Wawrinka,4,0,0,0,1148
Stan Wawrinka,5,0,0,0,1149
Stan Wawrinka,6,0,0,0,1150
Stan Wawrinka,7,45,0,0,1151
Stan Wawrinka,8,20,0,0,1152
Stan Wawrinka,9,0,0,0,1153
Stan Wawrinka,10,0,0,10,1154
Stan Wawrinka,11,0,0,0,1155
Stan Wawrinka,12,0,0,0,1156
Stan Wawrinka,13,0,0,0,1157
Stan Wawrinka,14,45,0,0,1158
Stan Wawrinka,15,25,0,0,1159
Stan Wawrinka,16,20,0,0,1160
Stan Wawrinka,17,0,0,0,1161
Stan Wawrinka,18,0,0,0,1162
Stan Wawrinka,19,0,0,0,1163
Stan Wawrinka,20,0,0,0,1164
Stan Wawrinka,21,0,0,0,1165
Stan Wawrinka,22,45,0,0,1166
Stan Wawrinka,23,0,0,0,1167
Stan Wawrinka,24,0,0,0,1168
Stan Wawrinka,25,0,0,0,1169
Stan Wawrinka,26,0,0,0,1170
Stan Wawrinka,27,0,45,0,1171
Stan Wawrinka,28,0,0,0,1172
Stan Wawrinka,29,20,0,0,1173
Stan Wawrinka,30,0,0,0,1174
Stan Wawrinka,31,0,0,0,1175
Stan Wawrinka,32,0,0,0,1176
Stan Wawrinka,33,0,0,0,1177
Stan Wawrinka,34,0,0,0,1178
Stan Wawrinka,35,0,0,10,1179
Stan Wawrinka,36,0,0,0,1180
Stan Wawrinka,37,0,0,0,1181
Stan Wawrinka,38,0,0,0,1182
Stan Wawrinka,39,0,0,20,1183
Stan Wawrinka,40,0,0,25,1184
Stan Wawrinka,41,0,0,0,1185
Stan Wawrinka,42,0,0,180,1186
Stan Wawrinka,43,0,0,45,1187
Stan Wawrinka,44,0,0,0,1188
Stan Wawrinka,45,0,0,20,1189
Stan Wawrinka,46,0,0,0,1190
Stan Wawrinka,47,0,0,0,1191
Stan Wawrinka,48,0,0,0,1192
Stan Wawrinka,49,0,0,0,1193
Stan Wawrinka,50,0,0,0,1194
Stan Wawrinka,51,0,0,0,1195
Stan Wawrinka,52,0,0,0,1196
Stefano Napolitano,1,0,0,0,1145
Stefano Napolitano,2,0,0,0,1146
Stefano Napolitano,3,0,0,0,1147
Stefano Napolitano,4,0,0,0,1148
Stefano Napolitano,5,0,0,0,1149
Stefano Napolitano,6,0,0,0,1150
Stefano Napolitano,7,0,0,0,1151
Stefano Napolitano,8,0,0,0,1152
Stefano Napolitano,9,0,0,0,1153
Stefano Napolitano,10,0,0,0,1154
Stefano Napolitano,11,0,0,0,1155
Stefano Napolitano,12,0,0,0,1156
Stefano Napolitano,13,0,0,0,1157
Stefano Napolitano,14,0,0,0,1158
Stefano Napolitano,15,0,0,0,1159
Stefano Napolitano,16,0,0,0,1160
Stefano Napolitano,17,0,0,0,1161
Stefano Napolitano,18,0,0,0,1162
Stefano Napolitano,19,45,0,0,1163
Stefano Napolitano,20,0,0,0,1164
Stefano Napolitano,21,0,0,0,1165
Stefano Napolitano,22,0,0,0,1166
Stefano Napolitano,23,0,0,0,1167
Stefano Napolitano,24,0,20,0,1168
Stefano Napolitano,25,0,0,0,1169
Stefano Napolitano,26,0,0,0,1170
Stefano Napolitano,27,0,0,0,1171
Stefano Napolitano,28,0,0,0,1172
Stefano Napolitano,29,20,0,0,1173
Stefano Napolitano,30,0,0,0,1174
Stefano Napolitano,31,0,0,0,1175
Stefano Napolitano,32,0,0,0,1176
Stefano Napolitano,33,0,0,0,1177
Stefano Napolitano,34,0,0,0,1178
Stefano Napolitano,35,0,0,0,1179
Stefano Napolitano,36,0,0,0,1180
Stefano Napolitano,37,0,0,0,1181
Stefano Napolitano,38,0,0,0,1182
Stefano Napolitano,39,0,0,0,1183
Stefano Napolitano,40,0,0,0,1184
Stefano Napolitano,41,0,0,0,1185
Stefano Napolitano,42,0,0,0,1186
Stefano Napolitano,43,0,0,0,1187
Stefano Napolitano,44,0,0,0,1188
Stefano Napolitano,45,0,0,0,1189
Stefano Napolitano,46,0,0,0,1190
Stefano Napolitano,47,0,0,0,1191
Stefano Napolitano,48,0,0,0,1192
Stefano Napolitano,49,0,0,0,1193
Stefano Napolitano,50,0,0,0,1194
Stefano Napolitano,51,0,0,0,1195
Stefano Napolitano,52,0,0,0,1196
Stefanos Tsitsipas,1,0,0,90,1145
Stefanos Tsitsipas,2,0,0,0,1146
Stefanos Tsitsipas,3,0,0,180,1147
Stefanos Tsitsipas,4,0,0,0,1148
Stefanos Tsitsipas,5,0,0,0,1149
Stefanos Tsitsipas,6,0,0,0,1150
Stefanos Tsitsipas,7,0,0,0,1151
Stefanos Tsitsipas,8,0,0,180,1152
Stefanos Tsitsipas,9,0,0,90,1153
Stefanos Tsitsipas,10,0,0,90,1154
Stefanos Tsitsipas,11,0,0,0,1155
Stefanos Tsitsipas,12,0,0,25,1156
Stefanos Tsitsipas,13,0,0,0,1157
Stefanos Tsitsipas,14,0,0,0,1158
Stefanos Tsitsipas,15,1000,0,0,1159
Stefanos Tsitsipas,16,600,0,0,1160
Stefanos Tsitsipas,17,25,0,0,1161
Stefanos Tsitsipas,18,0,0,0,1162
Stefanos Tsitsipas,19,180,0,0,1163
Stefanos Tsitsipas,20,0,0,0,1164
Stefanos Tsitsipas,21,0,0,0,1165
Stefanos Tsitsipas,22,360,0,0,1166
Stefanos Tsitsipas,23,0,0,0,1167
Stefanos Tsitsipas,24,0,0,0,1168
Stefanos Tsitsipas,25,0,45,0,1169
Stefanos Tsitsipas,26,0,0,0,1170
Stefanos Tsitsipas,27,0,45,0,1171
Stefanos Tsitsipas,28,0,0,0,1172
Stefanos Tsitsipas,29,180,0,0,1173
Stefanos Tsitsipas,30,0,0,0,1174
Stefanos Tsitsipas,31,0,0,0,1175
Stefanos Tsitsipas,32,0,0,45,1176
Stefanos Tsitsipas,33,0,0,45,1177
Stefanos Tsitsipas,34,0,0,0,1178
Stefanos Tsitsipas,35,0,0,10,1179
Stefanos Tsitsipas,36,0,0,0,1180
Stefanos Tsitsipas,37,0,0,0,1181
Stefanos Tsitsipas,38,0,0,0,1182
Stefanos Tsitsipas,39,0,0,20,1183
Stefanos Tsitsipas,40,0,0,90,1184
Stefanos Tsitsipas,41,0,0,0,1185
Stefanos Tsitsipas,42,0,0,90,1186
Stefanos Tsitsipas,43,0,0,90,1187
Stefanos Tsitsipas,44,0,0,180,1188
Stefanos Tsitsipas,45,0,0,0,1189
Stefanos Tsitsipas,46,0,0,0,1190
Stefanos Tsitsipas,47,0,0,0,1191
Stefanos Tsitsipas,48,0,0,0,1192
Stefanos Tsitsipas,49,0,0,0,1193
Stefanos Tsitsipas,50,0,0,0,1194
Stefanos Tsitsipas,51,0,0,0,1195
Stefanos Tsitsipas,52,0,0,0,1196
Steve Johnson,1,0,0,0,1145
Steve Johnson,2,0,0,0,1146
Steve Johnson,3,0,0,0,1147
Steve Johnson,4,0,0,0,1148
Steve Johnson,5,0,0,0,1149
Steve Johnson,6,0,0,20,1150
Steve Johnson,7,0,0,0,1151
Steve Johnson,8,0,0,0,1152
Steve Johnson,9,0,0,0,1153
Steve Johnson,10,0,0,0,1154
Steve Johnson,11,0,0,0,1155
Steve Johnson,12,0,0,0,1156
Steve Johnson,13,0,0,0,1157
Steve Johnson,14,0,0,0,1158
Steve Johnson,15,0,0,0,1159
Steve Johnson,16,0,0,0,1160
Steve Johnson,17,0,0,0,1161
Steve Johnson,18,0,0,0,1162
Steve Johnson,19,0,0,0,1163
Steve Johnson,20,0,0,0,1164
Steve Johnson,21,0,0,0,1165
Steve Johnson,22,0,0,0,1166
Steve Johnson,23,0,0,0,1167
Steve Johnson,24,0,0,0,1168
Steve Johnson,25,0,0,0,1169
Steve Johnson,26,0,0,0,1170
Steve Johnson,27,0,0,0,1171
Steve Johnson,28,0,0,0,1172
Steve Johnson,29,0,0,0,1173
Steve Johnson,30,0,0,0,1174
Steve Johnson,31,0,0,0,1175
Steve Johnson,32,0,0,0,1176
Steve Johnson,33,0,0,0,1177
Steve Johnson,34,0,0,0,1178
Steve Johnson,35,0,0,0,1179
Steve Johnson,36,0,0,0,1180
Steve Johnson,37,0,0,0,1181
Steve Johnson,38,0,0,0,1182
Steve Johnson,39,0,0,0,1183
Steve Johnson,40,0,0,0,1184
Steve Johnson,41,0,0,0,1185
Steve Johnson,42,0,0,0,1186
Steve Johnson,43,0,0,0,1187
Steve Johnson,44,0,0,0,1188
Steve Johnson,45,0,0,0,1189
Steve Johnson,46,0,0,0,1190
Steve Johnson,47,0,0,0,1191
Steve Johnson,48,0,0,0,1192
Steve Johnson,49,0,0,0,1193
Steve Johnson,50,0,0,0,1194
Steve Johnson,51,0,0,0,1195
Steve Johnson,52,0,0,0,1196
Strong Kirchheimer,1,0,0,0,1145
Strong Kirchheimer,2,0,0,0,1146
Strong Kirchheimer,3,0,0,0,1147
Strong Kirchheimer,4,0,0,0,1148
Strong Kirchheimer,5,0,0,0,1149
Strong Kirchheimer,6,0,0,0,1150
Strong Kirchheimer,7,0,0,0,1151
Strong Kirchheimer,8,0,0,0,1152
Strong Kirchheimer,9,0,0,0,1153
Strong Kirchheimer,10,0,0,0,1154
Strong Kirchheimer,11,0,0,0,1155
Strong Kirchheimer,12,0,0,0,1156
Strong Kirchheimer,13,0,0,0,1157
Strong Kirchheimer,14,0,0,0,1158
Strong Kirchheimer,15,0,0,0,1159
Strong Kirchheimer,16,0,0,0,1160
Strong Kirchheimer,17,0,0,0,1161
Strong Kirchheimer,18,0,0,0,1162
Strong Kirchheimer,19,0,0,0,1163
Strong Kirchheimer,20,0,0,0,1164
Strong Kirchheimer,21,0,0,0,1165
Strong Kirchheimer,22,0,0,0,1166
Strong Kirchheimer,23,0,0,0,1167
Strong Kirchheimer,24,0,0,0,1168
Strong Kirchheimer,25,0,0,0,1169
Strong Kirchheimer,26,0,0,0,1170
Strong Kirchheimer,27,0,0,0,1171
Strong Kirchheimer,28,0,0,0,1172
Strong Kirchheimer,29,0,0,0,1173
Strong Kirchheimer,30,0,0,0,1174
Strong Kirchheimer,31,0,0,0,1175
Strong Kirchheimer,32,0,0,0,1176
Strong Kirchheimer,33,0,0,0,1177
Strong Kirchheimer,34,0,0,0,1178
Strong Kirchheimer,35,0,0,0,1179
Strong Kirchheimer,36,0,0,0,1180
Strong Kirchheimer,37,0,0,0,1181
Strong Kirchheimer,38,0,0,0,1182
Strong Kirchheimer,39,0,0,0,1183
Strong Kirchheimer,40,0,0,0,1184
Strong Kirchheimer,41,0,0,0,1185
Strong Kirchheimer,42,0,0,0,1186
Strong Kirchheimer,43,0,0,0,1187
Strong Kirchheimer,44,0,0,0,1188
Strong Kirchheimer,45,0,0,0,1189
Strong Kirchheimer,46,0,0,0,1190
Strong Kirchheimer,47,0,0,0,1191
Strong Kirchheimer,48,0,0,0,1192
Strong Kirchheimer,49,0,0,0,1193
Strong Kirchheimer,50,0,0,0,1194
Strong Kirchheimer,51,0,0,0,1195
Strong Kirchheimer,52,0,0,0,1196
Sumit Nagal,1,0,0,0,1145
Sumit Nagal,2,0,0,0,1146
Sumit Nagal,3,0,0,45,1147
Sumit Nagal,4,0,0,0,1148
Sumit Nagal,5,0,0,0,1149
Sumit Nagal,6,0,0,0,1150
Sumit Nagal,7,0,0,0,1151
Sumit Nagal,8,0,0,0,1152
Sumit Nagal,9,0,0,20,1153
Sumit Nagal,10,0,0,10,1154
Sumit Nagal,11,0,0,0,1155
Sumit Nagal,12,0,0,0,1156
Sumit Nagal,13,0,0,0,1157
Sumit Nagal,14,45,0,0,1158
Sumit Nagal,15,45,0,0,1159
Sumit Nagal,16,0,0,0,1160
Sumit Nagal,17,0,0,0,1161
Sumit Nagal,18,0,0,0,1162
Sumit Nagal,19,0,0,0,1163
Sumit Nagal,20,0,0,0,1164
Sumit Nagal,21,20,0,0,1165
Sumit Nagal,22,10,0,0,1166
Sumit Nagal,23,0,0,0,1167
Sumit Nagal,24,0,0,0,1168
Sumit Nagal,25,0,0,0,1169
Sumit Nagal,26,0,0,0,1170
Sumit Nagal,27,0,10,0,1171
Sumit Nagal,28,0,0,0,1172
Sumit Nagal,29,45,0,0,1173
Sumit Nagal,30,45,0,0,1174
Sumit Nagal,31,0,0,0,1175
Sumit Nagal,32,0,0,0,1176
Sumit Nagal,33,0,0,0,1177
Sumit Nagal,34,0,0,0,1178
Sumit Nagal,35,0,0,10,1179
Sumit Nagal,36,0,0,0,1180
Sumit Nagal,37,0,0,0,1181
Sumit Nagal,38,0,0,0,1182
Sumit Nagal,39,0,0,0,1183
Sumit Nagal,40,0,0,10,1184
Sumit Nagal,41,0,0,0,1185
Sumit Nagal,42,0,0,20,1186
Sumit Nagal,43,0,0,0,1187
Sumit Nagal,44,0,0,0,1188
Sumit Nagal,45,0,0,20,1189
Sumit Nagal,46,0,0,0,1190
Sumit Nagal,47,0,0,0,1191
Sumit Nagal,48,0,0,0,1192
Sumit Nagal,49,0,0,0,1193
Sumit Nagal,50,0,0,0,1194
Sumit Nagal,51,0,0,0,1195
Sumit Nagal,52,0,0,0,1196
Tallon Griekspoor,1,0,0,0,1145
Tallon Griekspoor,2,0,0,0,1146
Tallon Griekspoor,3,0,0,90,1147
Tallon Griekspoor,4,0,0,0,1148
Tallon Griekspoor,5,0,0,0,1149
Tallon Griekspoor,6,0,0,0,1150
Tallon Griekspoor,7,0,0,180,1151
Tallon Griekspoor,8,0,0,0,1152
Tallon Griekspoor,9,0,0,45,1153
Tallon Griekspoor,10,0,0,45,1154
Tallon Griekspoor,11,0,0,0,1155
Tallon Griekspoor,12,0,0,45,1156
Tallon Griekspoor,13,0,0,0,1157
Tallon Griekspoor,14,0,0,0,1158
Tallon Griekspoor,15,45,0,0,1159
Tallon Griekspoor,16,45,0,0,1160
Tallon Griekspoor,17,90,0,0,1161
Tallon Griekspoor,18,0,0,0,1162
Tallon Griekspoor,19,25,0,0,1163
Tallon Griekspoor,20,0,0,0,1164
Tallon Griekspoor,21,90,0,0,1165
Tallon Griekspoor,22,90,0,0,1166
Tallon Griekspoor,23,0,0,0,1167
Tallon Griekspoor,24,0,180,0,1168
Tallon Griekspoor,25,0,20,0,1169
Tallon Griekspoor,26,0,0,0,1170
Tallon Griekspoor,27,0,45,0,1171
Tallon Griekspoor,28,0,0,0,1172
Tallon Griekspoor,29,45,0,0,1173
Tallon Griekspoor,30,0,0,0,1174
Tallon Griekspoor,31,0,0,0,1175
Tallon Griekspoor,32,0,0,25,1176
Tallon Griekspoor,33,0,0,25,1177
Tallon Griekspoor,34,0,0,0,1178
Tallon Griekspoor,35,0,0,90,1179
Tallon Griekspoor,36,0,0,0,1180
Tallon Griekspoor,37,0,0,0,1181
Tallon Griekspoor,38,0,0,0,1182
Tallon Griekspoor,39,0,0,45,1183
Tallon Griekspoor,40,0,0,45,1184
Tallon Griekspoor,41,0,0,0,1185
Tallon Griekspoor,42,0,0,180,1186
Tallon Griekspoor,43,0,0,20,1187
Tallon Griekspoor,44,0,0,45,1188
Tallon Griekspoor,45,0,0,0,1189
Tallon Griekspoor,46,0,0,0,1190
Tallon Griekspoor,47,0,0,0,1191
Tallon Griekspoor,48,0,0,0,1192
Tallon Griekspoor,49,0,0,0,1193
Tallon Griekspoor,50,0,0,0,1194
Tallon Griekspoor,51,0,0,0,1195
Tallon Griekspoor,52,0,0,0,1196
Taro Daniel,1,0,0,20,1145
Taro Daniel,2,0,0,600,1146
Taro Daniel,3,0,0,10,1147
Taro Daniel,4,0,0,0,1148
Taro Daniel,5,0,0,0,1149
Taro Daniel,6,0,0,45,1150
Taro Daniel,7,0,0,20,1151
Taro Daniel,8,0,0,20,1152
Taro Daniel,9,0,0,20,1153
Taro Daniel,10,0,0,25,1154
Taro Daniel,11,0,0,0,1155
Taro Daniel,12,0,0,10,1156
Taro Daniel,13,0,0,0,1157
Taro Daniel,14,0,0,0,1158
Taro Daniel,15,0,0,0,1159
Taro Daniel,16,45,0,0,1160
Taro Daniel,17,25,0,0,1161
Taro Daniel,18,0,0,0,1162
Taro Daniel,19,0,0,0,1163
Taro Daniel,20,0,0,0,1164
Taro Daniel,21,20,0,0,1165
Taro Daniel,22,10,0,0,1166
Taro Daniel,23,0,0,0,1167
Taro Daniel,24,0,0,0,1168
Taro Daniel,25,0,20,0,1169
Taro Daniel,26,0,20,0,1170
Taro Daniel,27,0,10,0,1171
Taro Daniel,28,0,0,0,1172
Taro Daniel,29,20,0,0,1173
Taro Daniel,30,0,0,0,1174
Taro Daniel,31,0,0,0,1175
Taro Daniel,32,0,0,25,1176
Taro Daniel,33,0,0,0,1177
Taro Daniel,34,0,0,0,1178
Taro Daniel,35,0,0,10,1179
Taro Daniel,36,0,0,0,1180
Taro Daniel,37,0,0,0,1181
Taro Daniel,38,0,0,45,1182
Taro Daniel,39,0,0,0,1183
Taro Daniel,40,0,0,25,1184
Taro Daniel,41,0,0,0,1185
Taro Daniel,42,0,0,20,1186
Taro Daniel,43,0,0,0,1187
Taro Daniel,44,0,0,0,1188
Taro Daniel,45,0,0,0,1189
Taro Daniel,46,0,0,0,1190
Taro Daniel,47,0,0,0,1191
Taro Daniel,48,0,0,0,1192
Taro Daniel,49,0,0,0,1193
Taro Daniel,50,0,0,0,1194
Taro Daniel,51,0,0,0,1195
Taro Daniel,52,0,0,0,1196
Taylor Fritz,1,0,0,0,1145
Taylor Fritz,2,0,0,0,1146
Taylor Fritz,3,0,0,360,1147
Taylor Fritz,4,0,0,0,1148
Taylor Fritz,5,0,0,0,1149
Taylor Fritz,6,0,0,0,1150
Taylor Fritz,7,0,0,500,1151
Taylor Fritz,8,0,0,0,1152
Taylor Fritz,9,0,0,20,1153
Taylor Fritz,10,0,0,90,1154
Taylor Fritz,11,0,0,0,1155
Taylor Fritz,12,0,0,25,1156
Taylor Fritz,13,0,0,0,1157
Taylor Fritz,14,0,0,0,1158
Taylor Fritz,15,25,0,0,1159
Taylor Fritz,16,600,0,0,1160
Taylor Fritz,17,360,0,0,1161
Taylor Fritz,18,0,0,0,1162
Taylor Fritz,19,180,0,0,1163
Taylor Fritz,20,0,0,0,1164
Taylor Fritz,21,45,0,0,1165
Taylor Fritz,22,180,0,0,1166
Taylor Fritz,23,0,0,0,1167
Taylor Fritz,24,0,0,0,1168
Taylor Fritz,25,0,90,0,1169
Taylor Fritz,26,0,500,0,1170
Taylor Fritz,27,0,360,0,1171
Taylor Fritz,28,0,0,0,1172
Taylor Fritz,29,0,0,0,1173
Taylor Fritz,30,0,0,0,1174
Taylor Fritz,31,0,0,0,1175
Taylor Fritz,32,0,0,45,1176
Taylor Fritz,33,0,0,25,1177
Taylor Fritz,34,0,0,0,1178
Taylor Fritz,35,0,0,2400,1179
Taylor Fritz,36,0,0,0,1180
Taylor Fritz,37,0,0,0,1181
Taylor Fritz,38,0,0,0,1182
Taylor Fritz,39,0,0,20,1183
Taylor Fritz,40,0,0,360,1184
Taylor Fritz,41,0,0,0,1185
Taylor Fritz,42,0,0,0,1186
Taylor Fritz,43,0,0,0,1187
Taylor Fritz,44,0,0,45,1188
Taylor Fritz,45,0,0,0,1189
Taylor Fritz,46,0,0,1000,1190
Taylor Fritz,47,0,0,0,1191
Taylor Fritz,48,0,0,0,1192
Taylor Fritz,49,0,0,0,1193
Taylor Fritz,50,0,0,0,1194
Taylor Fritz,51,0,0,0,1195
Taylor Fritz,52,0,0,0,1196
Tennys Sandgren,1,0,0,0,1145
Tennys Sandgren,2,0,0,0,1146
Tennys Sandgren,3,0,0,0,1147
Tennys Sandgren,4,0,0,0,1148
Tennys Sandgren,5,0,0,0,1149
Tennys Sandgren,6,0,0,20,1150
Tennys Sandgren,7,0,0,0,1151
Tennys Sandgren,8,0,0,0,1152
Tennys Sandgren,9,0,0,0,1153
Tennys Sandgren,10,0,0,0,1154
Tennys Sandgren,11,0,0,0,1155
Tennys Sandgren,12,0,0,0,1156
Tennys Sandgren,13,0,0,0,1157
Tennys Sandgren,14,0,0,0,1158
Tennys Sandgren,15,0,0,0,1159
Tennys Sandgren,16,0,0,0,1160
Tennys Sandgren,17,0,0,0,1161
Tennys Sandgren,18,0,0,0,1162
Tennys Sandgren,19,0,0,0,1163
Tennys Sandgren,20,0,0,0,1164
Tennys Sandgren,21,0,0,0,1165
Tennys Sandgren,22,0,0,0,1166
Tennys Sandgren,23,0,0,0,1167
Tennys Sandgren,24,0,0,0,1168
Tennys Sandgren,25,0,0,0,1169
Tennys Sandgren,26,0,0,0,1170
Tennys Sandgren,27,0,0,0,1171
Tennys Sandgren,28,0,0,0,1172
Tennys Sandgren,29,0,0,0,1173
Tennys Sandgren,30,0,0,0,1174
Tennys Sandgren,31,0,0,0,1175
Tennys Sandgren,32,0,0,0,1176
Tennys Sandgren,33,0,0,0,1177
Tennys Sandgren,34,0,0,0,1178
Tennys Sandgren,35,0,0,0,1179
Tennys Sandgren,36,0,0,0,1180
Tennys Sandgren,37,0,0,0,1181
Tennys Sandgren,38,0,0,0,1182
Tennys Sandgren,39,0,0,0,1183
Tennys Sandgren,40,0,0,0,1184
Tennys Sandgren,41,0,0,0,1185
Tennys Sandgren,42,0,0,0,1186
Tennys Sandgren,43,0,0,0,1187
Tennys Sandgren,44,0,0,0,1188
Tennys Sandgren,45,0,0,0,1189
Tennys Sandgren,46,0,0,0,1190
Tennys Sandgren,47,0,0,0,1191
Tennys Sandgren,48,0,0,0,1192
Tennys Sandgren,49,0,0,0,1193
Tennys Sandgren,50,0,0,0,1194
Tennys Sandgren,51,0,0,0,1195
Tennys Sandgren,52,0,0,0,1196
Terence Atmane,1,0,0,0,1145
Terence Atmane,2,0,0,0,1146
Terence Atmane,3,0,0,10,1147
Terence Atmane,4,0,0,0,1148
Terence Atmane,5,0,0,0,1149
Terence Atmane,6,0,0,20,1150
Terence Atmane,7,0,0,0,1151
Terence Atmane,8,0,0,0,1152
Terence Atmane,9,0,0,20,1153
Terence Atmane,10,0,0,0,1154
Terence Atmane,11,0,0,0,1155
Terence Atmane,12,0,0,0,1156
Terence Atmane,13,0,0,0,1157
Terence Atmane,14,0,0,0,1158
Terence Atmane,15,0,0,0,1159
Terence Atmane,16,0,0,0,1160
Terence Atmane,17,0,0,0,1161
Terence Atmane,18,0,0,0,1162
Terence Atmane,19,45,0,0,1163
Terence Atmane,20,0,0,0,1164
Terence Atmane,21,0,0,0,1165
Terence Atmane,22,10,0,0,1166
Terence Atmane,23,0,0,0,1167
Terence Atmane,24,0,0,0,1168
Terence Atmane,25,0,0,0,1169
Terence Atmane,26,0,0,0,1170
Terence Atmane,27,0,0,0,1171
Terence Atmane,28,0,0,0,1172
Terence Atmane,29,0,0,0,1173
Terence Atmane,30,0,0,0,1174
Terence Atmane,31,0,0,0,1175
Terence Atmane,32,0,0,0,1176
Terence Atmane,33,0,0,0,1177
Terence Atmane,34,0,0,0,1178
Terence Atmane,35,0,0,0,1179
Terence Atmane,36,0,0,0,1180
Terence Atmane,37,0,0,0,1181
Terence Atmane,38,0,0,20,1182
Terence Atmane,39,0,0,0,1183
Terence Atmane,40,0,0,25,1184
Terence Atmane,41,0,0,0,1185
Terence Atmane,42,0,0,0,1186
Terence Atmane,43,0,0,0,1187
Terence Atmane,44,0,0,0,1188
Terence Atmane,45,0,0,0,1189
Terence Atmane,46,0,0,0,1190
Terence Atmane,47,0,0,0,1191
Terence Atmane,48,0,0,0,1192
Terence Atmane,49,0,0,0,1193
Terence Atmane,50,0,0,0,1194
Terence Atmane,51,0,0,0,1195
Terence Atmane,52,0,0,0,1196
Thanasi Kokkinakis,1,0,0,20,1145
Thanasi Kokkinakis,2,0,0,20,1146
Thanasi Kokkinakis,3,0,0,45,1147
Thanasi Kokkinakis,4,0,0,0,1148
Thanasi Kokkinakis,5,0,0,0,1149
Thanasi Kokkinakis,6,0,0,0,1150
Thanasi Kokkinakis,7,0,0,20,1151
Thanasi Kokkinakis,8,0,0,90,1152
Thanasi Kokkinakis,9,0,0,0,1153
Thanasi Kokkinakis,10,0,0,25,1154
Thanasi Kokkinakis,11,0,0,0,1155
Thanasi Kokkinakis,12,0,0,0,1156
Thanasi Kokkinakis,13,0,0,0,1157
Thanasi Kokkinakis,14,20,0,0,1158
Thanasi Kokkinakis,15,0,0,0,1159
Thanasi Kokkinakis,16,20,0,0,1160
Thanasi Kokkinakis,17,10,0,0,1161
Thanasi Kokkinakis,18,0,0,0,1162
Thanasi Kokkinakis,19,0,0,0,1163
Thanasi Kokkinakis,20,0,0,0,1164
Thanasi Kokkinakis,21,0,0,0,1165
Thanasi Kokkinakis,22,90,0,0,1166
Thanasi Kokkinakis,23,0,0,0,1167
Thanasi Kokkinakis,24,0,0,0,1168
Thanasi Kokkinakis,25,0,0,0,1169
Thanasi Kokkinakis,26,0,0,0,1170
Thanasi Kokkinakis,27,0,45,0,1171
Thanasi Kokkinakis,28,0,0,0,1172
Thanasi Kokkinakis,29,0,0,0,1173
Thanasi Kokkinakis,30,0,0,0,1174
Thanasi Kokkinakis,31,0,0,45,1175
Thanasi Kokkinakis,32,0,0,45,1176
Thanasi Kokkinakis,33,0,0,0,1177
Thanasi Kokkinakis,34,0,0,0,1178
Thanasi Kokkinakis,35,0,0,45,1179
Thanasi Kokkinakis,36,0,0,0,1180
Thanasi Kokkinakis,37,0,0,0,1181
Thanasi Kokkinakis,38,0,0,0,1182
Thanasi Kokkinakis,39,0,0,0,1183
Thanasi Kokkinakis,40,0,0,0,1184
Thanasi Kokkinakis,41,0,0,0,1185
Thanasi Kokkinakis,42,0,0,0,1186
Thanasi Kokkinakis,43,0,0,0,1187
Thanasi Kokkinakis,44,0,0,0,1188
Thanasi Kokkinakis,45,0,0,0,1189
Thanasi Kokkinakis,46,0,0,0,1190
Thanasi Kokkinakis,47,0,0,0,1191
Thanasi Kokkinakis,48,0,0,0,1192
Thanasi Kokkinakis,49,0,0,0,1193
Thanasi Kokkinakis,50,0,0,0,1194
Thanasi Kokkinakis,51,0,0,0,1195
Thanasi Kokkinakis,52,0,0,0,1196
Theo Papamalamis,1,0,0,0,1145
Theo Papamalamis,2,0,0,0,1146
Theo Papamalamis,3,0,0,0,1147
Theo Papamalamis,4,0,0,0,1148
Theo Papamalamis,5,0,0,0,1149
Theo Papamalamis,6,0,0,0,1150
Theo Papamalamis,7,0,0,0,1151
Theo Papamalamis,8,0,0,0,1152
Theo Papamalamis,9,0,0,0,1153
Theo Papamalamis,10,0,0,0,1154
Theo Papamalamis,11,0,0,0,1155
Theo Papamalamis,12,0,0,0,1156
Theo Papamalamis,13,0,0,0,1157
Theo Papamalamis,14,0,0,0,1158
Theo Papamalamis,15,0,0,0,1159
Theo Papamalamis,16,0,0,0,1160
Theo Papamalamis,17,0,0,0,1161
Theo Papamalamis,18,0,0,0,1162
Theo Papamalamis,19,0,0,0,1163
Theo Papamalamis,20,0,0,0,1164
Theo Papamalamis,21,0,0,0,1165
Theo Papamalamis,22,0,0,0,1166
Theo Papamalamis,23,0,0,0,1167
Theo Papamalamis,24,0,0,0,1168
Theo Papamalamis,25,0,0,0,1169
Theo Papamalamis,26,0,0,0,1170
Theo Papamalamis,27,0,0,0,1171
Theo Papamalamis,28,0,0,0,1172
Theo Papamalamis,29,0,0,0,1173
Theo Papamalamis,30,0,0,0,1174
Theo Papamalamis,31,0,0,0,1175
Theo Papamalamis,32,0,0,0,1176
Theo Papamalamis,33,0,0,0,1177
Theo Papamalamis,34,0,0,0,1178
Theo Papamalamis,35,0,0,0,1179
Theo Papamalamis,36,0,0,0,1180
Theo Papamalamis,37,0,0,0,1181
Theo Papamalamis,38,0,0,0,1182
Theo Papamalamis,39,0,0,0,1183
Theo Papamalamis,40,0,0,0,1184
Theo Papamalamis,41,0,0,0,1185
Theo Papamalamis,42,0,0,0,1186
Theo Papamalamis,43,0,0,0,1187
Theo Papamalamis,44,0,0,0,1188
Theo Papamalamis,45,0,0,20,1189
Theo Papamalamis,46,0,0,0,1190
Theo Papamalamis,47,0,0,0,1191
Theo Papamalamis,48,0,0,0,1192
Theo Papamalamis,49,0,0,0,1193
Theo Papamalamis,50,0,0,0,1194
Theo Papamalamis,51,0,0,0,1195
Theo Papamalamis,52,0,0,0,1196
Thiago Agustin Tirante,1,0,0,0,1145
Thiago Agustin Tirante,2,0,0,0,1146
Thiago Agustin Tirante,3,0,0,0,1147
Thiago Agustin Tirante,4,0,0,0,1148
Thiago Agustin Tirante,5,0,0,0,1149
Thiago Agustin Tirante,6,45,0,0,1150
Thiago Agustin Tirante,7,0,0,0,1151
Thiago Agustin Tirante,8,0,0,0,1152
Thiago Agustin Tirante,9,45,0,0,1153
Thiago Agustin Tirante,10,0,0,0,1154
Thiago Agustin Tirante,11,0,0,0,1155
Thiago Agustin Tirante,12,0,0,0,1156
Thiago Agustin Tirante,13,0,0,0,1157
Thiago Agustin Tirante,14,0,0,0,1158
Thiago Agustin Tirante,15,0,0,0,1159
Thiago Agustin Tirante,16,0,0,0,1160
Thiago Agustin Tirante,17,0,0,0,1161
Thiago Agustin Tirante,18,0,0,0,1162
Thiago Agustin Tirante,19,0,0,0,1163
Thiago Agustin Tirante,20,0,0,0,1164
Thiago Agustin Tirante,21,0,0,0,1165
Thiago Agustin Tirante,22,10,0,0,1166
Thiago Agustin Tirante,23,0,0,0,1167
Thiago Agustin Tirante,24,0,0,0,1168
Thiago Agustin Tirante,25,0,0,0,1169
Thiago Agustin Tirante,26,0,0,0,1170
Thiago Agustin Tirante,27,0,0,0,1171
Thiago Agustin Tirante,28,0,0,0,1172
Thiago Agustin Tirante,29,180,0,0,1173
Thiago Agustin Tirante,30,45,0,0,1174
Thiago Agustin Tirante,31,0,0,0,1175
Thiago Agustin Tirante,32,0,0,0,1176
Thiago Agustin Tirante,33,0,0,0,1177
Thiago Agustin Tirante,34,0,0,0,1178
Thiago Agustin Tirante,35,0,0,0,1179
Thiago Agustin Tirante,36,0,0,0,1180
Thiago Agustin Tirante,37,0,0,0,1181
Thiago Agustin Tirante,38,0,0,0,1182
Thiago Agustin Tirante,39,0,0,0,1183
Thiago Agustin Tirante,40,0,0,0,1184
Thiago Agustin Tirante,41,0,0,0,1185
Thiago Agustin Tirante,42,0,0,20,1186
Thiago Agustin Tirante,43,0,0,0,1187
Thiago Agustin Tirante,44,0,0,0,1188
Thiago Agustin Tirante,45,0,0,0,1189
Thiago Agustin Tirante,46,0,0,0,1190
Thiago Agustin Tirante,47,0,0,0,1191
Thiago Agustin Tirante,48,0,0,0,1192
Thiago Agustin Tirante,49,0,0,0,1193
Thiago Agustin Tirante,50,0,0,0,1194
Thiago Agustin Tirante,51,0,0,0,1195
Thiago Agustin Tirante,52,0,0,0,1196
Thiago Monteiro,1,0,0,0,1145
Thiago Monteiro,2,0,0,0,1146
Thiago Monteiro,3,0,0,0,1147
Thiago Monteiro,4,0,0,0,1148
Thiago Monteiro,5,0,0,0,1149
Thiago Monteiro,6,0,0,0,1150
Thiago Monteiro,7,0,0,0,1151
Thiago Monteiro,8,90,0,0,1152
Thiago Monteiro,9,0,0,0,1153
Thiago Monteiro,10,0,0,0,1154
Thiago Monteiro,11,0,0,0,1155
Thiago Monteiro,12,0,0,0,1156
Thiago Monteiro,13,0,0,0,1157
Thiago Monteiro,14,0,0,0,1158
Thiago Monteiro,15,0,0,0,1159
Thiago Monteiro,16,0,0,0,1160
Thiago Monteiro,17,45,0,0,1161
Thiago Monteiro,18,0,0,0,1162
Thiago Monteiro,19,90,0,0,1163
Thiago Monteiro,20,0,0,0,1164
Thiago Monteiro,21,0,0,0,1165
Thiago Monteiro,22,10,0,0,1166
Thiago Monteiro,23,0,0,0,1167
Thiago Monteiro,24,0,0,0,1168
Thiago Monteiro,25,0,0,0,1169
Thiago Monteiro,26,0,0,0,1170
Thiago Monteiro,27,0,10,0,1171
Thiago Monteiro,28,0,0,0,1172
Thiago Monteiro,29,90,0,0,1173
Thiago Monteiro,30,45,0,0,1174
Thiago Monteiro,31,0,0,0,1175
Thiago Monteiro,32,0,0,0,1176
Thiago Monteiro,33,0,0,0,1177
Thiago Monteiro,34,0,0,0,1178
Thiago Monteiro,35,0,0,10,1179
Thiago Monteiro,36,0,0,0,1180
Thiago Monteiro,37,0,0,0,1181
Thiago Monteiro,38,0,0,0,1182
Thiago Monteiro,39,0,0,0,1183
Thiago Monteiro,40,0,0,0,1184
Thiago Monteiro,41,0,0,0,1185
Thiago Monteiro,42,0,0,20,1186
Thiago Monteiro,43,0,0,0,1187
Thiago Monteiro,44,0,0,0,1188
Thiago Monteiro,45,0,0,20,1189
Thiago Monteiro,46,0,0,0,1190
Thiago Monteiro,47,0,0,0,1191
Thiago Monteiro,48,0,0,0,1192
Thiago Monteiro,49,0,0,0,1193
Thiago Monteiro,50,0,0,0,1194
Thiago Monteiro,51,0,0,0,1195
Thiago Monteiro,52,0,0,0,1196
Thiago Seyboth Wild,1,0,0,0,1145
Thiago Seyboth Wild,2,0,0,20,1146
Thiago Seyboth Wild,3,0,0,10,1147
Thiago Seyboth Wild,4,0,0,0,1148
Thiago Seyboth Wild,5,0,0,0,1149
Thiago Seyboth Wild,6,20,0,0,1150
Thiago Seyboth Wild,7,20,0,0,1151
Thiago Seyboth Wild,8,90,0,0,1152
Thiago Seyboth Wild,9,45,0,0,1153
Thiago Seyboth Wild,10,0,0,45,1154
Thiago Seyboth Wild,11,0,0,0,1155
Thiago Seyboth Wild,12,0,0,45,1156
Thiago Seyboth Wild,13,0,0,0,1157
Thiago Seyboth Wild,14,0,0,0,1158
Thiago Seyboth Wild,15,0,0,0,1159
Thiago Seyboth Wild,16,45,0,0,1160
Thiago Seyboth Wild,17,45,0,0,1161
Thiago Seyboth Wild,18,0,0,0,1162
Thiago Seyboth Wild,19,25,0,0,1163
Thiago Seyboth Wild,20,0,0,0,1164
Thiago Seyboth Wild,21,45,0,0,1165
Thiago Seyboth Wild,22,10,0,0,1166
Thiago Seyboth Wild,23,0,0,0,1167
Thiago Seyboth Wild,24,0,0,0,1168
Thiago Seyboth Wild,25,0,0,0,1169
Thiago Seyboth Wild,26,0,45,0,1170
Thiago Seyboth Wild,27,0,45,0,1171
Thiago Seyboth Wild,28,0,0,0,1172
Thiago Seyboth Wild,29,20,0,0,1173
Thiago Seyboth Wild,30,90,0,0,1174
Thiago Seyboth Wild,31,0,0,0,1175
Thiago Seyboth Wild,32,0,0,0,1176
Thiago Seyboth Wild,33,0,0,0,1177
Thiago Seyboth Wild,34,0,0,45,1178
Thiago Seyboth Wild,35,0,0,10,1179
Thiago Seyboth Wild,36,0,0,0,1180
Thiago Seyboth Wild,37,0,0,0,1181
Thiago Seyboth Wild,38,0,0,0,1182
Thiago Seyboth Wild,39,0,0,0,1183
Thiago Seyboth Wild,40,0,0,25,1184
Thiago Seyboth Wild,41,0,0,0,1185
Thiago Seyboth Wild,42,0,0,45,1186
Thiago Seyboth Wild,43,0,0,20,1187
Thiago Seyboth Wild,44,0,0,0,1188
Thiago Seyboth Wild,45,0,0,0,1189
Thiago Seyboth Wild,46,0,0,0,1190
Thiago Seyboth Wild,47,0,0,0,1191
Thiago Seyboth Wild,48,0,0,0,1192
Thiago Seyboth Wild,49,0,0,0,1193
Thiago Seyboth Wild,50,0,0,0,1194
Thiago Seyboth Wild,51,0,0,0,1195
Thiago Seyboth Wild,52,0,0,0,1196
Tim Van Rijthoven,1,0,0,0,1145
Tim Van Rijthoven,2,0,0,0,1146
Tim Van Rijthoven,3,0,0,0,1147
Tim Van Rijthoven,4,0,0,0,1148
Tim Van Rijthoven,5,0,0,0,1149
Tim Van Rijthoven,6,0,0,0,1150
Tim Van Rijthoven,7,0,0,0,1151
Tim Van Rijthoven,8,0,0,0,1152
Tim Van Rijthoven,9,0,0,0,1153
Tim Van Rijthoven,10,0,0,0,1154
Tim Van Rijthoven,11,0,0,0,1155
Tim Van Rijthoven,12,0,0,0,1156
Tim Van Rijthoven,13,0,0,0,1157
Tim Van Rijthoven,14,0,0,0,1158
Tim Van Rijthoven,15,0,0,0,1159
Tim Van Rijthoven,16,0,0,0,1160
Tim Van Rijthoven,17,0,0,0,1161
Tim Van Rijthoven,18,0,0,0,1162
Tim Van Rijthoven,19,0,0,0,1163
Tim Van Rijthoven,20,0,0,0,1164
Tim Van Rijthoven,21,0,0,0,1165
Tim Van Rijthoven,22,0,0,0,1166
Tim Van Rijthoven,23,0,0,0,1167
Tim Van Rijthoven,24,0,20,0,1168
Tim Van Rijthoven,25,0,0,0,1169
Tim Van Rijthoven,26,0,0,0,1170
Tim Van Rijthoven,27,0,0,0,1171
Tim Van Rijthoven,28,0,0,0,1172
Tim Van Rijthoven,29,0,0,0,1173
Tim Van Rijthoven,30,0,0,0,1174
Tim Van Rijthoven,31,0,0,0,1175
Tim Van Rijthoven,32,0,0,0,1176
Tim Van Rijthoven,33,0,0,0,1177
Tim Van Rijthoven,34,0,0,0,1178
Tim Van Rijthoven,35,0,0,0,1179
Tim Van Rijthoven,36,0,0,0,1180
Tim Van Rijthoven,37,0,0,0,1181
Tim Van Rijthoven,38,0,0,0,1182
Tim Van Rijthoven,39,0,0,0,1183
Tim Van Rijthoven,40,0,0,0,1184
Tim Van Rijthoven,41,0,0,0,1185
Tim Van Rijthoven,42,0,0,0,1186
Tim Van Rijthoven,43,0,0,0,1187
Tim Van Rijthoven,44,0,0,0,1188
Tim Van Rijthoven,45,0,0,0,1189
Tim Van Rijthoven,46,0,0,0,1190
Tim Van Rijthoven,47,0,0,0,1191
Tim Van Rijthoven,48,0,0,0,1192
Tim Van Rijthoven,49,0,0,0,1193
Tim Van Rijthoven,50,0,0,0,1194
Tim Van Rijthoven,51,0,0,0,1195
Tim Van Rijthoven,52,0,0,0,1196
Timofey Skatov,1,0,0,0,1145
Timofey Skatov,2,0,0,0,1146
Timofey Skatov,3,0,0,0,1147
Timofey Skatov,4,0,0,0,1148
Timofey Skatov,5,0,0,0,1149
Timofey Skatov,6,0,0,0,1150
Timofey Skatov,7,0,0,0,1151
Timofey Skatov,8,0,0,0,1152
Timofey Skatov,9,0,0,0,1153
Timofey Skatov,10,0,0,0,1154
Timofey Skatov,11,0,0,0,1155
Timofey Skatov,12,0,0,0,1156
Timofey Skatov,13,0,0,0,1157
Timofey Skatov,14,0,0,0,1158
Timofey Skatov,15,0,0,0,1159
Timofey Skatov,16,0,0,0,1160
Timofey Skatov,17,0,0,0,1161
Timofey Skatov,18,0,0,0,1162
Timofey Skatov,19,0,0,0,1163
Timofey Skatov,20,0,0,0,1164
Timofey Skatov,21,0,0,0,1165
Timofey Skatov,22,0,0,0,1166
Timofey Skatov,23,0,0,0,1167
Timofey Skatov,24,0,0,0,1168
Timofey Skatov,25,0,0,0,1169
Timofey Skatov,26,0,0,0,1170
Timofey Skatov,27,0,0,0,1171
Timofey Skatov,28,0,0,0,1172
Timofey Skatov,29,90,0,0,1173
Timofey Skatov,30,0,0,0,1174
Timofey Skatov,31,0,0,0,1175
Timofey Skatov,32,0,0,0,1176
Timofey Skatov,33,0,0,0,1177
Timofey Skatov,34,0,0,0,1178
Timofey Skatov,35,0,0,10,1179
Timofey Skatov,36,0,0,0,1180
Timofey Skatov,37,0,0,0,1181
Timofey Skatov,38,0,0,0,1182
Timofey Skatov,39,0,0,0,1183
Timofey Skatov,40,0,0,0,1184
Timofey Skatov,41,0,0,0,1185
Timofey Skatov,42,0,0,20,1186
Timofey Skatov,43,0,0,0,1187
Timofey Skatov,44,0,0,0,1188
Timofey Skatov,45,0,0,0,1189
Timofey Skatov,46,0,0,0,1190
Timofey Skatov,47,0,0,0,1191
Timofey Skatov,48,0,0,0,1192
Timofey Skatov,49,0,0,0,1193
Timofey Skatov,50,0,0,0,1194
Timofey Skatov,51,0,0,0,1195
Timofey Skatov,52,0,0,0,1196
Titouan Droguet,1,0,0,0,1145
Titouan Droguet,2,0,0,0,1146
Titouan Droguet,3,0,0,0,1147
Titouan Droguet,4,0,0,0,1148
Titouan Droguet,5,0,0,0,1149
Titouan Droguet,6,0,0,0,1150
Titouan Droguet,7,0,0,0,1151
Titouan Droguet,8,0,0,0,1152
Titouan Droguet,9,0,0,0,1153
Titouan Droguet,10,0,0,0,1154
Titouan Droguet,11,0,0,0,1155
Titouan Droguet,12,0,0,0,1156
Titouan Droguet,13,0,0,0,1157
Titouan Droguet,14,0,0,0,1158
Titouan Droguet,15,0,0,0,1159
Titouan Droguet,16,0,0,0,1160
Titouan Droguet,17,0,0,0,1161
Titouan Droguet,18,0,0,0,1162
Titouan Droguet,19,0,0,0,1163
Titouan Droguet,20,0,0,0,1164
Titouan Droguet,21,0,0,0,1165
Titouan Droguet,22,0,0,0,1166
Titouan Droguet,23,0,0,0,1167
Titouan Droguet,24,0,0,0,1168
Titouan Droguet,25,0,0,0,1169
Titouan Droguet,26,0,0,0,1170
Titouan Droguet,27,0,0,0,1171
Titouan Droguet,28,0,0,0,1172
Titouan Droguet,29,20,0,0,1173
Titouan Droguet,30,0,0,0,1174
Titouan Droguet,31,0,0,0,1175
Titouan Droguet,32,0,0,0,1176
Titouan Droguet,33,0,0,0,1177
Titouan Droguet,34,0,0,0,1178
Titouan Droguet,35,0,0,0,1179
Titouan Droguet,36,0,0,0,1180
Titouan Droguet,37,0,0,0,1181
Titouan Droguet,38,0,0,0,1182
Titouan Droguet,39,0,0,0,1183
Titouan Droguet,40,0,0,0,1184
Titouan Droguet,41,0,0,0,1185
Titouan Droguet,42,0,0,0,1186
Titouan Droguet,43,0,0,0,1187
Titouan Droguet,44,0,0,0,1188
Titouan Droguet,45,0,0,20,1189
Titouan Droguet,46,0,0,0,1190
Titouan Droguet,47,0,0,0,1191
Titouan Droguet,48,0,0,0,1192
Titouan Droguet,49,0,0,0,1193
Titouan Droguet,50,0,0,0,1194
Titouan Droguet,51,0,0,0,1195
Titouan Droguet,52,0,0,0,1196
Tomas Barrios Vera,1,0,0,0,1145
Tomas Barrios Vera,2,0,0,0,1146
Tomas Barrios Vera,3,0,0,0,1147
Tomas Barrios Vera,4,0,0,0,1148
Tomas Barrios Vera,5,0,0,0,1149
Tomas Barrios Vera,6,20,0,0,1150
Tomas Barrios Vera,7,0,0,0,1151
Tomas Barrios Vera,8,45,0,0,1152
Tomas Barrios Vera,9,45,0,0,1153
Tomas Barrios Vera,10,0,0,0,1154
Tomas Barrios Vera,11,0,0,0,1155
Tomas Barrios Vera,12,0,0,0,1156
Tomas Barrios Vera,13,0,0,0,1157
Tomas Barrios Vera,14,0,0,0,1158
Tomas Barrios Vera,15,0,0,0,1159
Tomas Barrios Vera,16,0,0,0,1160
Tomas Barrios Vera,17,0,0,0,1161
Tomas Barrios Vera,18,0,0,0,1162
Tomas Barrios Vera,19,0,0,0,1163
Tomas Barrios Vera,20,0,0,0,1164
Tomas Barrios Vera,21,0,0,0,1165
Tomas Barrios Vera,22,0,0,0,1166
Tomas Barrios Vera,23,0,0,0,1167
Tomas Barrios Vera,24,0,0,0,1168
Tomas Barrios Vera,25,0,0,0,1169
Tomas Barrios Vera,26,0,0,0,1170
Tomas Barrios Vera,27,0,0,0,1171
Tomas Barrios Vera,28,0,0,0,1172
Tomas Barrios Vera,29,0,0,0,1173
Tomas Barrios Vera,30,0,0,0,1174
Tomas Barrios Vera,31,0,0,0,1175
Tomas Barrios Vera,32,0,0,0,1176
Tomas Barrios Vera,33,0,0,0,1177
Tomas Barrios Vera,34,0,0,0,1178
Tomas Barrios Vera,35,0,0,0,1179
Tomas Barrios Vera,36,0,0,0,1180
Tomas Barrios Vera,37,0,0,0,1181
Tomas Barrios Vera,38,0,0,0,1182
Tomas Barrios Vera,39,0,0,0,1183
Tomas Barrios Vera,40,0,0,0,1184
Tomas Barrios Vera,41,0,0,0,1185
Tomas Barrios Vera,42,0,0,0,1186
Tomas Barrios Vera,43,0,0,0,1187
Tomas Barrios Vera,44,0,0,0,1188
Tomas Barrios Vera,45,0,0,0,1189
Tomas Barrios Vera,46,0,0,0,1190
Tomas Barrios Vera,47,0,0,0,1191
Tomas Barrios Vera,48,0,0,0,1192
Tomas Barrios Vera,49,0,0,0,1193
Tomas Barrios Vera,50,0,0,0,1194
Tomas Barrios Vera,51,0,0,0,1195
Tomas Barrios Vera,52,0,0,0,1196
Tomas Machac,1,0,0,45,1145
Tomas Machac,2,0,0,0,1146
Tomas Machac,3,0,0,90,1147
Tomas Machac,4,0,0,0,1148
Tomas Machac,5,0,0,0,1149
Tomas Machac,6,0,0,90,1150
Tomas Machac,7,0,0,0,1151
Tomas Machac,8,0,0,0,1152
Tomas Machac,9,0,0,20,1153
Tomas Machac,10,0,0,25,1154
Tomas Machac,11,0,0,0,1155
Tomas Machac,12,0,0,180,1156
Tomas Machac,13,0,0,0,1157
Tomas Machac,14,0,0,0,1158
Tomas Machac,15,0,0,0,1159
Tomas Machac,16,20,0,0,1160
Tomas Machac,17,25,0,0,1161
Tomas Machac,18,0,0,0,1162
Tomas Machac,19,0,0,0,1163
Tomas Machac,20,0,0,0,1164
Tomas Machac,21,600,0,0,1165
Tomas Machac,22,90,0,0,1166
Tomas Machac,23,0,0,0,1167
Tomas Machac,24,0,0,0,1168
Tomas Machac,25,0,20,0,1169
Tomas Machac,26,0,0,0,1170
Tomas Machac,27,0,45,0,1171
Tomas Machac,28,0,0,0,1172
Tomas Machac,29,0,0,0,1173
Tomas Machac,30,20,0,0,1174
Tomas Machac,31,0,0,0,1175
Tomas Machac,32,0,0,25,1176
Tomas Machac,33,0,0,25,1177
Tomas Machac,34,0,0,0,1178
Tomas Machac,35,0,0,180,1179
Tomas Machac,36,0,0,0,1180
Tomas Machac,37,0,0,0,1181
Tomas Machac,38,0,0,0,1182
Tomas Machac,39,0,0,180,1183
Tomas Machac,40,0,0,360,1184
Tomas Machac,41,0,0,0,1185
Tomas Machac,42,0,0,45,1186
Tomas Machac,43,0,0,90,1187
Tomas Machac,44,0,0,25,1188
Tomas Machac,45,0,0,0,1189
Tomas Machac,46,0,0,0,1190
Tomas Machac,47,0,0,0,1191
Tomas Machac,48,0,0,0,1192
Tomas Machac,49,0,0,0,1193
Tomas Machac,50,0,0,0,1194
Tomas Machac,51,0,0,0,1195
Tomas Machac,52,0,0,0,1196
Tomas Martin Etcheverry,1,0,0,20,1145
Tomas Martin Etcheverry,2,0,0,20,1146
Tomas Martin Etcheverry,3,0,0,90,1147
Tomas Martin Etcheverry,4,0,0,0,1148
Tomas Martin Etcheverry,5,0,0,0,1149
Tomas Martin Etcheverry,6,90,0,0,1150
Tomas Martin Etcheverry,7,90,0,0,1151
Tomas Martin Etcheverry,8,0,0,0,1152
Tomas Martin Etcheverry,9,0,0,0,1153
Tomas Martin Etcheverry,10,0,0,0,1154
Tomas Martin Etcheverry,11,0,0,0,1155
Tomas Martin Etcheverry,12,0,0,25,1156
Tomas Martin Etcheverry,13,0,0,0,1157
Tomas Martin Etcheverry,14,180,0,0,1158
Tomas Martin Etcheverry,15,45,0,0,1159
Tomas Martin Etcheverry,16,180,0,0,1160
Tomas Martin Etcheverry,17,25,0,0,1161
Tomas Martin Etcheverry,18,0,0,0,1162
Tomas Martin Etcheverry,19,45,0,0,1163
Tomas Martin Etcheverry,20,0,0,0,1164
Tomas Martin Etcheverry,21,600,0,0,1165
Tomas Martin Etcheverry,22,90,0,0,1166
Tomas Martin Etcheverry,23,0,0,0,1167
Tomas Martin Etcheverry,24,0,0,0,1168
Tomas Martin Etcheverry,25,0,20,0,1169
Tomas Martin Etcheverry,26,0,20,0,1170
Tomas Martin Etcheverry,27,0,45,0,1171
Tomas Martin Etcheverry,28,0,0,0,1172
Tomas Martin Etcheverry,29,90,0,0,1173
Tomas Martin Etcheverry,30,0,0,0,1174
Tomas Martin Etcheverry,31,0,0,0,1175
Tomas Martin Etcheverry,32,0,0,45,1176
Tomas Martin Etcheverry,33,0,0,45,1177
Tomas Martin Etcheverry,34,0,0,20,1178
Tomas Martin Etcheverry,35,0,0,90,1179
Tomas Martin Etcheverry,36,0,0,0,1180
Tomas Martin Etcheverry,37,0,0,0,1181
Tomas Martin Etcheverry,38,0,0,0,1182
Tomas Martin Etcheverry,39,0,0,20,1183
Tomas Martin Etcheverry,40,0,0,45,1184
Tomas Martin Etcheverry,41,0,0,0,1185
Tomas Martin Etcheverry,42,0,0,45,1186
Tomas Martin Etcheverry,43,0,0,20,1187
Tomas Martin Etcheverry,44,0,0,45,1188
Tomas Martin Etcheverry,45,0,0,45,1189
Tomas Martin Etcheverry,46,0,0,0,1190
Tomas Martin Etcheverry,47,0,0,0,1191
Tomas Martin Etcheverry,48,0,0,0,1192
Tomas Martin Etcheverry,49,0,0,0,1193
Tomas Martin Etcheverry,50,0,0,0,1194
Tomas Martin Etcheverry,51,0,0,0,1195
Tomas Martin Etcheverry,52,0,0,0,1196
Tommy Paul,1,0,0,0,1145
Tommy Paul,2,0,0,90,1146
Tommy Paul,3,0,0,90,1147
Tommy Paul,4,0,0,0,1148
Tommy Paul,5,0,0,0,1149
Tommy Paul,6,0,0,500,1150
Tommy Paul,7,0,0,600,1151
Tommy Paul,8,0,0,0,1152
Tommy Paul,9,0,0,20,1153
Tommy Paul,10,0,0,360,1154
Tommy Paul,11,0,0,0,1155
Tommy Paul,12,0,0,25,1156
Tommy Paul,13,0,0,0,1157
Tommy Paul,14,0,0,0,1158
Tommy Paul,15,0,0,0,1159
Tommy Paul,16,0,0,0,1160
Tommy Paul,17,45,0,0,1161
Tommy Paul,18,0,0,0,1162
Tommy Paul,19,360,0,0,1163
Tommy Paul,20,0,0,0,1164
Tommy Paul,21,0,0,0,1165
Tommy Paul,22,90,0,0,1166
Tommy Paul,23,0,0,0,1167
Tommy Paul,24,0,90,0,1168
Tommy Paul,25,0,500,0,1169
Tommy Paul,26,0,0,0,1170
Tommy Paul,27,0,360,0,1171
Tommy Paul,28,0,0,0,1172
Tommy Paul,29,0,0,0,1173
Tommy Paul,30,0,0,0,1174
Tommy Paul,31,0,0,0,1175
Tommy Paul,32,0,0,45,1176
Tommy Paul,33,0,0,25,1177
Tommy Paul,34,0,0,0,1178
Tommy Paul,35,0,0,180,1179
Tommy Paul,36,0,0,0,1180
Tommy Paul,37,0,0,0,1181
Tommy Paul,38,0,0,0,1182
Tommy Paul,39,0,0,45,1183
Tommy Paul,40,0,0,90,1184
Tommy Paul,41,0,0,0,1185
Tommy Paul,42,0,0,500,1186
Tommy Paul,43,0,0,20,1187
Tommy Paul,44,0,0,25,1188
Tommy Paul,45,0,0,0,1189
Tommy Paul,46,0,0,0,1190
Tommy Paul,47,0,0,0,1191
Tommy Paul,48,0,0,0,1192
Tommy Paul,49,0,0,0,1193
Tommy Paul,50,0,0,0,1194
Tommy Paul,51,0,0,0,1195
Tommy Paul,52,0,0,0,1196
Tristan Schoolkate,1,0,0,0,1145
Tristan Schoolkate,2,0,0,0,1146
Tristan Schoolkate,3,0,0,0,1147
Tristan Schoolkate,4,0,0,0,1148
Tristan Schoolkate,5,0,0,0,1149
Tristan Schoolkate,6,0,0,0,1150
Tristan Schoolkate,7,0,0,0,1151
Tristan Schoolkate,8,0,0,0,1152
Tristan Schoolkate,9,0,0,0,1153
Tristan Schoolkate,10,0,0,0,1154
Tristan Schoolkate,11,0,0,0,1155
Tristan Schoolkate,12,0,0,0,1156
Tristan Schoolkate,13,0,0,0,1157
Tristan Schoolkate,14,0,0,0,1158
Tristan Schoolkate,15,0,0,0,1159
Tristan Schoolkate,16,0,0,0,1160
Tristan Schoolkate,17,0,0,0,1161
Tristan Schoolkate,18,0,0,0,1162
Tristan Schoolkate,19,0,0,0,1163
Tristan Schoolkate,20,0,0,0,1164
Tristan Schoolkate,21,0,0,0,1165
Tristan Schoolkate,22,0,0,0,1166
Tristan Schoolkate,23,0,0,0,1167
Tristan Schoolkate,24,0,20,0,1168
Tristan Schoolkate,25,0,0,0,1169
Tristan Schoolkate,26,0,0,0,1170
Tristan Schoolkate,27,0,0,0,1171
Tristan Schoolkate,28,0,0,0,1172
Tristan Schoolkate,29,0,0,0,1173
Tristan Schoolkate,30,0,0,0,1174
Tristan Schoolkate,31,0,0,0,1175
Tristan Schoolkate,32,0,0,0,1176
Tristan Schoolkate,33,0,0,0,1177
Tristan Schoolkate,34,0,0,0,1178
Tristan Schoolkate,35,0,0,45,1179
Tristan Schoolkate,36,0,0,0,1180
Tristan Schoolkate,37,0,0,0,1181
Tristan Schoolkate,38,0,0,0,1182
Tristan Schoolkate,39,0,0,0,1183
Tristan Schoolkate,40,0,0,0,1184
Tristan Schoolkate,41,0,0,0,1185
Tristan Schoolkate,42,0,0,0,1186
Tristan Schoolkate,43,0,0,0,1187
Tristan Schoolkate,44,0,0,0,1188
Tristan Schoolkate,45,0,0,0,1189
Tristan Schoolkate,46,0,0,0,1190
Tristan Schoolkate,47,0,0,0,1191
Tristan Schoolkate,48,0,0,0,1192
Tristan Schoolkate,49,0,0,0,1193
Tristan Schoolkate,50,0,0,0,1194
Tristan Schoolkate,51,0,0,0,1195
Tristan Schoolkate,52,0,0,0,1196
Ugo Blanchet,1,0,0,0,1145
Ugo Blanchet,2,0,0,0,1146
Ugo Blanchet,3,0,0,0,1147
Ugo Blanchet,4,0,0,0,1148
Ugo Blanchet,5,0,0,20,1149
Ugo Blanchet,6,0,0,0,1150
Ugo Blanchet,7,0,0,0,1151
Ugo Blanchet,8,0,0,0,1152
Ugo Blanchet,9,0,0,0,1153
Ugo Blanchet,10,0,0,0,1154
Ugo Blanchet,11,0,0,0,1155
Ugo Blanchet,12,0,0,0,1156
Ugo Blanchet,13,0,0,0,1157
Ugo Blanchet,14,0,0,0,1158
Ugo Blanchet,15,0,0,0,1159
Ugo Blanchet,16,0,0,0,1160
Ugo Blanchet,17,0,0,0,1161
Ugo Blanchet,18,0,0,0,1162
Ugo Blanchet,19,0,0,0,1163
Ugo Blanchet,20,0,0,0,1164
Ugo Blanchet,21,0,0,0,1165
Ugo Blanchet,22,0,0,0,1166
Ugo Blanchet,23,0,0,0,1167
Ugo Blanchet,24,0,0,0,1168
Ugo Blanchet,25,0,0,0,1169
Ugo Blanchet,26,0,0,0,1170
Ugo Blanchet,27,0,0,0,1171
Ugo Blanchet,28,0,0,0,1172
Ugo Blanchet,29,45,0,0,1173
Ugo Blanchet,30,0,0,0,1174
Ugo Blanchet,31,0,0,0,1175
Ugo Blanchet,32,0,0,0,1176
Ugo Blanchet,33,0,0,0,1177
Ugo Blanchet,34,0,0,0,1178
Ugo Blanchet,35,0,0,0,1179
Ugo Blanchet,36,0,0,0,1180
Ugo Blanchet,37,0,0,0,1181
Ugo Blanchet,38,0,0,0,1182
Ugo Blanchet,39,0,0,0,1183
Ugo Blanchet,40,0,0,0,1184
Ugo Blanchet,41,0,0,0,1185
Ugo Blanchet,42,0,0,0,1186
Ugo Blanchet,43,0,0,0,1187
Ugo Blanchet,44,0,0,0,1188
Ugo Blanchet,45,0,0,0,1189
Ugo Blanchet,46,0,0,0,1190
Ugo Blanchet,47,0,0,0,1191
Ugo Blanchet,48,0,0,0,1192
Ugo Blanchet,49,0,0,0,1193
Ugo Blanchet,50,0,0,0,1194
Ugo Blanchet,51,0,0,0,1195
Ugo Blanchet,52,0,0,0,1196
Ugo Humbert,1,0,0,45,1145
Ugo Humbert,2,0,0,0,1146
Ugo Humbert,3,0,0,90,1147
Ugo Humbert,4,0,0,0,1148
Ugo Humbert,5,0,0,0,1149
Ugo Humbert,6,0,0,500,1150
Ugo Humbert,7,0,0,20,1151
Ugo Humbert,8,0,0,90,1152
Ugo Humbert,9,0,0,500,1153
Ugo Humbert,10,0,0,45,1154
Ugo Humbert,11,0,0,0,1155
Ugo Humbert,12,0,0,45,1156
Ugo Humbert,13,0,0,0,1157
Ugo Humbert,14,0,0,0,1158
Ugo Humbert,15,180,0,0,1159
Ugo Humbert,16,20,0,0,1160
Ugo Humbert,17,45,0,0,1161
Ugo Humbert,18,0,0,0,1162
Ugo Humbert,19,0,0,0,1163
Ugo Humbert,20,0,0,0,1164
Ugo Humbert,21,45,0,0,1165
Ugo Humbert,22,10,0,0,1166
Ugo Humbert,23,0,0,0,1167
Ugo Humbert,24,0,180,0,1168
Ugo Humbert,25,0,20,0,1169
Ugo Humbert,26,0,45,0,1170
Ugo Humbert,27,0,180,0,1171
Ugo Humbert,28,0,0,0,1172
Ugo Humbert,29,45,0,0,1173
Ugo Humbert,30,0,0,0,1174
Ugo Humbert,31,0,0,0,1175
Ugo Humbert,32,0,0,45,1176
Ugo Humbert,33,0,0,25,1177
Ugo Humbert,34,0,0,0,1178
Ugo Humbert,35,0,0,45,1179
Ugo Humbert,36,0,0,0,1180
Ugo Humbert,37,0,0,0,1181
Ugo Humbert,38,0,0,0,1182
Ugo Humbert,39,0,0,600,1183
Ugo Humbert,40,0,0,45,1184
Ugo Humbert,41,0,0,0,1185
Ugo Humbert,42,0,0,0,1186
Ugo Humbert,43,0,0,45,1187
Ugo Humbert,44,0,0,1200,1188
Ugo Humbert,45,0,0,0,1189
Ugo Humbert,46,0,0,0,1190
Ugo Humbert,47,0,0,0,1191
Ugo Humbert,48,0,0,0,1192
Ugo Humbert,49,0,0,0,1193
Ugo Humbert,50,0,0,0,1194
Ugo Humbert,51,0,0,0,1195
Ugo Humbert,52,0,0,0,1196
Valentin Vacherot,1,0,0,0,1145
Valentin Vacherot,2,0,0,0,1146
Valentin Vacherot,3,0,0,0,1147
Valentin Vacherot,4,0,0,0,1148
Valentin Vacherot,5,0,0,0,1149
Valentin Vacherot,6,0,0,0,1150
Valentin Vacherot,7,0,0,0,1151
Valentin Vacherot,8,0,0,0,1152
Valentin Vacherot,9,0,0,0,1153
Valentin Vacherot,10,0,0,0,1154
Valentin Vacherot,11,0,0,0,1155
Valentin Vacherot,12,0,0,0,1156
Valentin Vacherot,13,0,0,0,1157
Valentin Vacherot,14,0,0,0,1158
Valentin Vacherot,15,25,0,0,1159
Valentin Vacherot,16,20,0,0,1160
Valentin Vacherot,17,0,0,0,1161
Valentin Vacherot,18,0,0,0,1162
Valentin Vacherot,19,0,0,0,1163
Valentin Vacherot,20,0,0,0,1164
Valentin Vacherot,21,0,0,0,1165
Valentin Vacherot,22,10,0,0,1166
Valentin Vacherot,23,0,0,0,1167
Valentin Vacherot,24,0,0,0,1168
Valentin Vacherot,25,0,0,0,1169
Valentin Vacherot,26,0,0,0,1170
Valentin Vacherot,27,0,0,0,1171
Valentin Vacherot,28,0,0,0,1172
Valentin Vacherot,29,0,0,0,1173
Valentin Vacherot,30,0,0,0,1174
Valentin Vacherot,31,0,0,0,1175
Valentin Vacherot,32,0,0,0,1176
Valentin Vacherot,33,0,0,0,1177
Valentin Vacherot,34,0,0,0,1178
Valentin Vacherot,35,0,0,0,1179
Valentin Vacherot,36,0,0,0,1180
Valentin Vacherot,37,0,0,0,1181
Valentin Vacherot,38,0,0,0,1182
Valentin Vacherot,39,0,0,0,1183
Valentin Vacherot,40,0,0,0,1184
Valentin Vacherot,41,0,0,0,1185
Valentin Vacherot,42,0,0,0,1186
Valentin Vacherot,43,0,0,0,1187
Valentin Vacherot,44,0,0,0,1188
Valentin Vacherot,45,0,0,0,1189
Valentin Vacherot,46,0,0,0,1190
Valentin Vacherot,47,0,0,0,1191
Valentin Vacherot,48,0,0,0,1192
Valentin Vacherot,49,0,0,0,1193
Valentin Vacherot,50,0,0,0,1194
Valentin Vacherot,51,0,0,0,1195
Valentin Vacherot,52,0,0,0,1196
Vasek Pospisil,1,0,0,0,1145
Vasek Pospisil,2,0,0,0,1146
Vasek Pospisil,3,0,0,0,1147
Vasek Pospisil,4,0,0,0,1148
Vasek Pospisil,5,0,0,0,1149
Vasek Pospisil,6,0,0,0,1150
Vasek Pospisil,7,0,0,0,1151
Vasek Pospisil,8,0,0,0,1152
Vasek Pospisil,9,0,0,0,1153
Vasek Pospisil,10,0,0,0,1154
Vasek Pospisil,11,0,0,0,1155
Vasek Pospisil,12,0,0,0,1156
Vasek Pospisil,13,0,0,0,1157
Vasek Pospisil,14,0,0,0,1158
Vasek Pospisil,15,0,0,0,1159
Vasek Pospisil,16,0,0,0,1160
Vasek Pospisil,17,0,0,0,1161
Vasek Pospisil,18,0,0,0,1162
Vasek Pospisil,19,0,0,0,1163
Vasek Pospisil,20,0,0,0,1164
Vasek Pospisil,21,0,0,0,1165
Vasek Pospisil,22,0,0,0,1166
Vasek Pospisil,23,0,0,0,1167
Vasek Pospisil,24,0,0,0,1168
Vasek Pospisil,25,0,0,0,1169
Vasek Pospisil,26,0,0,0,1170
Vasek Pospisil,27,0,0,0,1171
Vasek Pospisil,28,0,0,0,1172
Vasek Pospisil,29,0,0,0,1173
Vasek Pospisil,30,0,0,0,1174
Vasek Pospisil,31,0,0,0,1175
Vasek Pospisil,32,0,0,25,1176
Vasek Pospisil,33,0,0,0,1177
Vasek Pospisil,34,0,0,0,1178
Vasek Pospisil,35,0,0,0,1179
Vasek Pospisil,36,0,0,0,1180
Vasek Pospisil,37,0,0,0,1181
Vasek Pospisil,38,0,0,0,1182
Vasek Pospisil,39,0,0,0,1183
Vasek Pospisil,40,0,0,0,1184
Vasek Pospisil,41,0,0,0,1185
Vasek Pospisil,42,0,0,0,1186
Vasek Pospisil,43,0,0,0,1187
Vasek Pospisil,44,0,0,0,1188
Vasek Pospisil,45,0,0,0,1189
Vasek Pospisil,46,0,0,0,1190
Vasek Pospisil,47,0,0,0,1191
Vasek Pospisil,48,0,0,0,1192
Vasek Pospisil,49,0,0,0,1193
Vasek Pospisil,50,0,0,0,1194
Vasek Pospisil,51,0,0,0,1195
Vasek Pospisil,52,0,0,0,1196
Vit Kopriva,1,0,0,0,1145
Vit Kopriva,2,0,0,0,1146
Vit Kopriva,3,0,0,10,1147
Vit Kopriva,4,0,0,0,1148
Vit Kopriva,5,0,0,0,1149
Vit Kopriva,6,0,0,0,1150
Vit Kopriva,7,0,0,0,1151
Vit Kopriva,8,0,0,20,1152
Vit Kopriva,9,0,0,0,1153
Vit Kopriva,10,0,0,0,1154
Vit Kopriva,11,0,0,0,1155
Vit Kopriva,12,0,0,10,1156
Vit Kopriva,13,0,0,0,1157
Vit Kopriva,14,0,0,0,1158
Vit Kopriva,15,0,0,0,1159
Vit Kopriva,16,20,0,0,1160
Vit Kopriva,17,0,0,0,1161
Vit Kopriva,18,0,0,0,1162
Vit Kopriva,19,0,0,0,1163
Vit Kopriva,20,0,0,0,1164
Vit Kopriva,21,0,0,0,1165
Vit Kopriva,22,0,0,0,1166
Vit Kopriva,23,0,0,0,1167
Vit Kopriva,24,0,0,0,1168
Vit Kopriva,25,0,0,0,1169
Vit Kopriva,26,0,0,0,1170
Vit Kopriva,27,0,10,0,1171
Vit Kopriva,28,0,0,0,1172
Vit Kopriva,29,20,0,0,1173
Vit Kopriva,30,20,0,0,1174
Vit Kopriva,31,0,0,0,1175
Vit Kopriva,32,0,0,0,1176
Vit Kopriva,33,0,0,0,1177
Vit Kopriva,34,0,0,0,1178
Vit Kopriva,35,0,0,0,1179
Vit Kopriva,36,0,0,0,1180
Vit Kopriva,37,0,0,0,1181
Vit Kopriva,38,0,0,0,1182
Vit Kopriva,39,0,0,0,1183
Vit Kopriva,40,0,0,0,1184
Vit Kopriva,41,0,0,0,1185
Vit Kopriva,42,0,0,0,1186
Vit Kopriva,43,0,0,0,1187
Vit Kopriva,44,0,0,0,1188
Vit Kopriva,45,0,0,0,1189
Vit Kopriva,46,0,0,0,1190
Vit Kopriva,47,0,0,0,1191
Vit Kopriva,48,0,0,0,1192
Vit Kopriva,49,0,0,0,1193
Vit Kopriva,50,0,0,0,1194
Vit Kopriva,51,0,0,0,1195
Vit Kopriva,52,0,0,0,1196
Vitaliy Sachko,1,0,0,20,1145
Vitaliy Sachko,2,0,0,0,1146
Vitaliy Sachko,3,0,0,0,1147
Vitaliy Sachko,4,0,0,0,1148
Vitaliy Sachko,5,0,0,0,1149
Vitaliy Sachko,6,0,0,0,1150
Vitaliy Sachko,7,0,0,0,1151
Vitaliy Sachko,8,0,0,0,1152
Vitaliy Sachko,9,0,0,0,1153
Vitaliy Sachko,10,0,0,0,1154
Vitaliy Sachko,11,0,0,0,1155
Vitaliy Sachko,12,0,0,0,1156
Vitaliy Sachko,13,0,0,0,1157
Vitaliy Sachko,14,0,0,0,1158
Vitaliy Sachko,15,0,0,0,1159
Vitaliy Sachko,16,0,0,0,1160
Vitaliy Sachko,17,0,0,0,1161
Vitaliy Sachko,18,0,0,0,1162
Vitaliy Sachko,19,0,0,0,1163
Vitaliy Sachko,20,0,0,0,1164
Vitaliy Sachko,21,0,0,0,1165
Vitaliy Sachko,22,0,0,0,1166
Vitaliy Sachko,23,0,0,0,1167
Vitaliy Sachko,24,0,0,0,1168
Vitaliy Sachko,25,0,0,0,1169
Vitaliy Sachko,26,0,0,0,1170
Vitaliy Sachko,27,0,0,0,1171
Vitaliy Sachko,28,0,0,0,1172
Vitaliy Sachko,29,0,0,0,1173
Vitaliy Sachko,30,0,0,0,1174
Vitaliy Sachko,31,0,0,0,1175
Vitaliy Sachko,32,0,0,0,1176
Vitaliy Sachko,33,0,0,0,1177
Vitaliy Sachko,34,0,0,0,1178
Vitaliy Sachko,35,0,0,0,1179
Vitaliy Sachko,36,0,0,0,1180
Vitaliy Sachko,37,0,0,0,1181
Vitaliy Sachko,38,0,0,0,1182
Vitaliy Sachko,39,0,0,0,1183
Vitaliy Sachko,40,0,0,0,1184
Vitaliy Sachko,41,0,0,0,1185
Vitaliy Sachko,42,0,0,0,1186
Vitaliy Sachko,43,0,0,0,1187
Vitaliy Sachko,44,0,0,0,1188
Vitaliy Sachko,45,0,0,0,1189
Vitaliy Sachko,46,0,0,0,1190
Vitaliy Sachko,47,0,0,0,1191
Vitaliy Sachko,48,0,0,0,1192
Vitaliy Sachko,49,0,0,0,1193
Vitaliy Sachko,50,0,0,0,1194
Vitaliy Sachko,51,0,0,0,1195
Vitaliy Sachko,52,0,0,0,1196
Yannick Hanfmann,1,0,0,45,1145
Yannick Hanfmann,2,0,0,20,1146
Yannick Hanfmann,3,0,0,10,1147
Yannick Hanfmann,4,0,0,0,1148
Yannick Hanfmann,5,0,0,0,1149
Yannick Hanfmann,6,90,0,0,1150
Yannick Hanfmann,7,20,0,0,1151
Yannick Hanfmann,8,45,0,0,1152
Yannick Hanfmann,9,20,0,0,1153
Yannick Hanfmann,10,0,0,25,1154
Yannick Hanfmann,11,0,0,0,1155
Yannick Hanfmann,12,0,0,45,1156
Yannick Hanfmann,13,0,0,0,1157
Yannick Hanfmann,14,0,0,0,1158
Yannick Hanfmann,15,25,0,0,1159
Yannick Hanfmann,16,45,0,0,1160
Yannick Hanfmann,17,10,0,0,1161
Yannick Hanfmann,18,0,0,0,1162
Yannick Hanfmann,19,25,0,0,1163
Yannick Hanfmann,20,0,0,0,1164
Yannick Hanfmann,21,45,0,0,1165
Yannick Hanfmann,22,10,0,0,1166
Yannick Hanfmann,23,0,0,0,1167
Yannick Hanfmann,24,0,45,0,1168
Yannick Hanfmann,25,0,0,0,1169
Yannick Hanfmann,26,0,20,0,1170
Yannick Hanfmann,27,0,10,0,1171
Yannick Hanfmann,28,0,0,0,1172
Yannick Hanfmann,29,45,0,0,1173
Yannick Hanfmann,30,180,0,0,1174
Yannick Hanfmann,31,0,0,0,1175
Yannick Hanfmann,32,0,0,0,1176
Yannick Hanfmann,33,0,0,0,1177
Yannick Hanfmann,34,0,0,0,1178
Yannick Hanfmann,35,0,0,0,1179
Yannick Hanfmann,36,0,0,0,1180
Yannick Hanfmann,37,0,0,0,1181
Yannick Hanfmann,38,0,0,180,1182
Yannick Hanfmann,39,0,0,0,1183
Yannick Hanfmann,40,0,0,0,1184
Yannick Hanfmann,41,0,0,0,1185
Yannick Hanfmann,42,0,0,0,1186
Yannick Hanfmann,43,0,0,0,1187
Yannick Hanfmann,44,0,0,0,1188
Yannick Hanfmann,45,0,0,0,1189
Yannick Hanfmann,46,0,0,0,1190
Yannick Hanfmann,47,0,0,0,1191
Yannick Hanfmann,48,0,0,0,1192
Yannick Hanfmann,49,0,0,0,1193
Yannick Hanfmann,50,0,0,0,1194
Yannick Hanfmann,51,0,0,0,1195
Yannick Hanfmann,52,0,0,0,1196
Yasutaka Uchiyama,1,0,0,0,1145
Yasutaka Uchiyama,2,0,0,0,1146
Yasutaka Uchiyama,3,0,0,0,1147
Yasutaka Uchiyama,4,0,0,0,1148
Yasutaka Uchiyama,5,0,0,0,1149
Yasutaka Uchiyama,6,0,0,0,1150
Yasutaka Uchiyama,7,0,0,0,1151
Yasutaka Uchiyama,8,0,0,0,1152
Yasutaka Uchiyama,9,0,0,0,1153
Yasutaka Uchiyama,10,0,0,0,1154
Yasutaka Uchiyama,11,0,0,0,1155
Yasutaka Uchiyama,12,0,0,0,1156
Yasutaka Uchiyama,13,0,0,0,1157
Yasutaka Uchiyama,14,0,0,0,1158
Yasutaka Uchiyama,15,0,0,0,1159
Yasutaka Uchiyama,16,0,0,0,1160
Yasutaka Uchiyama,17,0,0,0,1161
Yasutaka Uchiyama,18,0,0,0,1162
Yasutaka Uchiyama,19,0,0,0,1163
Yasutaka Uchiyama,20,0,0,0,1164
Yasutaka Uchiyama,21,0,0,0,1165
Yasutaka Uchiyama,22,0,0,0,1166
Yasutaka Uchiyama,23,0,0,0,1167
Yasutaka Uchiyama,24,0,0,0,1168
Yasutaka Uchiyama,25,0,0,0,1169
Yasutaka Uchiyama,26,0,0,0,1170
Yasutaka Uchiyama,27,0,0,0,1171
Yasutaka Uchiyama,28,0,0,0,1172
Yasutaka Uchiyama,29,0,0,0,1173
Yasutaka Uchiyama,30,0,0,0,1174
Yasutaka Uchiyama,31,0,0,0,1175
Yasutaka Uchiyama,32,0,0,0,1176
Yasutaka Uchiyama,33,0,0,0,1177
Yasutaka Uchiyama,34,0,0,0,1178
Yasutaka Uchiyama,35,0,0,0,1179
Yasutaka Uchiyama,36,0,0,0,1180
Yasutaka Uchiyama,37,0,0,0,1181
Yasutaka Uchiyama,38,0,0,90,1182
Yasutaka Uchiyama,39,0,0,0,1183
Yasutaka Uchiyama,40,0,0,0,1184
Yasutaka Uchiyama,41,0,0,0,1185
Yasutaka Uchiyama,42,0,0,0,1186
Yasutaka Uchiyama,43,0,0,0,1187
Yasutaka Uchiyama,44,0,0,0,1188
Yasutaka Uchiyama,45,0,0,0,1189
Yasutaka Uchiyama,46,0,0,0,1190
Yasutaka Uchiyama,47,0,0,0,1191
Yasutaka Uchiyama,48,0,0,0,1192
Yasutaka Uchiyama,49,0,0,0,1193
Yasutaka Uchiyama,50,0,0,0,1194
Yasutaka Uchiyama,51,0,0,0,1195
Yasutaka Uchiyama,52,0,0,0,1196
Yi Zhou,1,0,0,0,1145
Yi Zhou,2,0,0,0,1146
Yi Zhou,3,0,0,0,1147
Yi Zhou,4,0,0,0,1148
Yi Zhou,5,0,0,0,1149
Yi Zhou,6,0,0,0,1150
Yi Zhou,7,0,0,0,1151
Yi Zhou,8,0,0,0,1152
Yi Zhou,9,0,0,0,1153
Yi Zhou,10,0,0,0,1154
Yi Zhou,11,0,0,0,1155
Yi Zhou,12,0,0,0,1156
Yi Zhou,13,0,0,0,1157
Yi Zhou,14,0,0,0,1158
Yi Zhou,15,0,0,0,1159
Yi Zhou,16,0,0,0,1160
Yi Zhou,17,0,0,0,1161
Yi Zhou,18,0,0,0,1162
Yi Zhou,19,0,0,0,1163
Yi Zhou,20,0,0,0,1164
Yi Zhou,21,0,0,0,1165
Yi Zhou,22,0,0,0,1166
Yi Zhou,23,0,0,0,1167
Yi Zhou,24,0,0,0,1168
Yi Zhou,25,0,0,0,1169
Yi Zhou,26,0,0,0,1170
Yi Zhou,27,0,0,0,1171
Yi Zhou,28,0,0,0,1172
Yi Zhou,29,0,0,0,1173
Yi Zhou,30,0,0,0,1174
Yi Zhou,31,0,0,0,1175
Yi Zhou,32,0,0,0,1176
Yi Zhou,33,0,0,0,1177
Yi Zhou,34,0,0,0,1178
Yi Zhou,35,0,0,0,1179
Yi Zhou,36,0,0,0,1180
Yi Zhou,37,0,0,0,1181
Yi Zhou,38,0,0,45,1182
Yi Zhou,39,0,0,20,1183
Yi Zhou,40,0,0,25,1184
Yi Zhou,41,0,0,0,1185
Yi Zhou,42,0,0,0,1186
Yi Zhou,43,0,0,0,1187
Yi Zhou,44,0,0,0,1188
Yi Zhou,45,0,0,0,1189
Yi Zhou,46,0,0,0,1190
Yi Zhou,47,0,0,0,1191
Yi Zhou,48,0,0,0,1192
Yi Zhou,49,0,0,0,1193
Yi Zhou,50,0,0,0,1194
Yi Zhou,51,0,0,0,1195
Yi Zhou,52,0,0,0,1196
Yibing Wu,1,0,0,0,1145
Yibing Wu,2,0,0,0,1146
Yibing Wu,3,0,0,0,1147
Yibing Wu,4,0,0,0,1148
Yibing Wu,5,0,0,0,1149
Yibing Wu,6,0,0,0,1150
Yibing Wu,7,0,0,0,1151
Yibing Wu,8,0,0,0,1152
Yibing Wu,9,0,0,0,1153
Yibing Wu,10,0,0,0,1154
Yibing Wu,11,0,0,0,1155
Yibing Wu,12,0,0,0,1156
Yibing Wu,13,0,0,0,1157
Yibing Wu,14,20,0,0,1158
Yibing Wu,15,0,0,0,1159
Yibing Wu,16,0,0,0,1160
Yibing Wu,17,0,0,0,1161
Yibing Wu,18,0,0,0,1162
Yibing Wu,19,0,0,0,1163
Yibing Wu,20,0,0,0,1164
Yibing Wu,21,0,0,0,1165
Yibing Wu,22,0,0,0,1166
Yibing Wu,23,0,0,0,1167
Yibing Wu,24,0,0,0,1168
Yibing Wu,25,0,0,0,1169
Yibing Wu,26,0,0,0,1170
Yibing Wu,27,0,0,0,1171
Yibing Wu,28,0,0,0,1172
Yibing Wu,29,0,0,0,1173
Yibing Wu,30,0,0,0,1174
Yibing Wu,31,0,0,0,1175
Yibing Wu,32,0,0,0,1176
Yibing Wu,33,0,0,0,1177
Yibing Wu,34,0,0,0,1178
Yibing Wu,35,0,0,0,1179
Yibing Wu,36,0,0,0,1180
Yibing Wu,37,0,0,0,1181
Yibing Wu,38,0,0,20,1182
Yibing Wu,39,0,0,0,1183
Yibing Wu,40,0,0,45,1184
Yibing Wu,41,0,0,0,1185
Yibing Wu,42,0,0,0,1186
Yibing Wu,43,0,0,0,1187
Yibing Wu,44,0,0,0,1188
Yibing Wu,45,0,0,0,1189
Yibing Wu,46,0,0,0,1190
Yibing Wu,47,0,0,0,1191
Yibing Wu,48,0,0,0,1192
Yibing Wu,49,0,0,0,1193
Yibing Wu,50,0,0,0,1194
Yibing Wu,51,0,0,0,1195
Yibing Wu,52,0,0,0,1196
Yoshihito Nishioka,1,0,0,0,1145
Yoshihito Nishioka,2,0,0,0,1146
Yoshihito Nishioka,3,0,0,10,1147
Yoshihito Nishioka,4,0,0,0,1148
Yoshihito Nishioka,5,0,0,0,1149
Yoshihito Nishioka,6,0,0,45,1150
Yoshihito Nishioka,7,0,0,20,1151
Yoshihito Nishioka,8,0,0,45,1152
Yoshihito Nishioka,9,0,0,45,1153
Yoshihito Nishioka,10,0,0,0,1154
Yoshihito Nishioka,11,0,0,0,1155
Yoshihito Nishioka,12,0,0,10,1156
Yoshihito Nishioka,13,0,0,0,1157
Yoshihito Nishioka,14,0,0,0,1158
Yoshihito Nishioka,15,0,0,0,1159
Yoshihito Nishioka,16,0,0,0,1160
Yoshihito Nishioka,17,10,0,0,1161
Yoshihito Nishioka,18,0,0,0,1162
Yoshihito Nishioka,19,25,0,0,1163
Yoshihito Nishioka,20,0,0,0,1164
Yoshihito Nishioka,21,45,0,0,1165
Yoshihito Nishioka,22,10,0,0,1166
Yoshihito Nishioka,23,0,0,0,1167
Yoshihito Nishioka,24,0,0,0,1168
Yoshihito Nishioka,25,0,0,0,1169
Yoshihito Nishioka,26,0,90,0,1170
Yoshihito Nishioka,27,0,45,0,1171
Yoshihito Nishioka,28,0,0,0,1172
Yoshihito Nishioka,29,0,0,0,1173
Yoshihito Nishioka,30,0,0,500,1174
Yoshihito Nishioka,31,0,0,0,1175
Yoshihito Nishioka,32,0,0,0,1176
Yoshihito Nishioka,33,0,0,45,1177
Yoshihito Nishioka,34,0,0,0,1178
Yoshihito Nishioka,35,0,0,10,1179
Yoshihito Nishioka,36,0,0,0,1180
Yoshihito Nishioka,37,0,0,0,1181
Yoshihito Nishioka,38,0,0,45,1182
Yoshihito Nishioka,39,0,0,45,1183
Yoshihito Nishioka,40,0,0,10,1184
Yoshihito Nishioka,41,0,0,0,1185
Yoshihito Nishioka,42,0,0,0,1186
Yoshihito Nishioka,43,0,0,0,1187
Yoshihito Nishioka,44,0,0,0,1188
Yoshihito Nishioka,45,0,0,0,1189
Yoshihito Nishioka,46,0,0,0,1190
Yoshihito Nishioka,47,0,0,0,1191
Yoshihito Nishioka,48,0,0,0,1192
Yoshihito Nishioka,49,0,0,0,1193
Yoshihito Nishioka,50,0,0,0,1194
Yoshihito Nishioka,51,0,0,0,1195
Yoshihito Nishioka,52,0,0,0,1196
Yosuke Watanuki,1,0,0,0,1145
Yosuke Watanuki,2,0,0,0,1146
Yosuke Watanuki,3,0,0,10,1147
Yosuke Watanuki,4,0,0,0,1148
Yosuke Watanuki,5,0,0,0,1149
Yosuke Watanuki,6,0,0,0,1150
Yosuke Watanuki,7,0,0,0,1151
Yosuke Watanuki,8,0,0,0,1152
Yosuke Watanuki,9,0,0,0,1153
Yosuke Watanuki,10,0,0,0,1154
Yosuke Watanuki,11,0,0,0,1155
Yosuke Watanuki,12,0,0,0,1156
Yosuke Watanuki,13,0,0,0,1157
Yosuke Watanuki,14,0,0,0,1158
Yosuke Watanuki,15,0,0,0,1159
Yosuke Watanuki,16,0,0,0,1160
Yosuke Watanuki,17,0,0,0,1161
Yosuke Watanuki,18,0,0,0,1162
Yosuke Watanuki,19,0,0,0,1163
Yosuke Watanuki,20,0,0,0,1164
Yosuke Watanuki,21,0,0,0,1165
Yosuke Watanuki,22,0,0,0,1166
Yosuke Watanuki,23,0,0,0,1167
Yosuke Watanuki,24,0,0,0,1168
Yosuke Watanuki,25,0,0,0,1169
Yosuke Watanuki,26,0,0,0,1170
Yosuke Watanuki,27,0,0,0,1171
Yosuke Watanuki,28,0,0,0,1172
Yosuke Watanuki,29,0,0,0,1173
Yosuke Watanuki,30,0,0,0,1174
Yosuke Watanuki,31,0,0,0,1175
Yosuke Watanuki,32,0,0,0,1176
Yosuke Watanuki,33,0,0,0,1177
Yosuke Watanuki,34,0,0,0,1178
Yosuke Watanuki,35,0,0,0,1179
Yosuke Watanuki,36,0,0,0,1180
Yosuke Watanuki,37,0,0,0,1181
Yosuke Watanuki,38,0,0,0,1182
Yosuke Watanuki,39,0,0,0,1183
Yosuke Watanuki,40,0,0,45,1184
Yosuke Watanuki,41,0,0,0,1185
Yosuke Watanuki,42,0,0,0,1186
Yosuke Watanuki,43,0,0,0,1187
Yosuke Watanuki,44,0,0,0,1188
Yosuke Watanuki,45,0,0,0,1189
Yosuke Watanuki,46,0,0,0,1190
Yosuke Watanuki,47,0,0,0,1191
Yosuke Watanuki,48,0,0,0,1192
Yosuke Watanuki,49,0,0,0,1193
Yosuke Watanuki,50,0,0,0,1194
Yosuke Watanuki,51,0,0,0,1195
Yosuke Watanuki,52,0,0,0,1196
Zachary Svajda,1,0,0,0,1145
Zachary Svajda,2,0,0,0,1146
Zachary Svajda,3,0,0,0,1147
Zachary Svajda,4,0,0,0,1148
Zachary Svajda,5,0,0,0,1149
Zachary Svajda,6,0,0,20,1150
Zachary Svajda,7,0,0,45,1151
Zachary Svajda,8,0,0,0,1152
Zachary Svajda,9,0,0,0,1153
Zachary Svajda,10,0,0,0,1154
Zachary Svajda,11,0,0,0,1155
Zachary Svajda,12,0,0,0,1156
Zachary Svajda,13,0,0,0,1157
Zachary Svajda,14,0,0,0,1158
Zachary Svajda,15,0,0,0,1159
Zachary Svajda,16,0,0,0,1160
Zachary Svajda,17,0,0,0,1161
Zachary Svajda,18,0,0,0,1162
Zachary Svajda,19,0,0,0,1163
Zachary Svajda,20,0,0,0,1164
Zachary Svajda,21,0,0,0,1165
Zachary Svajda,22,0,0,0,1166
Zachary Svajda,23,0,0,0,1167
Zachary Svajda,24,0,0,0,1168
Zachary Svajda,25,0,0,0,1169
Zachary Svajda,26,0,0,0,1170
Zachary Svajda,27,0,0,0,1171
Zachary Svajda,28,0,0,0,1172
Zachary Svajda,29,0,20,0,1173
Zachary Svajda,30,0,0,20,1174
Zachary Svajda,31,0,0,0,1175
Zachary Svajda,32,0,0,0,1176
Zachary Svajda,33,0,0,0,1177
Zachary Svajda,34,0,0,45,1178
Zachary Svajda,35,0,0,10,1179
Zachary Svajda,36,0,0,0,1180
Zachary Svajda,37,0,0,0,1181
Zachary Svajda,38,0,0,20,1182
Zachary Svajda,39,0,0,0,1183
Zachary Svajda,40,0,0,25,1184
Zachary Svajda,41,0,0,0,1185
Zachary Svajda,42,0,0,0,1186
Zachary Svajda,43,0,0,0,1187
Zachary Svajda,44,0,0,0,1188
Zachary Svajda,45,0,0,0,1189
Zachary Svajda,46,0,0,0,1190
Zachary Svajda,47,0,0,0,1191
Zachary Svajda,48,0,0,0,1192
Zachary Svajda,49,0,0,0,1193
Zachary Svajda,50,0,0,0,1194
Zachary Svajda,51,0,0,0,1195
Zachary Svajda,52,0,0,0,1196
Zhizhen Zhang,1,0,0,90,1145
Zhizhen Zhang,2,0,0,0,1146
Zhizhen Zhang,3,0,0,45,1147
Zhizhen Zhang,4,0,0,0,1148
Zhizhen Zhang,5,0,0,0,1149
Zhizhen Zhang,6,0,0,90,1150
Zhizhen Zhang,7,0,0,20,1151
Zhizhen Zhang,8,0,0,45,1152
Zhizhen Zhang,9,0,0,20,1153
Zhizhen Zhang,10,0,0,25,1154
Zhizhen Zhang,11,0,0,0,1155
Zhizhen Zhang,12,0,0,10,1156
Zhizhen Zhang,13,0,0,0,1157
Zhizhen Zhang,14,0,0,0,1158
Zhizhen Zhang,15,45,0,0,1159
Zhizhen Zhang,16,0,0,0,1160
Zhizhen Zhang,17,10,0,0,1161
Zhizhen Zhang,18,0,0,0,1162
Zhizhen Zhang,19,180,0,0,1163
Zhizhen Zhang,20,0,0,0,1164
Zhizhen Zhang,21,0,0,0,1165
Zhizhen Zhang,22,90,0,0,1166
Zhizhen Zhang,23,0,0,0,1167
Zhizhen Zhang,24,0,20,0,1168
Zhizhen Zhang,25,0,180,0,1169
Zhizhen Zhang,26,0,20,0,1170
Zhizhen Zhang,27,0,45,0,1171
Zhizhen Zhang,28,0,0,0,1172
Zhizhen Zhang,29,90,0,0,1173
Zhizhen Zhang,30,0,0,0,1174
Zhizhen Zhang,31,0,0,0,1175
Zhizhen Zhang,32,0,0,0,1176
Zhizhen Zhang,33,0,0,45,1177
Zhizhen Zhang,34,0,0,0,1178
Zhizhen Zhang,35,0,0,10,1179
Zhizhen Zhang,36,0,0,0,1180
Zhizhen Zhang,37,0,0,0,1181
Zhizhen Zhang,38,0,0,600,1182
Zhizhen Zhang,39,0,0,20,1183
Zhizhen Zhang,40,0,0,10,1184
Zhizhen Zhang,41,0,0,0,1185
Zhizhen Zhang,42,0,0,20,1186
Zhizhen Zhang,43,0,0,20,1187
Zhizhen Zhang,44,0,0,25,1188
Zhizhen Zhang,45,0,0,0,1189
Zhizhen Zhang,46,0,0,0,1190
Zhizhen Zhang,47,0,0,0,1191
Zhizhen Zhang,48,0,0,0,1192
Zhizhen Zhang,49,0,0,0,1193
Zhizhen Zhang,50,0,0,0,1194
Zhizhen Zhang,51,0,0,0,1195
Zhizhen Zhang,52,0,0,0,1196
Zizou Bergs,1,0,0,0,1145
Zizou Bergs,2,0,0,0,1146
Zizou Bergs,3,0,0,10,1147
Zizou Bergs,4,0,0,0,1148
Zizou Bergs,5,0,0,0,1149
Zizou Bergs,6,0,0,0,1150
Zizou Bergs,7,0,0,20,1151
Zizou Bergs,8,0,0,0,1152
Zizou Bergs,9,0,0,0,1153
Zizou Bergs,10,0,0,0,1154
Zizou Bergs,11,0,0,0,1155
Zizou Bergs,12,0,0,0,1156
Zizou Bergs,13,0,0,0,1157
Zizou Bergs,14,45,0,0,1158
Zizou Bergs,15,0,0,0,1159
Zizou Bergs,16,0,0,0,1160
Zizou Bergs,17,10,0,0,1161
Zizou Bergs,18,0,0,0,1162
Zizou Bergs,19,10,0,0,1163
Zizou Bergs,20,0,0,0,1164
Zizou Bergs,21,0,0,0,1165
Zizou Bergs,22,90,0,0,1166
Zizou Bergs,23,0,0,0,1167
Zizou Bergs,24,0,45,0,1168
Zizou Bergs,25,0,0,0,1169
Zizou Bergs,26,0,0,0,1170
Zizou Bergs,27,0,10,0,1171
Zizou Bergs,28,0,0,0,1172
Zizou Bergs,29,20,0,0,1173
Zizou Bergs,30,0,0,0,1174
Zizou Bergs,31,0,0,0,1175
Zizou Bergs,32,0,0,0,1176
Zizou Bergs,33,0,0,0,1177
Zizou Bergs,34,0,0,45,1178
Zizou Bergs,35,0,0,45,1179
Zizou Bergs,36,0,0,0,1180
Zizou Bergs,37,0,0,0,1181
Zizou Bergs,38,0,0,0,1182
Zizou Bergs,39,0,0,20,1183
Zizou Bergs,40,0,0,25,1184
Zizou Bergs,41,0,0,0,1185
Zizou Bergs,42,0,0,90,1186
Zizou Bergs,43,0,0,0,1187
Zizou Bergs,44,0,0,45,1188
Zizou Bergs,45,0,0,90,1189
Zizou Bergs,46,0,0,0,1190
Zizou Bergs,47,0,0,0,1191
Zizou Bergs,48,0,0,0,1192
Zizou Bergs,49,0,0,0,1193
Zizou Bergs,50,0,0,0,1194
Zizou Bergs,51,0,0,0,1195
Zizou Bergs,52,0,0,0,1196
Abdullah Shelbayh,52,1196,0,0,0,0
Abdullah Shelbayh,1,1196,0,0,0,0
Abdullah Shelbayh,2,1197,0,0,0,0
Abdullah Shelbayh,2,1198,0,0,0,0
Abdullah Shelbayh,5,1200,0,0,0,0
Abdullah Shelbayh,6,1201,0,0,0,0
Abdullah Shelbayh,7,1202,0,0,0,0
Abdullah Shelbayh,8,1203,0,0,20,0
Abdullah Shelbayh,9,1204,0,0,0,0
Abdullah Shelbayh,10,1206,0,0,0,0
Abdullah Shelbayh,12,1208,0,0,0,0
Abdullah Shelbayh,14,1209,0,0,0,0
Abdullah Shelbayh,14,1210,0,0,0,0
Abdullah Shelbayh,16,1211,0,0,0,0
Abdullah Shelbayh,17,1213,0,0,0,0
Abdullah Shelbayh,19,1215,0,0,0,0
Abdullah Shelbayh,20,1216,0,0,0,0
Abdullah Shelbayh,21,1217,0,0,0,0
Abdullah Shelbayh,24,1219,0,0,0,0
Abdullah Shelbayh,25,1220,0,0,0,0
Abdullah Shelbayh,26,1221,0,0,0,0
Abdullah Shelbayh,25,1221,0,0,0,0
Abdullah Shelbayh,27,1222,0,0,0,0
Abdullah Shelbayh,29,1224,0,0,0,0
Abdullah Shelbayh,30,1225,0,0,0,0
Abdullah Shelbayh,29,1225,0,0,0,0
Abdullah Shelbayh,30,1226,0,0,0,0
Abdullah Shelbayh,32,1228,0,0,0,0
Abdullah Shelbayh,33,1229,0,0,0,0
Abdullah Shelbayh,34,1230,0,0,0,0
Abdullah Shelbayh,38,1234,0,0,0,0
Abdullah Shelbayh,39,1235,0,0,0,0
Adam Walton,52,1196,0,0,20,0
Adam Walton,1,1196,0,0,0,0
Adam Walton,2,1197,0,0,20,0
Adam Walton,2,1198,0,0,10,0
Adam Walton,5,1200,0,0,0,0
Adam Walton,6,1201,0,0,0,0
Adam Walton,7,1202,0,0,20,0
Adam Walton,8,1203,0,0,0,0
Adam Walton,9,1204,0,0,20,0
Adam Walton,10,1206,0,0,25,0
Adam Walton,12,1208,0,0,90,0
Adam Walton,14,1209,45,0,0,0
Adam Walton,14,1210,0,0,0,0
Adam Walton,16,1211,0,0,0,0
Adam Walton,17,1213,0,0,0,0
Adam Walton,19,1215,0,0,0,0
Adam Walton,20,1216,0,0,0,0
Adam Walton,21,1217,45,0,0,0
Adam Walton,24,1219,0,0,0,0
Adam Walton,25,1220,0,20,0,0
Adam Walton,26,1221,0,0,0,0
Adam Walton,25,1221,0,0,0,0
Adam Walton,27,1222,0,10,0,0
Adam Walton,29,1224,0,0,180,0
Adam Walton,30,1225,0,0,0,0
Adam Walton,29,1225,0,0,0,0
Adam Walton,30,1226,0,0,25,0
Adam Walton,32,1228,0,0,45,0
Adam Walton,33,1229,0,0,0,0
Adam Walton,34,1230,0,0,45,0
Adam Walton,38,1234,0,0,20,0
Adam Walton,39,1235,0,0,0,0
Adrian Mannarino,52,1196,0,0,0,0
Adrian Mannarino,1,1196,0,0,0,0
Adrian Mannarino,2,1197,0,0,20,0
Adrian Mannarino,2,1198,0,0,10,0
Adrian Mannarino,5,1200,0,0,20,0
Adrian Mannarino,6,1201,0,0,20,0
Adrian Mannarino,7,1202,0,0,0,0
Adrian Mannarino,8,1203,0,0,0,0
Adrian Mannarino,9,1204,0,0,0,0
Adrian Mannarino,10,1206,0,0,0,0
Adrian Mannarino,12,1208,0,0,0,0
Adrian Mannarino,14,1209,45,0,0,0
Adrian Mannarino,14,1210,0,0,0,0
Adrian Mannarino,16,1211,0,0,0,0
Adrian Mannarino,17,1213,0,0,0,0
Adrian Mannarino,19,1215,0,0,0,0
Adrian Mannarino,20,1216,0,0,0,0
Adrian Mannarino,21,1217,0,0,0,0
Adrian Mannarino,24,1219,0,45,0,0
Adrian Mannarino,25,1220,0,0,0,0
Adrian Mannarino,26,1221,0,0,0,0
Adrian Mannarino,25,1221,0,0,0,0
Adrian Mannarino,27,1222,0,90,0,0
Adrian Mannarino,29,1224,0,0,20,0
Adrian Mannarino,30,1225,0,0,0,0
Adrian Mannarino,29,1225,0,0,0,0
Adrian Mannarino,30,1226,0,0,25,0
Adrian Mannarino,32,1228,0,0,90,0
Adrian Mannarino,33,1229,0,0,0,0
Adrian Mannarino,34,1230,0,0,180,0
Adrian Mannarino,38,1234,0,0,20,0
Adrian Mannarino,39,1235,0,0,45,0
Alan Magadan,52,1196,0,0,0,0
Alan Magadan,1,1196,0,0,0,0
Alan Magadan,2,1197,0,0,0,0
Alan Magadan,2,1198,0,0,0,0
Alan Magadan,5,1200,0,0,0,0
Alan Magadan,6,1201,0,0,0,0
Alan Magadan,7,1202,0,0,0,0
Alan Magadan,8,1203,0,0,0,0
Alan Magadan,9,1204,0,0,0,0
Alan Magadan,10,1206,0,0,0,0
Alan Magadan,12,1208,0,0,0,0
Alan Magadan,14,1209,0,0,0,0
Alan Magadan,14,1210,0,0,0,0
Alan Magadan,16,1211,0,0,0,0
Alan Magadan,17,1213,0,0,0,0
Alan Magadan,19,1215,0,0,0,0
Alan Magadan,20,1216,0,0,0,0
Alan Magadan,21,1217,0,0,0,0
Alan Magadan,24,1219,0,0,0,0
Alan Magadan,25,1220,0,0,0,0
Alan Magadan,26,1221,0,0,0,0
Alan Magadan,25,1221,0,0,0,0
Alan Magadan,27,1222,0,0,0,0
Alan Magadan,29,1224,0,0,20,0
Alan Magadan,30,1225,0,0,0,0
Alan Magadan,29,1225,0,0,0,0
Alan Magadan,30,1226,0,0,0,0
Alan Magadan,32,1228,0,0,0,0
Alan Magadan,33,1229,0,0,0,0
Alan Magadan,34,1230,0,0,0,0
Alan Magadan,38,1234,0,0,0,0
Alan Magadan,39,1235,0,0,0,0
Albert Ramos-Vinolas,52,1196,0,0,0,0
Albert Ramos-Vinolas,1,1196,0,0,0,0
Albert Ramos-Vinolas,2,1197,0,0,0,0
Albert Ramos-Vinolas,2,1198,0,0,0,0
Albert Ramos-Vinolas,5,1200,0,0,0,0
Albert Ramos-Vinolas,6,1201,0,0,0,0
Albert Ramos-Vinolas,7,1202,0,0,0,0
Albert Ramos-Vinolas,8,1203,0,0,0,0
Albert Ramos-Vinolas,9,1204,0,0,0,0
Albert Ramos-Vinolas,10,1206,0,0,0,0
Albert Ramos-Vinolas,12,1208,0,0,0,0
Albert Ramos-Vinolas,14,1209,0,0,0,0
Albert Ramos-Vinolas,14,1210,0,0,0,0
Albert Ramos-Vinolas,16,1211,20,0,0,0
Albert Ramos-Vinolas,17,1213,0,0,0,0
Albert Ramos-Vinolas,19,1215,0,0,0,0
Albert Ramos-Vinolas,20,1216,0,0,0,0
Albert Ramos-Vinolas,21,1217,10,0,0,0
Albert Ramos-Vinolas,24,1219,0,0,0,0
Albert Ramos-Vinolas,25,1220,0,0,0,0
Albert Ramos-Vinolas,26,1221,0,0,0,0
Albert Ramos-Vinolas,25,1221,0,0,0,0
Albert Ramos-Vinolas,27,1222,0,0,0,0
Albert Ramos-Vinolas,29,1224,0,0,0,0
Albert Ramos-Vinolas,30,1225,0,0,0,0
Albert Ramos-Vinolas,29,1225,0,0,0,0
Albert Ramos-Vinolas,30,1226,0,0,0,0
Albert Ramos-Vinolas,32,1228,0,0,0,0
Albert Ramos-Vinolas,33,1229,0,0,0,0
Albert Ramos-Vinolas,34,1230,0,0,0,0
Albert Ramos-Vinolas,38,1234,0,0,0,0
Albert Ramos-Vinolas,39,1235,0,0,0,0
Alejandro Davidovich Fokina,52,1196,0,0,0,0
Alejandro Davidovich Fokina,1,1196,0,0,20,0
Alejandro Davidovich Fokina,2,1197,0,0,45,0
Alejandro Davidovich Fokina,2,1198,0,0,180,0
Alejandro Davidovich Fokina,5,1200,0,0,0,0
Alejandro Davidovich Fokina,6,1201,0,0,45,0
Alejandro Davidovich Fokina,7,1202,0,0,300,0
Alejandro Davidovich Fokina,8,1203,0,0,0,0
Alejandro Davidovich Fokina,9,1204,0,0,300,0
Alejandro Davidovich Fokina,10,1206,0,0,10,0
Alejandro Davidovich Fokina,12,1208,0,0,25,0
Alejandro Davidovich Fokina,14,1209,0,0,0,0
Alejandro Davidovich Fokina,14,1210,360,0,0,0
Alejandro Davidovich Fokina,16,1211,90,0,0,0
Alejandro Davidovich Fokina,17,1213,45,0,0,0
Alejandro Davidovich Fokina,19,1215,25,0,0,0
Alejandro Davidovich Fokina,20,1216,45,0,0,0
Alejandro Davidovich Fokina,21,1217,45,0,0,0
Alejandro Davidovich Fokina,24,1219,0,0,0,0
Alejandro Davidovich Fokina,25,1220,0,0,0,0
Alejandro Davidovich Fokina,26,1221,0,180,0,0
Alejandro Davidovich Fokina,25,1221,0,0,0,0
Alejandro Davidovich Fokina,27,1222,0,90,0,0
Alejandro Davidovich Fokina,29,1224,0,0,45,0
Alejandro Davidovich Fokina,30,1225,0,0,300,0
Alejandro Davidovich Fokina,29,1225,0,0,0,0
Alejandro Davidovich Fokina,30,1226,0,0,90,0
Alejandro Davidovich Fokina,32,1228,0,0,25,0
Alejandro Davidovich Fokina,33,1229,0,0,0,0
Alejandro Davidovich Fokina,34,1230,0,0,45,0
Alejandro Davidovich Fokina,38,1234,0,0,0,0
Alejandro Davidovich Fokina,39,1235,0,0,45,0
Alejandro Moro Canas,52,1196,0,0,0,0
Alejandro Moro Canas,1,1196,0,0,20,0
Alejandro Moro Canas,2,1197,0,0,0,0
Alejandro Moro Canas,2,1198,0,0,0,0
Alejandro Moro Canas,5,1200,0,0,0,0
Alejandro Moro Canas,6,1201,0,0,0,0
Alejandro Moro Canas,7,1202,0,0,0,0
Alejandro Moro Canas,8,1203,0,0,0,0
Alejandro Moro Canas,9,1204,0,0,0,0
Alejandro Moro Canas,10,1206,0,0,0,0
Alejandro Moro Canas,12,1208,0,0,0,0
Alejandro Moro Canas,14,1209,0,0,0,0
Alejandro Moro Canas,14,1210,0,0,0,0
Alejandro Moro Canas,16,1211,0,0,0,0
Alejandro Moro Canas,17,1213,0,0,0,0
Alejandro Moro Canas,19,1215,0,0,0,0
Alejandro Moro Canas,20,1216,0,0,0,0
Alejandro Moro Canas,21,1217,0,0,0,0
Alejandro Moro Canas,24,1219,0,0,0,0
Alejandro Moro Canas,25,1220,0,0,0,0
Alejandro Moro Canas,26,1221,0,0,0,0
Alejandro Moro Canas,25,1221,0,0,0,0
Alejandro Moro Canas,27,1222,0,0,0,0
Alejandro Moro Canas,29,1224,0,0,0,0
Alejandro Moro Canas,30,1225,0,0,0,0
Alejandro Moro Canas,29,1225,0,0,0,0
Alejandro Moro Canas,30,1226,0,0,0,0
Alejandro Moro Canas,32,1228,0,0,0,0
Alejandro Moro Canas,33,1229,0,0,0,0
Alejandro Moro Canas,34,1230,0,0,0,0
Alejandro Moro Canas,38,1234,0,0,0,0
Alejandro Moro Canas,39,1235,0,0,0,0
Alejandro Tabilo,52,1196,0,0,20,0
Alejandro Tabilo,1,1196,0,0,0,0
Alejandro Tabilo,2,1197,0,0,45,0
Alejandro Tabilo,2,1198,0,0,10,0
Alejandro Tabilo,5,1200,0,0,0,0
Alejandro Tabilo,6,1201,0,0,0,0
Alejandro Tabilo,7,1202,45,0,0,0
Alejandro Tabilo,8,1203,20,0,0,0
Alejandro Tabilo,9,1204,45,0,0,0
Alejandro Tabilo,10,1206,0,0,45,0
Alejandro Tabilo,12,1208,0,0,45,0
Alejandro Tabilo,14,1209,45,0,0,0
Alejandro Tabilo,14,1210,90,0,0,0
Alejandro Tabilo,16,1211,0,0,0,0
Alejandro Tabilo,17,1213,0,0,0,0
Alejandro Tabilo,19,1215,0,0,0,0
Alejandro Tabilo,20,1216,0,0,0,0
Alejandro Tabilo,21,1217,45,0,0,0
Alejandro Tabilo,24,1219,0,0,0,0
Alejandro Tabilo,25,1220,0,0,0,0
Alejandro Tabilo,26,1221,0,0,0,0
Alejandro Tabilo,25,1221,0,0,0,0
Alejandro Tabilo,27,1222,0,0,0,0
Alejandro Tabilo,29,1224,0,0,0,0
Alejandro Tabilo,30,1225,0,0,0,0
Alejandro Tabilo,29,1225,0,0,0,0
Alejandro Tabilo,30,1226,0,0,0,0
Alejandro Tabilo,32,1228,0,0,10,0
Alejandro Tabilo,33,1229,0,0,0,0
Alejandro Tabilo,34,1230,0,0,10,0
Alejandro Tabilo,38,1234,0,0,500,0
Alejandro Tabilo,39,1235,0,0,20,0
Aleksandar Kovacevic,52,1196,0,0,0,0
Aleksandar Kovacevic,1,1196,0,0,0,0
Aleksandar Kovacevic,2,1197,0,0,0,0
Aleksandar Kovacevic,2,1198,0,0,0,0
Aleksandar Kovacevic,5,1200,0,0,300,0
Aleksandar Kovacevic,6,1201,0,0,20,0
Aleksandar Kovacevic,7,1202,0,0,0,0
Aleksandar Kovacevic,8,1203,0,0,0,0
Aleksandar Kovacevic,9,1204,0,0,0,0
Aleksandar Kovacevic,10,1206,0,0,10,0
Aleksandar Kovacevic,12,1208,0,0,10,0
Aleksandar Kovacevic,14,1209,90,0,0,0
Aleksandar Kovacevic,14,1210,0,0,0,0
Aleksandar Kovacevic,16,1211,0,0,0,0
Aleksandar Kovacevic,17,1213,10,0,0,0
Aleksandar Kovacevic,19,1215,10,0,0,0
Aleksandar Kovacevic,20,1216,20,0,0,0
Aleksandar Kovacevic,21,1217,10,0,0,0
Aleksandar Kovacevic,24,1219,0,20,0,0
Aleksandar Kovacevic,25,1220,0,0,0,0
Aleksandar Kovacevic,26,1221,0,0,0,0
Aleksandar Kovacevic,25,1221,0,0,0,0
Aleksandar Kovacevic,27,1222,0,10,0,0
Aleksandar Kovacevic,29,1224,0,0,300,0
Aleksandar Kovacevic,30,1225,0,0,20,0
Aleksandar Kovacevic,29,1225,0,0,0,0
Aleksandar Kovacevic,30,1226,0,0,10,0
Aleksandar Kovacevic,32,1228,0,0,10,0
Aleksandar Kovacevic,33,1229,0,0,20,0
Aleksandar Kovacevic,34,1230,0,0,10,0
Aleksandar Kovacevic,38,1234,0,0,20,0
Aleksandar Kovacevic,39,1235,0,0,0,0
Aleksandar Vukic,52,1196,0,0,45,0
Aleksandar Vukic,1,1196,0,0,0,0
Aleksandar Vukic,2,1197,0,0,20,0
Aleksandar Vukic,2,1198,0,0,90,0
Aleksandar Vukic,5,1200,0,0,0,0
Aleksandar Vukic,6,1201,0,0,20,0
Aleksandar Vukic,7,1202,0,0,20,0
Aleksandar Vukic,8,1203,0,0,0,0
Aleksandar Vukic,9,1204,0,0,20,0
Aleksandar Vukic,10,1206,0,0,10,0
Aleksandar Vukic,12,1208,0,0,10,0
Aleksandar Vukic,14,1209,20,0,0,0
Aleksandar Vukic,14,1210,0,0,0,0
Aleksandar Vukic,16,1211,0,0,0,0
Aleksandar Vukic,17,1213,10,0,0,0
Aleksandar Vukic,19,1215,25,0,0,0
Aleksandar Vukic,20,1216,0,0,0,0
Aleksandar Vukic,21,1217,10,0,0,0
Aleksandar Vukic,24,1219,0,20,0,0
Aleksandar Vukic,25,1220,0,20,0,0
Aleksandar Vukic,26,1221,0,20,0,0
Aleksandar Vukic,25,1221,0,0,0,0
Aleksandar Vukic,27,1222,0,45,0,0
Aleksandar Vukic,29,1224,0,0,20,0
Aleksandar Vukic,30,1225,0,0,20,0
Aleksandar Vukic,29,1225,0,0,0,0
Aleksandar Vukic,30,1226,0,0,45,0
Aleksandar Vukic,32,1228,0,0,10,0
Aleksandar Vukic,33,1229,0,0,0,0
Aleksandar Vukic,34,1230,0,0,10,0
Aleksandar Vukic,38,1234,0,0,45,0
Aleksandar Vukic,39,1235,0,0,90,0
Alex Bolt,52,1196,0,0,0,0
Alex Bolt,1,1196,0,0,0,0
Alex Bolt,2,1197,0,0,0,0
Alex Bolt,2,1198,0,0,0,0
Alex Bolt,5,1200,0,0,0,0
Alex Bolt,6,1201,0,0,0,0
Alex Bolt,7,1202,0,0,0,0
Alex Bolt,8,1203,0,0,0,0
Alex Bolt,9,1204,0,0,0,0
Alex Bolt,10,1206,0,0,0,0
Alex Bolt,12,1208,0,0,0,0
Alex Bolt,14,1209,0,0,0,0
Alex Bolt,14,1210,0,0,0,0
Alex Bolt,16,1211,0,0,0,0
Alex Bolt,17,1213,0,0,0,0
Alex Bolt,19,1215,0,0,0,0
Alex Bolt,20,1216,0,0,0,0
Alex Bolt,21,1217,0,0,0,0
Alex Bolt,24,1219,0,0,0,0
Alex Bolt,25,1220,0,20,0,0
Alex Bolt,26,1221,0,0,0,0
Alex Bolt,25,1221,0,0,0,0
Alex Bolt,27,1222,0,10,0,0
Alex Bolt,29,1224,0,0,0,0
Alex Bolt,30,1225,0,0,0,0
Alex Bolt,29,1225,0,0,0,0
Alex Bolt,30,1226,0,0,0,0
Alex Bolt,32,1228,0,0,0,0
Alex Bolt,33,1229,0,0,0,0
Alex Bolt,34,1230,0,0,0,0
Alex Bolt,38,1234,0,0,0,0
Alex Bolt,39,1235,0,0,0,0
Alex Hernandez,52,1196,0,0,0,0
Alex Hernandez,1,1196,0,0,0,0
Alex Hernandez,2,1197,0,0,0,0
Alex Hernandez,2,1198,0,0,0,0
Alex Hernandez,5,1200,0,0,0,0
Alex Hernandez,6,1201,0,0,0,0
Alex Hernandez,7,1202,0,0,0,0
Alex Hernandez,8,1203,0,0,0,0
Alex Hernandez,9,1204,0,0,0,0
Alex Hernandez,10,1206,0,0,0,0
Alex Hernandez,12,1208,0,0,0,0
Alex Hernandez,14,1209,0,0,0,0
Alex Hernandez,14,1210,0,0,0,0
Alex Hernandez,16,1211,0,0,0,0
Alex Hernandez,17,1213,0,0,0,0
Alex Hernandez,19,1215,0,0,0,0
Alex Hernandez,20,1216,0,0,0,0
Alex Hernandez,21,1217,0,0,0,0
Alex Hernandez,24,1219,0,0,0,0
Alex Hernandez,25,1220,0,0,0,0
Alex Hernandez,26,1221,0,0,0,0
Alex Hernandez,25,1221,0,0,0,0
Alex Hernandez,27,1222,0,0,0,0
Alex Hernandez,29,1224,0,0,45,0
Alex Hernandez,30,1225,0,0,0,0
Alex Hernandez,29,1225,0,0,0,0
Alex Hernandez,30,1226,0,0,0,0
Alex Hernandez,32,1228,0,0,0,0
Alex Hernandez,33,1229,0,0,0,0
Alex Hernandez,34,1230,0,0,0,0
Alex Hernandez,38,1234,0,0,0,0
Alex Hernandez,39,1235,0,0,0,0
Alex Michelsen,52,1196,0,0,45,0
Alex Michelsen,1,1196,0,0,0,0
Alex Michelsen,2,1197,0,0,90,0
Alex Michelsen,2,1198,0,0,180,0
Alex Michelsen,5,1200,0,0,0,0
Alex Michelsen,6,1201,0,0,20,0
Alex Michelsen,7,1202,0,0,180,0
Alex Michelsen,8,1203,0,0,0,0
Alex Michelsen,9,1204,0,0,45,0
Alex Michelsen,10,1206,0,0,45,0
Alex Michelsen,12,1208,0,0,25,0
Alex Michelsen,14,1209,90,0,0,0
Alex Michelsen,14,1210,0,0,0,0
Alex Michelsen,16,1211,0,0,0,0
Alex Michelsen,17,1213,10,0,0,0
Alex Michelsen,19,1215,25,0,0,0
Alex Michelsen,20,1216,20,0,0,0
Alex Michelsen,21,1217,10,0,0,0
Alex Michelsen,24,1219,0,45,0,0
Alex Michelsen,25,1220,0,90,0,0
Alex Michelsen,26,1221,0,0,0,0
Alex Michelsen,25,1221,0,180,0,0
Alex Michelsen,27,1222,0,10,0,0
Alex Michelsen,29,1224,0,0,0,0
Alex Michelsen,30,1225,0,0,20,0
Alex Michelsen,29,1225,0,0,0,0
Alex Michelsen,30,1226,0,0,180,0
Alex Michelsen,32,1228,0,0,45,0
Alex Michelsen,33,1229,0,0,0,0
Alex Michelsen,34,1230,0,0,10,0
Alex Michelsen,38,1234,0,0,0,0
Alex Michelsen,39,1235,0,0,20,0
Alex de Minaur,52,1196,0,0,0,0
Alex de Minaur,1,1196,0,0,0,0
Alex de Minaur,2,1197,0,0,0,0
Alex de Minaur,2,1198,0,0,360,0
Alex de Minaur,5,1200,0,0,0,0
Alex de Minaur,6,1201,0,0,300,0
Alex de Minaur,7,1202,0,0,0,0
Alex de Minaur,8,1203,0,0,90,0
Alex de Minaur,9,1204,0,0,20,0
Alex de Minaur,10,1206,0,0,90,0
Alex de Minaur,12,1208,0,0,135,0
Alex de Minaur,14,1209,0,0,0,0
Alex de Minaur,14,1210,360,0,0,0
Alex de Minaur,16,1211,90,0,0,0
Alex de Minaur,17,1213,90,0,0,0
Alex de Minaur,19,1215,90,0,0,0
Alex de Minaur,20,1216,0,0,0,0
Alex de Minaur,21,1217,45,0,0,0
Alex de Minaur,24,1219,0,0,0,0
Alex de Minaur,25,1220,0,20,0,0
Alex de Minaur,26,1221,0,0,0,0
Alex de Minaur,25,1221,0,0,0,0
Alex de Minaur,27,1222,0,180,0,0
Alex de Minaur,29,1224,0,0,0,0
Alex de Minaur,30,1225,0,0,500,0
Alex de Minaur,29,1225,0,0,0,0
Alex de Minaur,30,1226,0,0,180,0
Alex de Minaur,32,1228,0,0,25,0
Alex de Minaur,33,1229,0,0,0,0
Alex de Minaur,34,1230,0,0,360,0
Alex de Minaur,38,1234,0,0,0,0
Alex de Minaur,39,1235,0,0,180,0
Alexander Blockx,52,1196,0,0,0,0
Alexander Blockx,1,1196,0,0,0,0
Alexander Blockx,2,1197,0,0,0,0
Alexander Blockx,2,1198,0,0,0,0
Alexander Blockx,5,1200,0,0,0,0
Alexander Blockx,6,1201,0,0,0,0
Alexander Blockx,7,1202,0,0,0,0
Alexander Blockx,8,1203,0,0,0,0
Alexander Blockx,9,1204,0,0,0,0
Alexander Blockx,10,1206,0,0,0,0
Alexander Blockx,12,1208,0,0,10,0
Alexander Blockx,14,1209,0,0,0,0
Alexander Blockx,14,1210,0,0,0,0
Alexander Blockx,16,1211,0,0,0,0
Alexander Blockx,17,1213,0,0,0,0
Alexander Blockx,19,1215,0,0,0,0
Alexander Blockx,20,1216,0,0,0,0
Alexander Blockx,21,1217,0,0,0,0
Alexander Blockx,24,1219,0,20,0,0
Alexander Blockx,25,1220,0,0,0,0
Alexander Blockx,26,1221,0,0,0,0
Alexander Blockx,25,1221,0,0,0,0
Alexander Blockx,27,1222,0,0,0,0
Alexander Blockx,29,1224,0,0,0,0
Alexander Blockx,30,1225,0,0,0,0
Alexander Blockx,29,1225,0,0,0,0
Alexander Blockx,30,1226,0,0,10,0
Alexander Blockx,32,1228,0,0,25,0
Alexander Blockx,33,1229,0,0,0,0
Alexander Blockx,34,1230,0,0,0,0
Alexander Blockx,38,1234,0,0,0,0
Alexander Blockx,39,1235,0,0,0,0
Alexander Bublik,52,1196,0,0,0,0
Alexander Bublik,1,1196,0,0,0,0
Alexander Bublik,2,1197,0,0,20,0
Alexander Bublik,2,1198,0,0,10,0
Alexander Bublik,5,1200,0,0,90,0
Alexander Bublik,6,1201,0,0,20,0
Alexander Bublik,7,1202,0,0,45,0
Alexander Bublik,8,1203,0,0,20,0
Alexander Bublik,9,1204,0,0,20,0
Alexander Bublik,10,1206,0,0,10,0
Alexander Bublik,12,1208,0,0,25,0
Alexander Bublik,14,1209,0,0,0,0
Alexander Bublik,14,1210,0,0,0,0
Alexander Bublik,16,1211,20,0,0,0
Alexander Bublik,17,1213,90,0,0,0
Alexander Bublik,19,1215,25,0,0,0
Alexander Bublik,20,1216,20,0,0,0
Alexander Bublik,21,1217,360,0,0,0
Alexander Bublik,24,1219,0,0,0,0
Alexander Bublik,25,1220,0,500,0,0
Alexander Bublik,26,1221,0,0,0,0
Alexander Bublik,25,1221,0,0,0,0
Alexander Bublik,27,1222,0,10,0,0
Alexander Bublik,29,1224,500,0,0,0
Alexander Bublik,30,1225,500,0,0,0
Alexander Bublik,29,1225,0,0,0,0
Alexander Bublik,30,1226,0,0,0,0
Alexander Bublik,32,1228,0,0,0,0
Alexander Bublik,33,1229,0,0,0,0
Alexander Bublik,34,1230,0,0,180,0
Alexander Bublik,38,1234,0,0,500,0
Alexander Bublik,39,1235,0,0,20,0
Alexander Ritschard,52,1196,0,0,0,0
Alexander Ritschard,1,1196,0,0,0,0
Alexander Ritschard,2,1197,0,0,0,0
Alexander Ritschard,2,1198,0,0,0,0
Alexander Ritschard,5,1200,0,0,0,0
Alexander Ritschard,6,1201,0,0,0,0
Alexander Ritschard,7,1202,0,0,0,0
Alexander Ritschard,8,1203,0,0,0,0
Alexander Ritschard,9,1204,0,0,0,0
Alexander Ritschard,10,1206,0,0,0,0
Alexander Ritschard,12,1208,0,0,0,0
Alexander Ritschard,14,1209,20,0,0,0
Alexander Ritschard,14,1210,0,0,0,0
Alexander Ritschard,16,1211,0,0,0,0
Alexander Ritschard,17,1213,0,0,0,0
Alexander Ritschard,19,1215,0,0,0,0
Alexander Ritschard,20,1216,0,0,0,0
Alexander Ritschard,21,1217,0,0,0,0
Alexander Ritschard,24,1219,0,0,0,0
Alexander Ritschard,25,1220,0,0,0,0
Alexander Ritschard,26,1221,0,0,0,0
Alexander Ritschard,25,1221,0,0,0,0
Alexander Ritschard,27,1222,0,0,0,0
Alexander Ritschard,29,1224,0,0,0,0
Alexander Ritschard,30,1225,0,0,0,0
Alexander Ritschard,29,1225,0,0,0,0
Alexander Ritschard,30,1226,0,0,0,0
Alexander Ritschard,32,1228,0,0,0,0
Alexander Ritschard,33,1229,0,0,0,0
Alexander Ritschard,34,1230,0,0,0,0
Alexander Ritschard,38,1234,0,0,0,0
Alexander Ritschard,39,1235,0,0,0,0
Alexander Shevchenko,52,1196,0,0,0,0
Alexander Shevchenko,1,1196,0,0,0,0
Alexander Shevchenko,2,1197,0,0,0,0
Alexander Shevchenko,2,1198,0,0,10,0
Alexander Shevchenko,5,1200,0,0,0,0
Alexander Shevchenko,6,1201,0,0,20,0
Alexander Shevchenko,7,1202,0,0,20,0
Alexander Shevchenko,8,1203,45,0,0,0
Alexander Shevchenko,9,1204,20,0,0,0
Alexander Shevchenko,10,1206,0,0,10,0
Alexander Shevchenko,12,1208,0,0,0,0
Alexander Shevchenko,14,1209,20,0,0,0
Alexander Shevchenko,14,1210,0,0,0,0
Alexander Shevchenko,16,1211,45,0,0,0
Alexander Shevchenko,17,1213,0,0,0,0
Alexander Shevchenko,19,1215,10,0,0,0
Alexander Shevchenko,20,1216,0,0,0,0
Alexander Shevchenko,21,1217,45,0,0,0
Alexander Shevchenko,24,1219,0,0,0,0
Alexander Shevchenko,25,1220,0,0,0,0
Alexander Shevchenko,26,1221,0,0,0,0
Alexander Shevchenko,25,1221,0,0,0,0
Alexander Shevchenko,27,1222,0,10,0,0
Alexander Shevchenko,29,1224,45,0,0,0
Alexander Shevchenko,30,1225,90,0,0,0
Alexander Shevchenko,29,1225,0,0,0,0
Alexander Shevchenko,30,1226,0,0,0,0
Alexander Shevchenko,32,1228,0,0,0,0
Alexander Shevchenko,33,1229,0,0,0,0
Alexander Shevchenko,34,1230,0,0,10,0
Alexander Shevchenko,38,1234,0,0,180,0
Alexander Shevchenko,39,1235,0,0,0,0
Alexander Zverev,52,1196,0,0,0,0
Alexander Zverev,1,1196,0,0,0,0
Alexander Zverev,2,1197,0,0,0,0
Alexander Zverev,2,1198,0,0,1200,0
Alexander Zverev,5,1200,0,0,0,0
Alexander Zverev,6,1201,0,0,0,0
Alexander Zverev,7,1202,90,0,0,0
Alexander Zverev,8,1203,90,0,0,0
Alexander Zverev,9,1204,0,0,45,0
Alexander Zverev,10,1206,0,0,25,0
Alexander Zverev,12,1208,0,0,90,0
Alexander Zverev,14,1209,0,0,0,0
Alexander Zverev,14,1210,45,0,0,0
Alexander Zverev,16,1211,500,0,0,0
Alexander Zverev,17,1213,90,0,0,0
Alexander Zverev,19,1215,180,0,0,0
Alexander Zverev,20,1216,45,0,0,0
Alexander Zverev,21,1217,360,0,0,0
Alexander Zverev,24,1219,0,300,0,0
Alexander Zverev,25,1220,0,180,0,0
Alexander Zverev,26,1221,0,0,0,0
Alexander Zverev,25,1221,0,0,0,0
Alexander Zverev,27,1222,0,10,0,0
Alexander Zverev,29,1224,0,0,0,0
Alexander Zverev,30,1225,0,0,0,0
Alexander Zverev,29,1225,0,0,0,0
Alexander Zverev,30,1226,0,0,360,0
Alexander Zverev,32,1228,0,0,360,0
Alexander Zverev,33,1229,0,0,0,0
Alexander Zverev,34,1230,0,0,90,0
Alexander Zverev,38,1234,0,0,0,0
Alexander Zverev,39,1235,0,0,90,0
Alexandre Muller,52,1196,0,0,0,0
Alexandre Muller,1,1196,0,0,500,0
Alexandre Muller,2,1197,0,0,0,0
Alexandre Muller,2,1198,0,0,10,0
Alexandre Muller,5,1200,0,0,0,0
Alexandre Muller,6,1201,0,0,0,0
Alexandre Muller,7,1202,20,0,0,0
Alexandre Muller,8,1203,300,0,0,0
Alexandre Muller,9,1204,0,0,20,0
Alexandre Muller,10,1206,0,0,10,0
Alexandre Muller,12,1208,0,0,25,0
Alexandre Muller,14,1209,90,0,0,0
Alexandre Muller,14,1210,45,0,0,0
Alexandre Muller,16,1211,20,0,0,0
Alexandre Muller,17,1213,45,0,0,0
Alexandre Muller,19,1215,25,0,0,0
Alexandre Muller,20,1216,90,0,0,0
Alexandre Muller,21,1217,10,0,0,0
Alexandre Muller,24,1219,0,0,0,0
Alexandre Muller,25,1220,0,20,0,0
Alexandre Muller,26,1221,0,0,0,0
Alexandre Muller,25,1221,0,20,0,0
Alexandre Muller,27,1222,0,10,0,0
Alexandre Muller,29,1224,0,0,0,0
Alexandre Muller,30,1225,0,0,20,0
Alexandre Muller,29,1225,0,0,0,0
Alexandre Muller,30,1226,0,0,45,0
Alexandre Muller,32,1228,0,0,10,0
Alexandre Muller,33,1229,0,0,45,0
Alexandre Muller,34,1230,0,0,10,0
Alexandre Muller,38,1234,0,0,0,0
Alexandre Muller,39,1235,0,0,45,0
Alexei Popyrin,52,1196,0,0,20,0
Alexei Popyrin,1,1196,0,0,0,0
Alexei Popyrin,2,1197,0,0,0,0
Alexei Popyrin,2,1198,0,0,10,0
Alexei Popyrin,5,1200,0,0,0,0
Alexei Popyrin,6,1201,0,0,20,0
Alexei Popyrin,7,1202,0,0,0,0
Alexei Popyrin,8,1203,0,0,20,0
Alexei Popyrin,9,1204,0,0,45,0
Alexei Popyrin,10,1206,0,0,45,0
Alexei Popyrin,12,1208,0,0,25,0
Alexei Popyrin,14,1209,0,0,0,0
Alexei Popyrin,14,1210,180,0,0,0
Alexei Popyrin,16,1211,0,0,0,0
Alexei Popyrin,17,1213,25,0,0,0
Alexei Popyrin,19,1215,45,0,0,0
Alexei Popyrin,20,1216,90,0,0,0
Alexei Popyrin,21,1217,180,0,0,0
Alexei Popyrin,24,1219,0,45,0,0
Alexei Popyrin,25,1220,0,45,0,0
Alexei Popyrin,26,1221,0,0,0,0
Alexei Popyrin,25,1221,0,0,0,0
Alexei Popyrin,27,1222,0,10,0,0
Alexei Popyrin,29,1224,0,0,0,0
Alexei Popyrin,30,1225,0,0,20,0
Alexei Popyrin,29,1225,0,0,0,0
Alexei Popyrin,30,1226,0,0,180,0
Alexei Popyrin,32,1228,0,0,45,0
Alexei Popyrin,33,1229,0,0,0,0
Alexei Popyrin,34,1230,0,0,45,0
Alexei Popyrin,38,1234,0,0,0,0
Alexei Popyrin,39,1235,0,0,0,0
Alexis Galarneau,52,1196,0,0,0,0
Alexis Galarneau,1,1196,0,0,0,0
Alexis Galarneau,2,1197,0,0,0,0
Alexis Galarneau,2,1198,0,0,0,0
Alexis Galarneau,5,1200,0,0,0,0
Alexis Galarneau,6,1201,0,0,0,0
Alexis Galarneau,7,1202,0,0,0,0
Alexis Galarneau,8,1203,0,0,0,0
Alexis Galarneau,9,1204,0,0,0,0
Alexis Galarneau,10,1206,0,0,0,0
Alexis Galarneau,12,1208,0,0,0,0
Alexis Galarneau,14,1209,0,0,0,0
Alexis Galarneau,14,1210,0,0,0,0
Alexis Galarneau,16,1211,0,0,0,0
Alexis Galarneau,17,1213,0,0,0,0
Alexis Galarneau,19,1215,0,0,0,0
Alexis Galarneau,20,1216,0,0,0,0
Alexis Galarneau,21,1217,0,0,0,0
Alexis Galarneau,24,1219,0,0,0,0
Alexis Galarneau,25,1220,0,0,0,0
Alexis Galarneau,26,1221,0,0,0,0
Alexis Galarneau,25,1221,0,0,0,0
Alexis Galarneau,27,1222,0,0,0,0
Alexis Galarneau,29,1224,0,0,0,0
Alexis Galarneau,30,1225,0,0,0,0
Alexis Galarneau,29,1225,0,0,0,0
Alexis Galarneau,30,1226,0,0,25,0
Alexis Galarneau,32,1228,0,0,0,0
Alexis Galarneau,33,1229,0,0,0,0
Alexis Galarneau,34,1230,0,0,0,0
Alexis Galarneau,38,1234,0,0,0,0
Alexis Galarneau,39,1235,0,0,0,0
Alibek Kachmazov,52,1196,0,0,0,0
Alibek Kachmazov,1,1196,0,0,0,0
Alibek Kachmazov,2,1197,0,0,0,0
Alibek Kachmazov,2,1198,0,0,0,0
Alibek Kachmazov,5,1200,0,0,20,0
Alibek Kachmazov,6,1201,0,0,0,0
Alibek Kachmazov,7,1202,0,0,0,0
Alibek Kachmazov,8,1203,0,0,0,0
Alibek Kachmazov,9,1204,0,0,0,0
Alibek Kachmazov,10,1206,0,0,0,0
Alibek Kachmazov,12,1208,0,0,0,0
Alibek Kachmazov,14,1209,0,0,0,0
Alibek Kachmazov,14,1210,0,0,0,0
Alibek Kachmazov,16,1211,0,0,0,0
Alibek Kachmazov,17,1213,0,0,0,0
Alibek Kachmazov,19,1215,0,0,0,0
Alibek Kachmazov,20,1216,0,0,0,0
Alibek Kachmazov,21,1217,0,0,0,0
Alibek Kachmazov,24,1219,0,0,0,0
Alibek Kachmazov,25,1220,0,0,0,0
Alibek Kachmazov,26,1221,0,0,0,0
Alibek Kachmazov,25,1221,0,0,0,0
Alibek Kachmazov,27,1222,0,0,0,0
Alibek Kachmazov,29,1224,0,0,20,0
Alibek Kachmazov,30,1225,0,0,0,0
Alibek Kachmazov,29,1225,0,0,0,0
Alibek Kachmazov,30,1226,0,0,0,0
Alibek Kachmazov,32,1228,0,0,0,0
Alibek Kachmazov,33,1229,0,0,0,0
Alibek Kachmazov,34,1230,0,0,0,0
Alibek Kachmazov,38,1234,0,0,0,0
Alibek Kachmazov,39,1235,0,0,0,0
Alvaro Guillen Meza,52,1196,0,0,0,0
Alvaro Guillen Meza,1,1196,0,0,0,0
Alvaro Guillen Meza,2,1197,0,0,0,0
Alvaro Guillen Meza,2,1198,0,0,0,0
Alvaro Guillen Meza,5,1200,0,0,0,0
Alvaro Guillen Meza,6,1201,0,0,0,0
Alvaro Guillen Meza,7,1202,0,0,0,0
Alvaro Guillen Meza,8,1203,0,0,0,0
Alvaro Guillen Meza,9,1204,0,0,0,0
Alvaro Guillen Meza,10,1206,0,0,0,0
Alvaro Guillen Meza,12,1208,0,0,0,0
Alvaro Guillen Meza,14,1209,0,0,0,0
Alvaro Guillen Meza,14,1210,0,0,0,0
Alvaro Guillen Meza,16,1211,0,0,0,0
Alvaro Guillen Meza,17,1213,0,0,0,0
Alvaro Guillen Meza,19,1215,0,0,0,0
Alvaro Guillen Meza,20,1216,0,0,0,0
Alvaro Guillen Meza,21,1217,0,0,0,0
Alvaro Guillen Meza,24,1219,0,0,0,0
Alvaro Guillen Meza,25,1220,0,0,0,0
Alvaro Guillen Meza,26,1221,0,0,0,0
Alvaro Guillen Meza,25,1221,0,0,0,0
Alvaro Guillen Meza,27,1222,0,0,0,0
Alvaro Guillen Meza,29,1224,0,0,0,0
Alvaro Guillen Meza,30,1225,0,0,0,0
Alvaro Guillen Meza,29,1225,20,0,0,0
Alvaro Guillen Meza,30,1226,0,0,0,0
Alvaro Guillen Meza,32,1228,0,0,0,0
Alvaro Guillen Meza,33,1229,0,0,0,0
Alvaro Guillen Meza,34,1230,0,0,0,0
Alvaro Guillen Meza,38,1234,0,0,0,0
Alvaro Guillen Meza,39,1235,0,0,0,0
Andrea Pellegrino,52,1196,0,0,0,0
Andrea Pellegrino,1,1196,0,0,0,0
Andrea Pellegrino,2,1197,0,0,0,0
Andrea Pellegrino,2,1198,0,0,0,0
Andrea Pellegrino,5,1200,0,0,0,0
Andrea Pellegrino,6,1201,0,0,0,0
Andrea Pellegrino,7,1202,0,0,0,0
Andrea Pellegrino,8,1203,0,0,0,0
Andrea Pellegrino,9,1204,0,0,0,0
Andrea Pellegrino,10,1206,0,0,0,0
Andrea Pellegrino,12,1208,0,0,0,0
Andrea Pellegrino,14,1209,0,0,0,0
Andrea Pellegrino,14,1210,0,0,0,0
Andrea Pellegrino,16,1211,0,0,0,0
Andrea Pellegrino,17,1213,0,0,0,0
Andrea Pellegrino,19,1215,0,0,0,0
Andrea Pellegrino,20,1216,0,0,0,0
Andrea Pellegrino,21,1217,0,0,0,0
Andrea Pellegrino,24,1219,0,0,0,0
Andrea Pellegrino,25,1220,0,0,0,0
Andrea Pellegrino,26,1221,0,0,0,0
Andrea Pellegrino,25,1221,0,0,0,0
Andrea Pellegrino,27,1222,0,0,0,0
Andrea Pellegrino,29,1224,45,0,0,0
Andrea Pellegrino,30,1225,0,0,0,0
Andrea Pellegrino,29,1225,0,0,0,0
Andrea Pellegrino,30,1226,0,0,0,0
Andrea Pellegrino,32,1228,0,0,0,0
Andrea Pellegrino,33,1229,0,0,0,0
Andrea Pellegrino,34,1230,0,0,0,0
Andrea Pellegrino,38,1234,0,0,0,0
Andrea Pellegrino,39,1235,0,0,0,0
Andrea Vavassori,52,1196,0,0,0,0
Andrea Vavassori,1,1196,0,0,0,0
Andrea Vavassori,2,1197,0,0,0,0
Andrea Vavassori,2,1198,0,0,0,0
Andrea Vavassori,5,1200,0,0,0,0
Andrea Vavassori,6,1201,0,0,45,0
Andrea Vavassori,7,1202,0,0,0,0
Andrea Vavassori,8,1203,0,0,0,0
Andrea Vavassori,9,1204,0,0,0,0
Andrea Vavassori,10,1206,0,0,0,0
Andrea Vavassori,12,1208,0,0,0,0
Andrea Vavassori,14,1209,0,0,0,0
Andrea Vavassori,14,1210,0,0,0,0
Andrea Vavassori,16,1211,0,0,0,0
Andrea Vavassori,17,1213,0,0,0,0
Andrea Vavassori,19,1215,0,0,0,0
Andrea Vavassori,20,1216,0,0,0,0
Andrea Vavassori,21,1217,0,0,0,0
Andrea Vavassori,24,1219,0,0,0,0
Andrea Vavassori,25,1220,0,0,0,0
Andrea Vavassori,26,1221,0,0,0,0
Andrea Vavassori,25,1221,0,0,0,0
Andrea Vavassori,27,1222,0,0,0,0
Andrea Vavassori,29,1224,0,0,0,0
Andrea Vavassori,30,1225,0,0,0,0
Andrea Vavassori,29,1225,0,0,0,0
Andrea Vavassori,30,1226,0,0,0,0
Andrea Vavassori,32,1228,0,0,0,0
Andrea Vavassori,33,1229,0,0,0,0
Andrea Vavassori,34,1230,0,0,0,0
Andrea Vavassori,38,1234,0,0,0,0
Andrea Vavassori,39,1235,0,0,0,0
Andrey Rublev,52,1196,0,0,0,0
Andrey Rublev,1,1196,0,0,45,0
Andrey Rublev,2,1197,0,0,0,0
Andrey Rublev,2,1198,0,0,10,0
Andrey Rublev,5,1200,0,0,180,0
Andrey Rublev,6,1201,0,0,90,0
Andrey Rublev,7,1202,0,0,0,0
Andrey Rublev,8,1203,0,0,500,0
Andrey Rublev,9,1204,0,0,20,0
Andrey Rublev,10,1206,0,0,25,0
Andrey Rublev,12,1208,0,0,25,0
Andrey Rublev,14,1209,0,0,0,0
Andrey Rublev,14,1210,90,0,0,0
Andrey Rublev,16,1211,45,0,0,0
Andrey Rublev,17,1213,45,0,0,0
Andrey Rublev,19,1215,25,0,0,0
Andrey Rublev,20,1216,300,0,0,0
Andrey Rublev,21,1217,180,0,0,0
Andrey Rublev,24,1219,0,0,0,0
Andrey Rublev,25,1220,0,45,0,0
Andrey Rublev,26,1221,0,0,0,0
Andrey Rublev,25,1221,0,0,0,0
Andrey Rublev,27,1222,0,180,0,0
Andrey Rublev,29,1224,0,0,180,0
Andrey Rublev,30,1225,0,0,20,0
Andrey Rublev,29,1225,0,0,0,0
Andrey Rublev,30,1226,0,0,180,0
Andrey Rublev,32,1228,0,0,180,0
Andrey Rublev,33,1229,0,0,0,0
Andrey Rublev,34,1230,0,0,180,0
Andrey Rublev,38,1234,0,0,45,0
Andrey Rublev,39,1235,0,0,20,0
Arthur Cazaux,52,1196,0,0,20,0
Arthur Cazaux,1,1196,0,0,0,0
Arthur Cazaux,2,1197,0,0,45,0
Arthur Cazaux,2,1198,0,0,45,0
Arthur Cazaux,5,1200,0,0,45,0
Arthur Cazaux,6,1201,0,0,0,0
Arthur Cazaux,7,1202,0,0,0,0
Arthur Cazaux,8,1203,0,0,0,0
Arthur Cazaux,9,1204,0,0,0,0
Arthur Cazaux,10,1206,0,0,0,0
Arthur Cazaux,12,1208,0,0,0,0
Arthur Cazaux,14,1209,0,0,0,0
Arthur Cazaux,14,1210,0,0,0,0
Arthur Cazaux,16,1211,0,0,0,0
Arthur Cazaux,17,1213,0,0,0,0
Arthur Cazaux,19,1215,0,0,0,0
Arthur Cazaux,20,1216,20,0,0,0
Arthur Cazaux,21,1217,10,0,0,0
Arthur Cazaux,24,1219,0,0,0,0
Arthur Cazaux,25,1220,0,0,0,0
Arthur Cazaux,26,1221,0,0,0,0
Arthur Cazaux,25,1221,0,0,0,0
Arthur Cazaux,27,1222,0,45,0,0
Arthur Cazaux,29,1224,180,0,0,0
Arthur Cazaux,30,1225,300,0,0,0
Arthur Cazaux,29,1225,0,0,0,0
Arthur Cazaux,30,1226,0,0,0,0
Arthur Cazaux,32,1228,0,0,25,0
Arthur Cazaux,33,1229,0,0,0,0
Arthur Cazaux,34,1230,0,0,0,0
Arthur Cazaux,38,1234,0,0,45,0
Arthur Cazaux,39,1235,0,0,45,0
Arthur Fery,52,1196,0,0,0,0
Arthur Fery,1,1196,0,0,0,0
Arthur Fery,2,1197,0,0,0,0
Arthur Fery,2,1198,0,0,0,0
Arthur Fery,5,1200,0,0,0,0
Arthur Fery,6,1201,0,0,0,0
Arthur Fery,7,1202,0,0,0,0
Arthur Fery,8,1203,0,0,0,0
Arthur Fery,9,1204,0,0,0,0
Arthur Fery,10,1206,0,0,0,0
Arthur Fery,12,1208,0,0,0,0
Arthur Fery,14,1209,0,0,0,0
Arthur Fery,14,1210,0,0,0,0
Arthur Fery,16,1211,0,0,0,0
Arthur Fery,17,1213,0,0,0,0
Arthur Fery,19,1215,0,0,0,0
Arthur Fery,20,1216,0,0,0,0
Arthur Fery,21,1217,0,0,0,0
Arthur Fery,24,1219,0,0,0,0
Arthur Fery,25,1220,0,0,0,0
Arthur Fery,26,1221,0,0,0,0
Arthur Fery,25,1221,0,0,0,0
Arthur Fery,27,1222,0,45,0,0
Arthur Fery,29,1224,0,0,0,0
Arthur Fery,30,1225,0,0,0,0
Arthur Fery,29,1225,0,0,0,0
Arthur Fery,30,1226,0,0,0,0
Arthur Fery,32,1228,0,0,0,0
Arthur Fery,33,1229,0,0,0,0
Arthur Fery,34,1230,0,0,0,0
Arthur Fery,38,1234,0,0,0,0
Arthur Fery,39,1235,0,0,0,0
Arthur Fils,52,1196,0,0,0,0
Arthur Fils,1,1196,0,0,90,0
Arthur Fils,2,1197,0,0,0,0
Arthur Fils,2,1198,0,0,90,0
Arthur Fils,5,1200,0,0,0,0
Arthur Fils,6,1201,0,0,45,0
Arthur Fils,7,1202,0,0,0,0
Arthur Fils,8,1203,0,0,0,0
Arthur Fils,9,1204,0,0,20,0
Arthur Fils,10,1206,0,0,180,0
Arthur Fils,12,1208,0,0,180,0
Arthur Fils,14,1209,0,0,0,0
Arthur Fils,14,1210,180,0,0,0
Arthur Fils,16,1211,180,0,0,0
Arthur Fils,17,1213,25,0,0,0
Arthur Fils,19,1215,90,0,0,0
Arthur Fils,20,1216,0,0,0,0
Arthur Fils,21,1217,90,0,0,0
Arthur Fils,24,1219,0,0,0,0
Arthur Fils,25,1220,0,0,0,0
Arthur Fils,26,1221,0,0,0,0
Arthur Fils,25,1221,0,0,0,0
Arthur Fils,27,1222,0,0,0,0
Arthur Fils,29,1224,0,0,0,0
Arthur Fils,30,1225,0,0,0,0
Arthur Fils,29,1225,0,0,0,0
Arthur Fils,30,1226,0,0,45,0
Arthur Fils,32,1228,0,0,0,0
Arthur Fils,33,1229,0,0,0,0
Arthur Fils,34,1230,0,0,0,0
Arthur Fils,38,1234,0,0,0,0
Arthur Fils,39,1235,0,0,0,0
Arthur Gea,52,1196,0,0,0,0
Arthur Gea,1,1196,0,0,0,0
Arthur Gea,2,1197,0,0,0,0
Arthur Gea,2,1198,0,0,0,0
Arthur Gea,5,1200,0,0,0,0
Arthur Gea,6,1201,0,0,0,0
Arthur Gea,7,1202,0,0,20,0
Arthur Gea,8,1203,0,0,0,0
Arthur Gea,9,1204,0,0,0,0
Arthur Gea,10,1206,0,0,0,0
Arthur Gea,12,1208,0,0,0,0
Arthur Gea,14,1209,0,0,0,0
Arthur Gea,14,1210,0,0,0,0
Arthur Gea,16,1211,0,0,0,0
Arthur Gea,17,1213,0,0,0,0
Arthur Gea,19,1215,0,0,0,0
Arthur Gea,20,1216,0,0,0,0
Arthur Gea,21,1217,0,0,0,0
Arthur Gea,24,1219,0,0,0,0
Arthur Gea,25,1220,0,0,0,0
Arthur Gea,26,1221,0,0,0,0
Arthur Gea,25,1221,0,0,0,0
Arthur Gea,27,1222,0,0,0,0
Arthur Gea,29,1224,0,0,0,0
Arthur Gea,30,1225,0,0,0,0
Arthur Gea,29,1225,0,0,0,0
Arthur Gea,30,1226,0,0,0,0
Arthur Gea,32,1228,0,0,0,0
Arthur Gea,33,1229,0,0,0,0
Arthur Gea,34,1230,0,0,0,0
Arthur Gea,38,1234,0,0,0,0
Arthur Gea,39,1235,0,0,0,0
Arthur Rinderknech,52,1196,0,0,20,0
Arthur Rinderknech,1,1196,0,0,0,0
Arthur Rinderknech,2,1197,0,0,20,0
Arthur Rinderknech,2,1198,0,0,10,0
Arthur Rinderknech,5,1200,0,0,45,0
Arthur Rinderknech,6,1201,0,0,20,0
Arthur Rinderknech,7,1202,0,0,45,0
Arthur Rinderknech,8,1203,0,0,0,0
Arthur Rinderknech,9,1204,0,0,20,0
Arthur Rinderknech,10,1206,0,0,10,0
Arthur Rinderknech,12,1208,0,0,10,0
Arthur Rinderknech,14,1209,0,0,0,0
Arthur Rinderknech,14,1210,0,0,0,0
Arthur Rinderknech,16,1211,20,0,0,0
Arthur Rinderknech,17,1213,25,0,0,0
Arthur Rinderknech,19,1215,10,0,0,0
Arthur Rinderknech,20,1216,45,0,0,0
Arthur Rinderknech,21,1217,10,0,0,0
Arthur Rinderknech,24,1219,0,45,0,0
Arthur Rinderknech,25,1220,0,90,0,0
Arthur Rinderknech,26,1221,0,0,0,0
Arthur Rinderknech,25,1221,0,45,0,0
Arthur Rinderknech,27,1222,0,90,0,0
Arthur Rinderknech,29,1224,20,0,0,0
Arthur Rinderknech,30,1225,180,0,0,0
Arthur Rinderknech,29,1225,0,0,0,0
Arthur Rinderknech,30,1226,0,0,10,0
Arthur Rinderknech,32,1228,0,0,45,0
Arthur Rinderknech,33,1229,0,0,0,0
Arthur Rinderknech,34,1230,0,0,180,0
Arthur Rinderknech,38,1234,0,0,0,0
Arthur Rinderknech,39,1235,0,0,45,0
August Holmgren,52,1196,0,0,0,0
August Holmgren,1,1196,0,0,0,0
August Holmgren,2,1197,0,0,0,0
August Holmgren,2,1198,0,0,0,0
August Holmgren,5,1200,0,0,0,0
August Holmgren,6,1201,0,0,0,0
August Holmgren,7,1202,0,0,0,0
August Holmgren,8,1203,0,0,0,0
August Holmgren,9,1204,0,0,0,0
August Holmgren,10,1206,0,0,0,0
August Holmgren,12,1208,0,0,0,0
August Holmgren,14,1209,0,0,0,0
August Holmgren,14,1210,0,0,0,0
August Holmgren,16,1211,0,0,0,0
August Holmgren,17,1213,0,0,0,0
August Holmgren,19,1215,0,0,0,0
August Holmgren,20,1216,0,0,0,0
August Holmgren,21,1217,0,0,0,0
August Holmgren,24,1219,0,0,0,0
August Holmgren,25,1220,0,0,0,0
August Holmgren,26,1221,0,0,0,0
August Holmgren,25,1221,0,0,0,0
August Holmgren,27,1222,0,90,0,0
August Holmgren,29,1224,0,0,0,0
August Holmgren,30,1225,0,0,0,0
August Holmgren,29,1225,0,0,0,0
August Holmgren,30,1226,0,0,0,0
August Holmgren,32,1228,0,0,0,0
August Holmgren,33,1229,0,0,0,0
August Holmgren,34,1230,0,0,0,0
August Holmgren,38,1234,0,0,0,0
August Holmgren,39,1235,0,0,0,0
Aziz Dougaz,52,1196,0,0,0,0
Aziz Dougaz,1,1196,0,0,0,0
Aziz Dougaz,2,1197,0,0,0,0
Aziz Dougaz,2,1198,0,0,10,0
Aziz Dougaz,5,1200,0,0,0,0
Aziz Dougaz,6,1201,0,0,0,0
Aziz Dougaz,7,1202,0,0,0,0
Aziz Dougaz,8,1203,0,0,20,0
Aziz Dougaz,9,1204,0,0,20,0
Aziz Dougaz,10,1206,0,0,0,0
Aziz Dougaz,12,1208,0,0,0,0
Aziz Dougaz,14,1209,0,0,0,0
Aziz Dougaz,14,1210,0,0,0,0
Aziz Dougaz,16,1211,0,0,0,0
Aziz Dougaz,17,1213,0,0,0,0
Aziz Dougaz,19,1215,0,0,0,0
Aziz Dougaz,20,1216,0,0,0,0
Aziz Dougaz,21,1217,0,0,0,0
Aziz Dougaz,24,1219,0,0,0,0
Aziz Dougaz,25,1220,0,0,0,0
Aziz Dougaz,26,1221,0,0,0,0
Aziz Dougaz,25,1221,0,0,0,0
Aziz Dougaz,27,1222,0,0,0,0
Aziz Dougaz,29,1224,0,0,0,0
Aziz Dougaz,30,1225,0,0,0,0
Aziz Dougaz,29,1225,0,0,0,0
Aziz Dougaz,30,1226,0,0,0,0
Aziz Dougaz,32,1228,0,0,0,0
Aziz Dougaz,33,1229,0,0,0,0
Aziz Dougaz,34,1230,0,0,0,0
Aziz Dougaz,38,1234,0,0,0,0
Aziz Dougaz,39,1235,0,0,0,0
Beibit Zhukayev,52,1196,0,0,0,0
Beibit Zhukayev,1,1196,0,0,0,0
Beibit Zhukayev,2,1197,0,0,0,0
Beibit Zhukayev,2,1198,0,0,0,0
Beibit Zhukayev,5,1200,0,0,0,0
Beibit Zhukayev,6,1201,0,0,0,0
Beibit Zhukayev,7,1202,0,0,0,0
Beibit Zhukayev,8,1203,0,0,0,0
Beibit Zhukayev,9,1204,0,0,0,0
Beibit Zhukayev,10,1206,0,0,0,0
Beibit Zhukayev,12,1208,0,0,0,0
Beibit Zhukayev,14,1209,0,0,0,0
Beibit Zhukayev,14,1210,0,0,0,0
Beibit Zhukayev,16,1211,0,0,0,0
Beibit Zhukayev,17,1213,0,0,0,0
Beibit Zhukayev,19,1215,0,0,0,0
Beibit Zhukayev,20,1216,0,0,0,0
Beibit Zhukayev,21,1217,0,0,0,0
Beibit Zhukayev,24,1219,0,0,0,0
Beibit Zhukayev,25,1220,0,0,0,0
Beibit Zhukayev,26,1221,0,0,0,0
Beibit Zhukayev,25,1221,0,0,0,0
Beibit Zhukayev,27,1222,0,10,0,0
Beibit Zhukayev,29,1224,0,0,0,0
Beibit Zhukayev,30,1225,0,0,0,0
Beibit Zhukayev,29,1225,0,0,0,0
Beibit Zhukayev,30,1226,0,0,0,0
Beibit Zhukayev,32,1228,0,0,0,0
Beibit Zhukayev,33,1229,0,0,0,0
Beibit Zhukayev,34,1230,0,0,0,0
Beibit Zhukayev,38,1234,0,0,0,0
Beibit Zhukayev,39,1235,0,0,0,0
Ben Shelton,52,1196,0,0,0,0
Ben Shelton,1,1196,0,0,0,0
Ben Shelton,2,1197,0,0,45,0
Ben Shelton,2,1198,0,0,720,0
Ben Shelton,5,1200,0,0,0,0
Ben Shelton,6,1201,0,0,45,0
Ben Shelton,7,1202,0,0,0,0
Ben Shelton,8,1203,0,0,0,0
Ben Shelton,9,1204,0,0,45,0
Ben Shelton,10,1206,0,0,180,0
Ben Shelton,12,1208,0,0,25,0
Ben Shelton,14,1209,0,0,0,0
Ben Shelton,14,1210,25,0,0,0
Ben Shelton,16,1211,300,0,0,0
Ben Shelton,17,1213,45,0,0,0
Ben Shelton,19,1215,25,0,0,0
Ben Shelton,20,1216,0,0,0,0
Ben Shelton,21,1217,180,0,0,0
Ben Shelton,24,1219,0,180,0,0
Ben Shelton,25,1220,0,20,0,0
Ben Shelton,26,1221,0,0,0,0
Ben Shelton,25,1221,0,45,0,0
Ben Shelton,27,1222,0,360,0,0
Ben Shelton,29,1224,0,0,0,0
Ben Shelton,30,1225,0,0,180,0
Ben Shelton,29,1225,0,0,0,0
Ben Shelton,30,1226,0,0,1000,0
Ben Shelton,32,1228,0,0,180,0
Ben Shelton,33,1229,0,0,0,0
Ben Shelton,34,1230,0,0,90,0
Ben Shelton,38,1234,0,0,0,0
Ben Shelton,39,1235,0,0,0,0
Benjamin Bonzi,52,1196,0,0,45,0
Benjamin Bonzi,1,1196,0,0,0,0
Benjamin Bonzi,2,1197,0,0,90,0
Benjamin Bonzi,2,1198,0,0,90,0
Benjamin Bonzi,5,1200,0,0,0,0
Benjamin Bonzi,6,1201,0,0,0,0
Benjamin Bonzi,7,1202,0,0,20,0
Benjamin Bonzi,8,1203,0,0,0,0
Benjamin Bonzi,9,1204,0,0,20,0
Benjamin Bonzi,10,1206,0,0,10,0
Benjamin Bonzi,12,1208,0,0,10,0
Benjamin Bonzi,14,1209,0,0,0,0
Benjamin Bonzi,14,1210,0,0,0,0
Benjamin Bonzi,16,1211,0,0,0,0
Benjamin Bonzi,17,1213,45,0,0,0
Benjamin Bonzi,19,1215,0,0,0,0
Benjamin Bonzi,20,1216,0,0,0,0
Benjamin Bonzi,21,1217,10,0,0,0
Benjamin Bonzi,24,1219,0,20,0,0
Benjamin Bonzi,25,1220,0,20,0,0
Benjamin Bonzi,26,1221,0,0,0,0
Benjamin Bonzi,25,1221,0,20,0,0
Benjamin Bonzi,27,1222,0,45,0,0
Benjamin Bonzi,29,1224,0,0,0,0
Benjamin Bonzi,30,1225,0,0,0,0
Benjamin Bonzi,29,1225,0,0,0,0
Benjamin Bonzi,30,1226,0,0,10,0
Benjamin Bonzi,32,1228,0,0,90,0
Benjamin Bonzi,33,1229,0,0,0,0
Benjamin Bonzi,34,1230,0,0,90,0
Benjamin Bonzi,38,1234,0,0,0,0
Benjamin Bonzi,39,1235,0,0,20,0
Benjamin Hassan,52,1196,0,0,0,0
Benjamin Hassan,1,1196,0,0,0,0
Benjamin Hassan,2,1197,0,0,0,0
Benjamin Hassan,2,1198,0,0,0,0
Benjamin Hassan,5,1200,0,0,0,0
Benjamin Hassan,6,1201,0,0,0,0
Benjamin Hassan,7,1202,0,0,0,0
Benjamin Hassan,8,1203,0,0,0,0
Benjamin Hassan,9,1204,0,0,0,0
Benjamin Hassan,10,1206,0,0,0,0
Benjamin Hassan,12,1208,0,0,0,0
Benjamin Hassan,14,1209,0,0,0,0
Benjamin Hassan,14,1210,0,0,0,0
Benjamin Hassan,16,1211,0,0,0,0
Benjamin Hassan,17,1213,0,0,0,0
Benjamin Hassan,19,1215,0,0,0,0
Benjamin Hassan,20,1216,0,0,0,0
Benjamin Hassan,21,1217,10,0,0,0
Benjamin Hassan,24,1219,0,0,0,0
Benjamin Hassan,25,1220,0,0,0,0
Benjamin Hassan,26,1221,0,0,0,0
Benjamin Hassan,25,1221,0,0,0,0
Benjamin Hassan,27,1222,0,0,0,0
Benjamin Hassan,29,1224,0,0,0,0
Benjamin Hassan,30,1225,0,0,0,0
Benjamin Hassan,29,1225,0,0,0,0
Benjamin Hassan,30,1226,0,0,0,0
Benjamin Hassan,32,1228,0,0,0,0
Benjamin Hassan,33,1229,0,0,0,0
Benjamin Hassan,34,1230,0,0,0,0
Benjamin Hassan,38,1234,0,0,0,0
Benjamin Hassan,39,1235,0,0,0,0
Bernard Tomic,52,1196,0,0,0,0
Bernard Tomic,1,1196,0,0,0,0
Bernard Tomic,2,1197,0,0,0,0
Bernard Tomic,2,1198,0,0,0,0
Bernard Tomic,5,1200,0,0,0,0
Bernard Tomic,6,1201,0,0,0,0
Bernard Tomic,7,1202,0,0,0,0
Bernard Tomic,8,1203,0,0,0,0
Bernard Tomic,9,1204,0,0,0,0
Bernard Tomic,10,1206,0,0,0,0
Bernard Tomic,12,1208,0,0,0,0
Bernard Tomic,14,1209,0,0,0,0
Bernard Tomic,14,1210,0,0,0,0
Bernard Tomic,16,1211,0,0,0,0
Bernard Tomic,17,1213,0,0,0,0
Bernard Tomic,19,1215,0,0,0,0
Bernard Tomic,20,1216,0,0,0,0
Bernard Tomic,21,1217,0,0,0,0
Bernard Tomic,24,1219,0,0,0,0
Bernard Tomic,25,1220,0,0,0,0
Bernard Tomic,26,1221,0,0,0,0
Bernard Tomic,25,1221,0,45,0,0
Bernard Tomic,27,1222,0,0,0,0
Bernard Tomic,29,1224,0,0,0,0
Bernard Tomic,30,1225,0,0,0,0
Bernard Tomic,29,1225,0,0,0,0
Bernard Tomic,30,1226,0,0,0,0
Bernard Tomic,32,1228,0,0,0,0
Bernard Tomic,33,1229,0,0,0,0
Bernard Tomic,34,1230,0,0,0,0
Bernard Tomic,38,1234,0,0,0,0
Bernard Tomic,39,1235,0,0,0,0
Billy Harris,52,1196,0,0,0,0
Billy Harris,1,1196,0,0,0,0
Billy Harris,2,1197,0,0,0,0
Billy Harris,2,1198,0,0,0,0
Billy Harris,5,1200,0,0,0,0
Billy Harris,6,1201,0,0,0,0
Billy Harris,7,1202,0,0,0,0
Billy Harris,8,1203,0,0,0,0
Billy Harris,9,1204,0,0,0,0
Billy Harris,10,1206,0,0,0,0
Billy Harris,12,1208,0,0,10,0
Billy Harris,14,1209,0,0,0,0
Billy Harris,14,1210,0,0,0,0
Billy Harris,16,1211,20,0,0,0
Billy Harris,17,1213,0,0,0,0
Billy Harris,19,1215,0,0,0,0
Billy Harris,20,1216,0,0,0,0
Billy Harris,21,1217,0,0,0,0
Billy Harris,24,1219,0,0,0,0
Billy Harris,25,1220,0,20,0,0
Billy Harris,26,1221,0,90,0,0
Billy Harris,25,1221,0,0,0,0
Billy Harris,27,1222,0,45,0,0
Billy Harris,29,1224,0,0,0,0
Billy Harris,30,1225,0,0,0,0
Billy Harris,29,1225,0,0,0,0
Billy Harris,30,1226,0,0,0,0
Billy Harris,32,1228,0,0,0,0
Billy Harris,33,1229,0,0,0,0
Billy Harris,34,1230,0,0,10,0
Billy Harris,38,1234,0,0,20,0
Billy Harris,39,1235,0,0,0,0
Borna Coric,52,1196,0,0,0,0
Borna Coric,1,1196,0,0,0,0
Borna Coric,2,1197,0,0,0,0
Borna Coric,2,1198,0,0,10,0
Borna Coric,5,1200,0,0,20,0
Borna Coric,6,1201,0,0,0,0
Borna Coric,7,1202,0,0,0,0
Borna Coric,8,1203,0,0,0,0
Borna Coric,9,1204,0,0,0,0
Borna Coric,10,1206,0,0,0,0
Borna Coric,12,1208,0,0,0,0
Borna Coric,14,1209,0,0,0,0
Borna Coric,14,1210,0,0,0,0
Borna Coric,16,1211,0,0,0,0
Borna Coric,17,1213,10,0,0,0
Borna Coric,19,1215,0,0,0,0
Borna Coric,20,1216,0,0,0,0
Borna Coric,21,1217,0,0,0,0
Borna Coric,24,1219,0,0,0,0
Borna Coric,25,1220,0,0,0,0
Borna Coric,26,1221,0,0,0,0
Borna Coric,25,1221,0,0,0,0
Borna Coric,27,1222,0,0,0,0
Borna Coric,29,1224,0,0,0,0
Borna Coric,30,1225,0,0,0,0
Borna Coric,29,1225,0,0,0,0
Borna Coric,30,1226,0,0,10,0
Borna Coric,32,1228,0,0,10,0
Borna Coric,33,1229,0,0,0,0
Borna Coric,34,1230,0,0,10,0
Borna Coric,38,1234,0,0,0,0
Borna Coric,39,1235,0,0,0,0
Borna Gojo,52,1196,0,0,0,0
Borna Gojo,1,1196,0,0,0,0
Borna Gojo,2,1197,0,0,0,0
Borna Gojo,2,1198,0,0,0,0
Borna Gojo,5,1200,0,0,0,0
Borna Gojo,6,1201,0,0,0,0
Borna Gojo,7,1202,0,0,20,0
Borna Gojo,8,1203,0,0,0,0
Borna Gojo,9,1204,0,0,0,0
Borna Gojo,10,1206,0,0,0,0
Borna Gojo,12,1208,0,0,0,0
Borna Gojo,14,1209,20,0,0,0
Borna Gojo,14,1210,0,0,0,0
Borna Gojo,16,1211,20,0,0,0
Borna Gojo,17,1213,10,0,0,0
Borna Gojo,19,1215,0,0,0,0
Borna Gojo,20,1216,20,0,0,0
Borna Gojo,21,1217,0,0,0,0
Borna Gojo,24,1219,0,0,0,0
Borna Gojo,25,1220,0,0,0,0
Borna Gojo,26,1221,0,0,0,0
Borna Gojo,25,1221,0,0,0,0
Borna Gojo,27,1222,0,0,0,0
Borna Gojo,29,1224,0,0,0,0
Borna Gojo,30,1225,0,0,0,0
Borna Gojo,29,1225,0,0,0,0
Borna Gojo,30,1226,0,0,0,0
Borna Gojo,32,1228,0,0,0,0
Borna Gojo,33,1229,0,0,0,0
Borna Gojo,34,1230,0,0,0,0
Borna Gojo,38,1234,0,0,0,0
Borna Gojo,39,1235,0,0,0,0
Botic van de Zandschulp,52,1196,0,0,0,0
Botic van de Zandschulp,1,1196,0,0,0,0
Botic van de Zandschulp,2,1197,0,0,0,0
Botic van de Zandschulp,2,1198,0,0,10,0
Botic van de Zandschulp,5,1200,0,0,20,0
Botic van de Zandschulp,6,1201,0,0,20,0
Botic van de Zandschulp,7,1202,0,0,20,0
Botic van de Zandschulp,8,1203,0,0,45,0
Botic van de Zandschulp,9,1204,0,0,0,0
Botic van de Zandschulp,10,1206,0,0,45,0
Botic van de Zandschulp,12,1208,0,0,0,0
Botic van de Zandschulp,14,1209,20,0,0,0
Botic van de Zandschulp,14,1210,0,0,0,0
Botic van de Zandschulp,16,1211,45,0,0,0
Botic van de Zandschulp,17,1213,10,0,0,0
Botic van de Zandschulp,19,1215,0,0,0,0
Botic van de Zandschulp,20,1216,0,0,0,0
Botic van de Zandschulp,21,1217,10,0,0,0
Botic van de Zandschulp,24,1219,0,0,0,0
Botic van de Zandschulp,25,1220,0,0,0,0
Botic van de Zandschulp,26,1221,0,0,0,0
Botic van de Zandschulp,25,1221,0,0,0,0
Botic van de Zandschulp,27,1222,0,45,0,0
Botic van de Zandschulp,29,1224,45,0,0,0
Botic van de Zandschulp,30,1225,180,0,0,0
Botic van de Zandschulp,29,1225,0,0,0,0
Botic van de Zandschulp,30,1226,0,0,0,0
Botic van de Zandschulp,32,1228,0,0,0,0
Botic van de Zandschulp,33,1229,0,0,300,0
Botic van de Zandschulp,34,1230,0,0,10,0
Botic van de Zandschulp,38,1234,0,0,20,0
Botic van de Zandschulp,39,1235,0,0,0,0
Brandon Holt,52,1196,0,0,0,0
Brandon Holt,1,1196,0,0,0,0
Brandon Holt,2,1197,0,0,0,0
Brandon Holt,2,1198,0,0,0,0
Brandon Holt,5,1200,0,0,0,0
Brandon Holt,6,1201,0,0,20,0
Brandon Holt,7,1202,0,0,0,0
Brandon Holt,8,1203,0,0,0,0
Brandon Holt,9,1204,0,0,0,0
Brandon Holt,10,1206,0,0,0,0
Brandon Holt,12,1208,0,0,10,0
Brandon Holt,14,1209,20,0,0,0
Brandon Holt,14,1210,0,0,0,0
Brandon Holt,16,1211,0,0,0,0
Brandon Holt,17,1213,0,0,0,0
Brandon Holt,19,1215,0,0,0,0
Brandon Holt,20,1216,0,0,0,0
Brandon Holt,21,1217,0,0,0,0
Brandon Holt,24,1219,0,0,0,0
Brandon Holt,25,1220,0,0,0,0
Brandon Holt,26,1221,0,0,0,0
Brandon Holt,25,1221,0,45,0,0
Brandon Holt,27,1222,0,10,0,0
Brandon Holt,29,1224,0,0,0,0
Brandon Holt,30,1225,0,0,0,0
Brandon Holt,29,1225,0,0,0,0
Brandon Holt,30,1226,0,0,0,0
Brandon Holt,32,1228,0,0,10,0
Brandon Holt,33,1229,0,0,0,0
Brandon Holt,34,1230,0,0,10,0
Brandon Holt,38,1234,0,0,0,0
Brandon Holt,39,1235,0,0,0,0
Brandon Nakashima,52,1196,0,0,0,0
Brandon Nakashima,1,1196,0,0,20,0
Brandon Nakashima,2,1197,0,0,45,0
Brandon Nakashima,2,1198,0,0,10,0
Brandon Nakashima,5,1200,0,0,0,0
Brandon Nakashima,6,1201,0,0,20,0
Brandon Nakashima,7,1202,0,0,90,0
Brandon Nakashima,8,1203,0,0,0,0
Brandon Nakashima,9,1204,0,0,180,0
Brandon Nakashima,10,1206,0,0,90,0
Brandon Nakashima,12,1208,0,0,90,0
Brandon Nakashima,14,1209,180,0,0,0
Brandon Nakashima,14,1210,25,0,0,0
Brandon Nakashima,16,1211,20,0,0,0
Brandon Nakashima,17,1213,90,0,0,0
Brandon Nakashima,19,1215,45,0,0,0
Brandon Nakashima,20,1216,45,0,0,0
Brandon Nakashima,21,1217,10,0,0,0
Brandon Nakashima,24,1219,0,90,0,0
Brandon Nakashima,25,1220,0,90,0,0
Brandon Nakashima,26,1221,0,0,0,0
Brandon Nakashima,25,1221,0,0,0,0
Brandon Nakashima,27,1222,0,90,0,0
Brandon Nakashima,29,1224,0,0,0,0
Brandon Nakashima,30,1225,0,0,90,0
Brandon Nakashima,29,1225,0,0,0,0
Brandon Nakashima,30,1226,0,0,45,0
Brandon Nakashima,32,1228,0,0,45,0
Brandon Nakashima,33,1229,0,0,0,0
Brandon Nakashima,34,1230,0,0,45,0
Brandon Nakashima,38,1234,0,0,180,0
Brandon Nakashima,39,1235,0,0,90,0
Calvin Hemery,52,1196,0,0,0,0
Calvin Hemery,1,1196,0,0,0,0
Calvin Hemery,2,1197,0,0,0,0
Calvin Hemery,2,1198,0,0,0,0
Calvin Hemery,5,1200,0,0,0,0
Calvin Hemery,6,1201,0,0,0,0
Calvin Hemery,7,1202,0,0,0,0
Calvin Hemery,8,1203,0,0,0,0
Calvin Hemery,9,1204,0,0,0,0
Calvin Hemery,10,1206,0,0,0,0
Calvin Hemery,12,1208,0,0,0,0
Calvin Hemery,14,1209,0,0,0,0
Calvin Hemery,14,1210,0,0,0,0
Calvin Hemery,16,1211,0,0,0,0
Calvin Hemery,17,1213,0,0,0,0
Calvin Hemery,19,1215,0,0,0,0
Calvin Hemery,20,1216,0,0,0,0
Calvin Hemery,21,1217,0,0,0,0
Calvin Hemery,24,1219,0,0,0,0
Calvin Hemery,25,1220,0,0,0,0
Calvin Hemery,26,1221,0,0,0,0
Calvin Hemery,25,1221,0,0,0,0
Calvin Hemery,27,1222,0,0,0,0
Calvin Hemery,29,1224,20,0,0,0
Calvin Hemery,30,1225,0,0,0,0
Calvin Hemery,29,1225,0,0,0,0
Calvin Hemery,30,1226,0,0,0,0
Calvin Hemery,32,1228,0,0,0,0
Calvin Hemery,33,1229,0,0,0,0
Calvin Hemery,34,1230,0,0,0,0
Calvin Hemery,38,1234,0,0,0,0
Calvin Hemery,39,1235,0,0,0,0
Cameron Norrie,52,1196,0,0,0,0
Cameron Norrie,1,1196,0,0,90,0
Cameron Norrie,2,1197,0,0,20,0
Cameron Norrie,2,1198,0,0,10,0
Cameron Norrie,5,1200,0,0,0,0
Cameron Norrie,6,1201,0,0,45,0
Cameron Norrie,7,1202,0,0,90,0
Cameron Norrie,8,1203,0,0,0,0
Cameron Norrie,9,1204,0,0,20,0
Cameron Norrie,10,1206,0,0,45,0
Cameron Norrie,12,1208,0,0,10,0
Cameron Norrie,14,1209,0,0,0,0
Cameron Norrie,14,1210,0,0,0,0
Cameron Norrie,16,1211,20,0,0,0
Cameron Norrie,17,1213,45,0,0,0
Cameron Norrie,19,1215,25,0,0,0
Cameron Norrie,20,1216,180,0,0,0
Cameron Norrie,21,1217,180,0,0,0
Cameron Norrie,24,1219,0,0,0,0
Cameron Norrie,25,1220,0,20,0,0
Cameron Norrie,26,1221,0,20,0,0
Cameron Norrie,25,1221,0,0,0,0
Cameron Norrie,27,1222,0,360,0,0
Cameron Norrie,29,1224,0,0,0,0
Cameron Norrie,30,1225,0,0,45,0
Cameron Norrie,29,1225,0,0,0,0
Cameron Norrie,30,1226,0,0,25,0
Cameron Norrie,32,1228,0,0,25,0
Cameron Norrie,33,1229,0,0,0,0
Cameron Norrie,34,1230,0,0,90,0
Cameron Norrie,38,1234,0,0,20,0
Cameron Norrie,39,1235,0,0,20,0
Camilo Ugo Carabelli,52,1196,0,0,0,0
Camilo Ugo Carabelli,1,1196,0,0,0,0
Camilo Ugo Carabelli,2,1197,0,0,0,0
Camilo Ugo Carabelli,2,1198,0,0,10,0
Camilo Ugo Carabelli,5,1200,0,0,0,0
Camilo Ugo Carabelli,6,1201,0,0,0,0
Camilo Ugo Carabelli,7,1202,20,0,0,0
Camilo Ugo Carabelli,8,1203,180,0,0,0
Camilo Ugo Carabelli,9,1204,180,0,0,0
Camilo Ugo Carabelli,10,1206,0,0,0,0
Camilo Ugo Carabelli,12,1208,0,0,45,0
Camilo Ugo Carabelli,14,1209,45,0,0,0
Camilo Ugo Carabelli,14,1210,25,0,0,0
Camilo Ugo Carabelli,16,1211,0,0,0,0
Camilo Ugo Carabelli,17,1213,10,0,0,0
Camilo Ugo Carabelli,19,1215,25,0,0,0
Camilo Ugo Carabelli,20,1216,45,0,0,0
Camilo Ugo Carabelli,21,1217,10,0,0,0
Camilo Ugo Carabelli,24,1219,0,0,0,0
Camilo Ugo Carabelli,25,1220,0,20,0,0
Camilo Ugo Carabelli,26,1221,0,0,0,0
Camilo Ugo Carabelli,25,1221,0,20,0,0
Camilo Ugo Carabelli,27,1222,0,10,0,0
Camilo Ugo Carabelli,29,1224,180,0,0,0
Camilo Ugo Carabelli,30,1225,0,0,0,0
Camilo Ugo Carabelli,29,1225,180,0,0,0
Camilo Ugo Carabelli,30,1226,0,0,10,0
Camilo Ugo Carabelli,32,1228,0,0,25,0
Camilo Ugo Carabelli,33,1229,0,0,0,0
Camilo Ugo Carabelli,34,1230,0,0,10,0
Camilo Ugo Carabelli,38,1234,0,0,20,0
Camilo Ugo Carabelli,39,1235,0,0,20,0
Carlos Alcaraz,52,1196,0,0,0,0
Carlos Alcaraz,1,1196,0,0,0,0
Carlos Alcaraz,2,1197,0,0,0,0
Carlos Alcaraz,2,1198,0,0,360,0
Carlos Alcaraz,5,1200,0,0,0,0
Carlos Alcaraz,6,1201,0,0,500,0
Carlos Alcaraz,7,1202,0,0,0,0
Carlos Alcaraz,8,1203,0,0,90,0
Carlos Alcaraz,9,1204,0,0,0,0
Carlos Alcaraz,10,1206,0,0,360,0
Carlos Alcaraz,12,1208,0,0,25,0
Carlos Alcaraz,14,1209,0,0,0,0
Carlos Alcaraz,14,1210,1000,0,0,0
Carlos Alcaraz,16,1211,300,0,0,0
Carlos Alcaraz,17,1213,0,0,0,0
Carlos Alcaraz,19,1215,1000,0,0,0
Carlos Alcaraz,20,1216,0,0,0,0
Carlos Alcaraz,21,1217,2000,0,0,0
Carlos Alcaraz,24,1219,0,0,0,0
Carlos Alcaraz,25,1220,0,500,0,0
Carlos Alcaraz,26,1221,0,0,0,0
Carlos Alcaraz,25,1221,0,0,0,0
Carlos Alcaraz,27,1222,0,1200,0,0
Carlos Alcaraz,29,1224,0,0,0,0
Carlos Alcaraz,30,1225,0,0,0,0
Carlos Alcaraz,29,1225,0,0,0,0
Carlos Alcaraz,30,1226,0,0,0,0
Carlos Alcaraz,32,1228,0,0,1000,0
Carlos Alcaraz,33,1229,0,0,0,0
Carlos Alcaraz,34,1230,0,0,2000,0
Carlos Alcaraz,38,1234,0,0,0,0
Carlos Alcaraz,39,1235,0,0,500,0
Carlos Taberner,52,1196,0,0,0,0
Carlos Taberner,1,1196,0,0,0,0
Carlos Taberner,2,1197,0,0,0,0
Carlos Taberner,2,1198,0,0,0,0
Carlos Taberner,5,1200,0,0,0,0
Carlos Taberner,6,1201,0,0,0,0
Carlos Taberner,7,1202,0,0,0,0
Carlos Taberner,8,1203,0,0,0,0
Carlos Taberner,9,1204,0,0,0,0
Carlos Taberner,10,1206,0,0,0,0
Carlos Taberner,12,1208,0,0,0,0
Carlos Taberner,14,1209,0,0,0,0
Carlos Taberner,14,1210,0,0,0,0
Carlos Taberner,16,1211,0,0,0,0
Carlos Taberner,17,1213,0,0,0,0
Carlos Taberner,19,1215,25,0,0,0
Carlos Taberner,20,1216,0,0,0,0
Carlos Taberner,21,1217,0,0,0,0
Carlos Taberner,24,1219,0,0,0,0
Carlos Taberner,25,1220,0,0,0,0
Carlos Taberner,26,1221,0,0,0,0
Carlos Taberner,25,1221,0,0,0,0
Carlos Taberner,27,1222,0,0,0,0
Carlos Taberner,29,1224,20,0,0,0
Carlos Taberner,30,1225,0,0,0,0
Carlos Taberner,29,1225,300,0,0,0
Carlos Taberner,30,1226,0,0,0,0
Carlos Taberner,32,1228,0,0,0,0
Carlos Taberner,33,1229,0,0,0,0
Carlos Taberner,34,1230,0,0,0,0
Carlos Taberner,38,1234,0,0,0,0
Carlos Taberner,39,1235,0,0,0,0
Casper Ruud,52,1196,0,0,0,0
Casper Ruud,1,1196,0,0,0,0
Casper Ruud,2,1197,0,0,0,0
Casper Ruud,2,1198,0,0,45,0
Casper Ruud,5,1200,0,0,0,0
Casper Ruud,6,1201,0,0,300,0
Casper Ruud,7,1202,0,0,0,0
Casper Ruud,8,1203,0,0,0,0
Casper Ruud,9,1204,0,0,45,0
Casper Ruud,10,1206,0,0,25,0
Casper Ruud,12,1208,0,0,90,0
Casper Ruud,14,1209,0,0,0,0
Casper Ruud,14,1210,90,0,0,0
Casper Ruud,16,1211,90,0,0,0
Casper Ruud,17,1213,1000,0,0,0
Casper Ruud,19,1215,180,0,0,0
Casper Ruud,20,1216,0,0,0,0
Casper Ruud,21,1217,45,0,0,0
Casper Ruud,24,1219,0,0,0,0
Casper Ruud,25,1220,0,0,0,0
Casper Ruud,26,1221,0,0,0,0
Casper Ruud,25,1221,0,0,0,0
Casper Ruud,27,1222,0,0,0,0
Casper Ruud,29,1224,90,0,0,0
Casper Ruud,30,1225,0,0,0,0
Casper Ruud,29,1225,0,0,0,0
Casper Ruud,30,1226,0,0,90,0
Casper Ruud,32,1228,0,0,25,0
Casper Ruud,33,1229,0,0,0,0
Casper Ruud,34,1230,0,0,45,0
Casper Ruud,38,1234,0,0,0,0
Casper Ruud,39,1235,0,0,180,0
Chris Rodesch,52,1196,0,0,0,0
Chris Rodesch,1,1196,0,0,0,0
Chris Rodesch,2,1197,0,0,0,0
Chris Rodesch,2,1198,0,0,0,0
Chris Rodesch,5,1200,0,0,0,0
Chris Rodesch,6,1201,0,0,0,0
Chris Rodesch,7,1202,0,0,0,0
Chris Rodesch,8,1203,0,0,0,0
Chris Rodesch,9,1204,0,0,0,0
Chris Rodesch,10,1206,0,0,0,0
Chris Rodesch,12,1208,0,0,0,0
Chris Rodesch,14,1209,0,0,0,0
Chris Rodesch,14,1210,0,0,0,0
Chris Rodesch,16,1211,0,0,0,0
Chris Rodesch,17,1213,0,0,0,0
Chris Rodesch,19,1215,0,0,0,0
Chris Rodesch,20,1216,0,0,0,0
Chris Rodesch,21,1217,0,0,0,0
Chris Rodesch,24,1219,0,0,0,0
Chris Rodesch,25,1220,0,0,0,0
Chris Rodesch,26,1221,0,0,0,0
Chris Rodesch,25,1221,0,0,0,0
Chris Rodesch,27,1222,0,10,0,0
Chris Rodesch,29,1224,0,0,0,0
Chris Rodesch,30,1225,0,0,0,0
Chris Rodesch,29,1225,0,0,0,0
Chris Rodesch,30,1226,0,0,0,0
Chris Rodesch,32,1228,0,0,0,0
Chris Rodesch,33,1229,0,0,0,0
Chris Rodesch,34,1230,0,0,0,0
Chris Rodesch,38,1234,0,0,0,0
Chris Rodesch,39,1235,0,0,0,0
Christopher Eubanks,52,1196,0,0,0,0
Christopher Eubanks,1,1196,0,0,0,0
Christopher Eubanks,2,1197,0,0,0,0
Christopher Eubanks,2,1198,0,0,0,0
Christopher Eubanks,5,1200,0,0,45,0
Christopher Eubanks,6,1201,0,0,20,0
Christopher Eubanks,7,1202,0,0,20,0
Christopher Eubanks,8,1203,0,0,0,0
Christopher Eubanks,9,1204,0,0,0,0
Christopher Eubanks,10,1206,0,0,0,0
Christopher Eubanks,12,1208,0,0,10,0
Christopher Eubanks,14,1209,90,0,0,0
Christopher Eubanks,14,1210,0,0,0,0
Christopher Eubanks,16,1211,0,0,0,0
Christopher Eubanks,17,1213,0,0,0,0
Christopher Eubanks,19,1215,0,0,0,0
Christopher Eubanks,20,1216,0,0,0,0
Christopher Eubanks,21,1217,0,0,0,0
Christopher Eubanks,24,1219,0,0,0,0
Christopher Eubanks,25,1220,0,0,0,0
Christopher Eubanks,26,1221,0,0,0,0
Christopher Eubanks,25,1221,0,0,0,0
Christopher Eubanks,27,1222,0,10,0,0
Christopher Eubanks,29,1224,0,0,0,0
Christopher Eubanks,30,1225,0,0,0,0
Christopher Eubanks,29,1225,0,0,0,0
Christopher Eubanks,30,1226,0,0,0,0
Christopher Eubanks,32,1228,0,0,0,0
Christopher Eubanks,33,1229,0,0,0,0
Christopher Eubanks,34,1230,0,0,0,0
Christopher Eubanks,38,1234,0,0,0,0
Christopher Eubanks,39,1235,0,0,0,0
Christopher O'Connell,52,1196,0,0,20,0
Christopher O'Connell,1,1196,0,0,0,0
Christopher O'Connell,2,1197,0,0,45,0
Christopher O'Connell,2,1198,0,0,10,0
Christopher O'Connell,5,1200,0,0,0,0
Christopher O'Connell,6,1201,0,0,0,0
Christopher O'Connell,7,1202,0,0,0,0
Christopher O'Connell,8,1203,0,0,45,0
Christopher O'Connell,9,1204,0,0,45,0
Christopher O'Connell,10,1206,0,0,25,0
Christopher O'Connell,12,1208,0,0,10,0
Christopher O'Connell,14,1209,90,0,0,0
Christopher O'Connell,14,1210,0,0,0,0
Christopher O'Connell,16,1211,20,0,0,0
Christopher O'Connell,17,1213,25,0,0,0
Christopher O'Connell,19,1215,10,0,0,0
Christopher O'Connell,20,1216,0,0,0,0
Christopher O'Connell,21,1217,10,0,0,0
Christopher O'Connell,24,1219,0,20,0,0
Christopher O'Connell,25,1220,0,20,0,0
Christopher O'Connell,26,1221,0,0,0,0
Christopher O'Connell,25,1221,0,0,0,0
Christopher O'Connell,27,1222,0,10,0,0
Christopher O'Connell,29,1224,0,0,0,0
Christopher O'Connell,30,1225,0,0,0,0
Christopher O'Connell,29,1225,0,0,0,0
Christopher O'Connell,30,1226,0,0,0,0
Christopher O'Connell,32,1228,0,0,0,0
Christopher O'Connell,33,1229,0,0,20,0
Christopher O'Connell,34,1230,0,0,10,0
Christopher O'Connell,38,1234,0,0,90,0
Christopher O'Connell,39,1235,0,0,0,0
Chun-Hsin Tseng,52,1196,0,0,0,0
Chun-Hsin Tseng,1,1196,0,0,0,0
Chun-Hsin Tseng,2,1197,0,0,0,0
Chun-Hsin Tseng,2,1198,0,0,0,0
Chun-Hsin Tseng,5,1200,0,0,0,0
Chun-Hsin Tseng,6,1201,0,0,0,0
Chun-Hsin Tseng,7,1202,0,0,0,0
Chun-Hsin Tseng,8,1203,90,0,0,0
Chun-Hsin Tseng,9,1204,0,0,0,0
Chun-Hsin Tseng,10,1206,0,0,0,0
Chun-Hsin Tseng,12,1208,0,0,25,0
Chun-Hsin Tseng,14,1209,20,0,0,0
Chun-Hsin Tseng,14,1210,0,0,0,0
Chun-Hsin Tseng,16,1211,20,0,0,0
Chun-Hsin Tseng,17,1213,0,0,0,0
Chun-Hsin Tseng,19,1215,10,0,0,0
Chun-Hsin Tseng,20,1216,0,0,0,0
Chun-Hsin Tseng,21,1217,0,0,0,0
Chun-Hsin Tseng,24,1219,0,0,0,0
Chun-Hsin Tseng,25,1220,0,0,0,0
Chun-Hsin Tseng,26,1221,0,20,0,0
Chun-Hsin Tseng,25,1221,0,0,0,0
Chun-Hsin Tseng,27,1222,0,10,0,0
Chun-Hsin Tseng,29,1224,20,0,0,0
Chun-Hsin Tseng,30,1225,0,0,0,0
Chun-Hsin Tseng,29,1225,45,0,0,0
Chun-Hsin Tseng,30,1226,0,0,10,0
Chun-Hsin Tseng,32,1228,0,0,0,0
Chun-Hsin Tseng,33,1229,0,0,0,0
Chun-Hsin Tseng,34,1230,0,0,10,0
Chun-Hsin Tseng,38,1234,0,0,0,0
Chun-Hsin Tseng,39,1235,0,0,0,0
Clement Chidekh,52,1196,0,0,0,0
Clement Chidekh,1,1196,0,0,0,0
Clement Chidekh,2,1197,0,0,0,0
Clement Chidekh,2,1198,0,0,0,0
Clement Chidekh,5,1200,0,0,0,0
Clement Chidekh,6,1201,0,0,0,0
Clement Chidekh,7,1202,0,0,20,0
Clement Chidekh,8,1203,0,0,0,0
Clement Chidekh,9,1204,0,0,0,0
Clement Chidekh,10,1206,0,0,0,0
Clement Chidekh,12,1208,0,0,0,0
Clement Chidekh,14,1209,0,0,0,0
Clement Chidekh,14,1210,0,0,0,0
Clement Chidekh,16,1211,0,0,0,0
Clement Chidekh,17,1213,0,0,0,0
Clement Chidekh,19,1215,0,0,0,0
Clement Chidekh,20,1216,0,0,0,0
Clement Chidekh,21,1217,0,0,0,0
Clement Chidekh,24,1219,0,0,0,0
Clement Chidekh,25,1220,0,0,0,0
Clement Chidekh,26,1221,0,0,0,0
Clement Chidekh,25,1221,0,0,0,0
Clement Chidekh,27,1222,0,0,0,0
Clement Chidekh,29,1224,0,0,0,0
Clement Chidekh,30,1225,0,0,0,0
Clement Chidekh,29,1225,0,0,0,0
Clement Chidekh,30,1226,0,0,0,0
Clement Chidekh,32,1228,0,0,0,0
Clement Chidekh,33,1229,0,0,0,0
Clement Chidekh,34,1230,0,0,0,0
Clement Chidekh,38,1234,0,0,0,0
Clement Chidekh,39,1235,0,0,0,0
Clement Tabur,52,1196,0,0,0,0
Clement Tabur,1,1196,0,0,0,0
Clement Tabur,2,1197,0,0,0,0
Clement Tabur,2,1198,0,0,0,0
Clement Tabur,5,1200,0,0,0,0
Clement Tabur,6,1201,0,0,0,0
Clement Tabur,7,1202,0,0,0,0
Clement Tabur,8,1203,0,0,0,0
Clement Tabur,9,1204,0,0,0,0
Clement Tabur,10,1206,0,0,0,0
Clement Tabur,12,1208,0,0,0,0
Clement Tabur,14,1209,0,0,0,0
Clement Tabur,14,1210,0,0,0,0
Clement Tabur,16,1211,0,0,0,0
Clement Tabur,17,1213,0,0,0,0
Clement Tabur,19,1215,0,0,0,0
Clement Tabur,20,1216,0,0,0,0
Clement Tabur,21,1217,10,0,0,0
Clement Tabur,24,1219,0,0,0,0
Clement Tabur,25,1220,0,0,0,0
Clement Tabur,26,1221,0,0,0,0
Clement Tabur,25,1221,0,0,0,0
Clement Tabur,27,1222,0,0,0,0
Clement Tabur,29,1224,0,0,0,0
Clement Tabur,30,1225,0,0,0,0
Clement Tabur,29,1225,0,0,0,0
Clement Tabur,30,1226,0,0,0,0
Clement Tabur,32,1228,0,0,0,0
Clement Tabur,33,1229,0,0,0,0
Clement Tabur,34,1230,0,0,0,0
Clement Tabur,38,1234,0,0,0,0
Clement Tabur,39,1235,0,0,0,0
Coleman Wong,52,1196,0,0,0,0
Coleman Wong,1,1196,0,0,20,0
Coleman Wong,2,1197,0,0,0,0
Coleman Wong,2,1198,0,0,0,0
Coleman Wong,5,1200,0,0,0,0
Coleman Wong,6,1201,0,0,0,0
Coleman Wong,7,1202,0,0,0,0
Coleman Wong,8,1203,0,0,0,0
Coleman Wong,9,1204,0,0,0,0
Coleman Wong,10,1206,0,0,0,0
Coleman Wong,12,1208,0,0,45,0
Coleman Wong,14,1209,0,0,0,0
Coleman Wong,14,1210,0,0,0,0
Coleman Wong,16,1211,0,0,0,0
Coleman Wong,17,1213,10,0,0,0
Coleman Wong,19,1215,0,0,0,0
Coleman Wong,20,1216,0,0,0,0
Coleman Wong,21,1217,0,0,0,0
Coleman Wong,24,1219,0,0,0,0
Coleman Wong,25,1220,0,0,0,0
Coleman Wong,26,1221,0,0,0,0
Coleman Wong,25,1221,0,0,0,0
Coleman Wong,27,1222,0,0,0,0
Coleman Wong,29,1224,0,0,0,0
Coleman Wong,30,1225,0,0,0,0
Coleman Wong,29,1225,0,0,0,0
Coleman Wong,30,1226,0,0,0,0
Coleman Wong,32,1228,0,0,25,0
Coleman Wong,33,1229,0,0,0,0
Coleman Wong,34,1230,0,0,90,0
Coleman Wong,38,1234,0,0,20,0
Coleman Wong,39,1235,0,0,0,0
Colton Smith,52,1196,0,0,0,0
Colton Smith,1,1196,0,0,0,0
Colton Smith,2,1197,0,0,0,0
Colton Smith,2,1198,0,0,0,0
Colton Smith,5,1200,0,0,0,0
Colton Smith,6,1201,0,0,0,0
Colton Smith,7,1202,0,0,0,0
Colton Smith,8,1203,0,0,0,0
Colton Smith,9,1204,0,0,0,0
Colton Smith,10,1206,0,0,25,0
Colton Smith,12,1208,0,0,0,0
Colton Smith,14,1209,90,0,0,0
Colton Smith,14,1210,0,0,0,0
Colton Smith,16,1211,0,0,0,0
Colton Smith,17,1213,0,0,0,0
Colton Smith,19,1215,0,0,0,0
Colton Smith,20,1216,0,0,0,0
Colton Smith,21,1217,0,0,0,0
Colton Smith,24,1219,0,0,0,0
Colton Smith,25,1220,0,0,0,0
Colton Smith,26,1221,0,0,0,0
Colton Smith,25,1221,0,0,0,0
Colton Smith,27,1222,0,0,0,0
Colton Smith,29,1224,0,0,20,0
Colton Smith,30,1225,0,0,0,0
Colton Smith,29,1225,0,0,0,0
Colton Smith,30,1226,0,0,10,0
Colton Smith,32,1228,0,0,10,0
Colton Smith,33,1229,0,0,0,0
Colton Smith,34,1230,0,0,0,0
Colton Smith,38,1234,0,0,0,0
Colton Smith,39,1235,0,0,0,0
Constant Lestienne,52,1196,0,0,0,0
Constant Lestienne,1,1196,0,0,0,0
Constant Lestienne,2,1197,0,0,0,0
Constant Lestienne,2,1198,0,0,0,0
Constant Lestienne,5,1200,0,0,45,0
Constant Lestienne,6,1201,0,0,20,0
Constant Lestienne,7,1202,0,0,0,0
Constant Lestienne,8,1203,0,0,0,0
Constant Lestienne,9,1204,0,0,0,0
Constant Lestienne,10,1206,0,0,0,0
Constant Lestienne,12,1208,0,0,0,0
Constant Lestienne,14,1209,0,0,0,0
Constant Lestienne,14,1210,0,0,0,0
Constant Lestienne,16,1211,0,0,0,0
Constant Lestienne,17,1213,0,0,0,0
Constant Lestienne,19,1215,0,0,0,0
Constant Lestienne,20,1216,0,0,0,0
Constant Lestienne,21,1217,0,0,0,0
Constant Lestienne,24,1219,0,0,0,0
Constant Lestienne,25,1220,0,0,0,0
Constant Lestienne,26,1221,0,0,0,0
Constant Lestienne,25,1221,0,0,0,0
Constant Lestienne,27,1222,0,0,0,0
Constant Lestienne,29,1224,0,0,0,0
Constant Lestienne,30,1225,0,0,0,0
Constant Lestienne,29,1225,0,0,0,0
Constant Lestienne,30,1226,0,0,0,0
Constant Lestienne,32,1228,0,0,0,0
Constant Lestienne,33,1229,0,0,0,0
Constant Lestienne,34,1230,0,0,0,0
Constant Lestienne,38,1234,0,0,0,0
Constant Lestienne,39,1235,0,0,0,0
Corentin Denolly,52,1196,0,0,0,0
Corentin Denolly,1,1196,0,0,0,0
Corentin Denolly,2,1197,0,0,0,0
Corentin Denolly,2,1198,0,0,0,0
Corentin Denolly,5,1200,0,0,0,0
Corentin Denolly,6,1201,0,0,0,0
Corentin Denolly,7,1202,0,0,0,0
Corentin Denolly,8,1203,0,0,0,0
Corentin Denolly,9,1204,0,0,0,0
Corentin Denolly,10,1206,0,0,0,0
Corentin Denolly,12,1208,0,0,0,0
Corentin Denolly,14,1209,45,0,0,0
Corentin Denolly,14,1210,0,0,0,0
Corentin Denolly,16,1211,0,0,0,0
Corentin Denolly,17,1213,0,0,0,0
Corentin Denolly,19,1215,0,0,0,0
Corentin Denolly,20,1216,0,0,0,0
Corentin Denolly,21,1217,0,0,0,0
Corentin Denolly,24,1219,0,0,0,0
Corentin Denolly,25,1220,0,0,0,0
Corentin Denolly,26,1221,0,0,0,0
Corentin Denolly,25,1221,0,0,0,0
Corentin Denolly,27,1222,0,0,0,0
Corentin Denolly,29,1224,0,0,0,0
Corentin Denolly,30,1225,0,0,0,0
Corentin Denolly,29,1225,0,0,0,0
Corentin Denolly,30,1226,0,0,0,0
Corentin Denolly,32,1228,0,0,0,0
Corentin Denolly,33,1229,0,0,0,0
Corentin Denolly,34,1230,0,0,0,0
Corentin Denolly,38,1234,0,0,0,0
Corentin Denolly,39,1235,0,0,0,0
Corentin Moutet,52,1196,0,0,0,0
Corentin Moutet,1,1196,0,0,0,0
Corentin Moutet,2,1197,0,0,0,0
Corentin Moutet,2,1198,0,0,90,0
Corentin Moutet,5,1200,0,0,0,0
Corentin Moutet,6,1201,0,0,0,0
Corentin Moutet,7,1202,45,0,0,0
Corentin Moutet,8,1203,20,0,0,0
Corentin Moutet,9,1204,20,0,0,0
Corentin Moutet,10,1206,0,0,25,0
Corentin Moutet,12,1208,0,0,25,0
Corentin Moutet,14,1209,0,0,0,0
Corentin Moutet,14,1210,25,0,0,0
Corentin Moutet,16,1211,0,0,0,0
Corentin Moutet,17,1213,10,0,0,0
Corentin Moutet,19,1215,90,0,0,0
Corentin Moutet,20,1216,0,0,0,0
Corentin Moutet,21,1217,45,0,0,0
Corentin Moutet,24,1219,0,45,0,0
Corentin Moutet,25,1220,0,45,0,0
Corentin Moutet,26,1221,0,0,0,0
Corentin Moutet,25,1221,0,300,0,0
Corentin Moutet,27,1222,0,45,0,0
Corentin Moutet,29,1224,0,0,0,0
Corentin Moutet,30,1225,0,0,180,0
Corentin Moutet,29,1225,0,0,0,0
Corentin Moutet,30,1226,0,0,25,0
Corentin Moutet,32,1228,0,0,25,0
Corentin Moutet,33,1229,0,0,0,0
Corentin Moutet,34,1230,0,0,10,0
Corentin Moutet,38,1234,0,0,180,0
Corentin Moutet,39,1235,0,0,45,0
Cristian Garin,52,1196,0,0,0,0
Cristian Garin,1,1196,0,0,0,0
Cristian Garin,2,1197,0,0,0,0
Cristian Garin,2,1198,0,0,45,0
Cristian Garin,5,1200,0,0,0,0
Cristian Garin,6,1201,0,0,0,0
Cristian Garin,7,1202,0,0,0,0
Cristian Garin,8,1203,0,0,0,0
Cristian Garin,9,1204,45,0,0,0
Cristian Garin,10,1206,0,0,0,0
Cristian Garin,12,1208,0,0,0,0
Cristian Garin,14,1209,45,0,0,0
Cristian Garin,14,1210,0,0,0,0
Cristian Garin,16,1211,0,0,0,0
Cristian Garin,17,1213,0,0,0,0
Cristian Garin,19,1215,0,0,0,0
Cristian Garin,20,1216,0,0,0,0
Cristian Garin,21,1217,0,0,0,0
Cristian Garin,24,1219,0,0,0,0
Cristian Garin,25,1220,0,0,0,0
Cristian Garin,26,1221,0,0,0,0
Cristian Garin,25,1221,0,0,0,0
Cristian Garin,27,1222,0,45,0,0
Cristian Garin,29,1224,20,0,0,0
Cristian Garin,30,1225,0,0,0,0
Cristian Garin,29,1225,20,0,0,0
Cristian Garin,30,1226,0,0,0,0
Cristian Garin,32,1228,0,0,0,0
Cristian Garin,33,1229,0,0,0,0
Cristian Garin,34,1230,0,0,0,0
Cristian Garin,38,1234,0,0,0,0
Cristian Garin,39,1235,0,0,0,0
Dalibor Svrcina,52,1196,0,0,0,0
Dalibor Svrcina,1,1196,0,0,0,0
Dalibor Svrcina,2,1197,0,0,0,0
Dalibor Svrcina,2,1198,0,0,0,0
Dalibor Svrcina,5,1200,0,0,0,0
Dalibor Svrcina,6,1201,0,0,0,0
Dalibor Svrcina,7,1202,0,0,0,0
Dalibor Svrcina,8,1203,0,0,0,0
Dalibor Svrcina,9,1204,0,0,0,0
Dalibor Svrcina,10,1206,0,0,0,0
Dalibor Svrcina,12,1208,0,0,0,0
Dalibor Svrcina,14,1209,0,0,0,0
Dalibor Svrcina,14,1210,0,0,0,0
Dalibor Svrcina,16,1211,0,0,0,0
Dalibor Svrcina,17,1213,0,0,0,0
Dalibor Svrcina,19,1215,0,0,0,0
Dalibor Svrcina,20,1216,0,0,0,0
Dalibor Svrcina,21,1217,0,0,0,0
Dalibor Svrcina,24,1219,0,0,0,0
Dalibor Svrcina,25,1220,0,0,0,0
Dalibor Svrcina,26,1221,0,0,0,0
Dalibor Svrcina,25,1221,0,0,0,0
Dalibor Svrcina,27,1222,0,0,0,0
Dalibor Svrcina,29,1224,20,0,0,0
Dalibor Svrcina,30,1225,0,0,0,0
Dalibor Svrcina,29,1225,0,0,0,0
Dalibor Svrcina,30,1226,0,0,25,0
Dalibor Svrcina,32,1228,0,0,0,0
Dalibor Svrcina,33,1229,0,0,0,0
Dalibor Svrcina,34,1230,0,0,0,0
Dalibor Svrcina,38,1234,0,0,90,0
Dalibor Svrcina,39,1235,0,0,0,0
Damir Dzumhur,52,1196,0,0,0,0
Damir Dzumhur,1,1196,0,0,0,0
Damir Dzumhur,2,1197,0,0,0,0
Damir Dzumhur,2,1198,0,0,10,0
Damir Dzumhur,5,1200,0,0,0,0
Damir Dzumhur,6,1201,0,0,0,0
Damir Dzumhur,7,1202,20,0,0,0
Damir Dzumhur,8,1203,45,0,0,0
Damir Dzumhur,9,1204,90,0,0,0
Damir Dzumhur,10,1206,0,0,25,0
Damir Dzumhur,12,1208,0,0,0,0
Damir Dzumhur,14,1209,180,0,0,0
Damir Dzumhur,14,1210,0,0,0,0
Damir Dzumhur,16,1211,20,0,0,0
Damir Dzumhur,17,1213,45,0,0,0
Damir Dzumhur,19,1215,10,0,0,0
Damir Dzumhur,20,1216,20,0,0,0
Damir Dzumhur,21,1217,90,0,0,0
Damir Dzumhur,24,1219,0,20,0,0
Damir Dzumhur,25,1220,0,0,0,0
Damir Dzumhur,26,1221,0,0,0,0
Damir Dzumhur,25,1221,0,20,0,0
Damir Dzumhur,27,1222,0,10,0,0
Damir Dzumhur,29,1224,90,0,0,0
Damir Dzumhur,30,1225,0,0,0,0
Damir Dzumhur,29,1225,180,0,0,0
Damir Dzumhur,30,1226,0,0,10,0
Damir Dzumhur,32,1228,0,0,25,0
Damir Dzumhur,33,1229,0,0,0,0
Damir Dzumhur,34,1230,0,0,10,0
Damir Dzumhur,38,1234,0,0,20,0
Damir Dzumhur,39,1235,0,0,20,0
Dan Martin,52,1196,0,0,0,0
Dan Martin,1,1196,0,0,0,0
Dan Martin,2,1197,0,0,0,0
Dan Martin,2,1198,0,0,0,0
Dan Martin,5,1200,0,0,0,0
Dan Martin,6,1201,0,0,0,0
Dan Martin,7,1202,0,0,0,0
Dan Martin,8,1203,0,0,0,0
Dan Martin,9,1204,0,0,0,0
Dan Martin,10,1206,0,0,0,0
Dan Martin,12,1208,0,0,0,0
Dan Martin,14,1209,0,0,0,0
Dan Martin,14,1210,0,0,0,0
Dan Martin,16,1211,0,0,0,0
Dan Martin,17,1213,0,0,0,0
Dan Martin,19,1215,0,0,0,0
Dan Martin,20,1216,0,0,0,0
Dan Martin,21,1217,0,0,0,0
Dan Martin,24,1219,0,0,0,0
Dan Martin,25,1220,0,0,0,0
Dan Martin,26,1221,0,0,0,0
Dan Martin,25,1221,0,0,0,0
Dan Martin,27,1222,0,0,0,0
Dan Martin,29,1224,0,0,0,0
Dan Martin,30,1225,0,0,0,0
Dan Martin,29,1225,0,0,0,0
Dan Martin,30,1226,0,0,10,0
Dan Martin,32,1228,0,0,0,0
Dan Martin,33,1229,0,0,0,0
Dan Martin,34,1230,0,0,0,0
Dan Martin,38,1234,0,0,0,0
Dan Martin,39,1235,0,0,0,0
Daniel Altmaier,52,1196,0,0,0,0
Daniel Altmaier,1,1196,0,0,0,0
Daniel Altmaier,2,1197,0,0,20,0
Daniel Altmaier,2,1198,0,0,45,0
Daniel Altmaier,5,1200,0,0,20,0
Daniel Altmaier,6,1201,0,0,90,0
Daniel Altmaier,7,1202,0,0,90,0
Daniel Altmaier,8,1203,0,0,0,0
Daniel Altmaier,9,1204,0,0,45,0
Daniel Altmaier,10,1206,0,0,0,0
Daniel Altmaier,12,1208,0,0,10,0
Daniel Altmaier,14,1209,20,0,0,0
Daniel Altmaier,14,1210,90,0,0,0
Daniel Altmaier,16,1211,45,0,0,0
Daniel Altmaier,17,1213,10,0,0,0
Daniel Altmaier,19,1215,10,0,0,0
Daniel Altmaier,20,1216,20,0,0,0
Daniel Altmaier,21,1217,180,0,0,0
Daniel Altmaier,24,1219,0,0,0,0
Daniel Altmaier,25,1220,0,20,0,0
Daniel Altmaier,26,1221,0,0,0,0
Daniel Altmaier,25,1221,0,45,0,0
Daniel Altmaier,27,1222,0,10,0,0
Daniel Altmaier,29,1224,0,0,45,0
Daniel Altmaier,30,1225,0,0,0,0
Daniel Altmaier,29,1225,0,0,0,0
Daniel Altmaier,30,1226,0,0,10,0
Daniel Altmaier,32,1228,0,0,10,0
Daniel Altmaier,33,1229,0,0,0,0
Daniel Altmaier,34,1230,0,0,90,0
Daniel Altmaier,38,1234,0,0,0,0
Daniel Altmaier,39,1235,0,0,45,0
Daniel Elahi Galan,52,1196,0,0,0,0
Daniel Elahi Galan,1,1196,0,0,0,0
Daniel Elahi Galan,2,1197,0,0,0,0
Daniel Elahi Galan,2,1198,0,0,0,0
Daniel Elahi Galan,5,1200,0,0,0,0
Daniel Elahi Galan,6,1201,0,0,0,0
Daniel Elahi Galan,7,1202,0,0,0,0
Daniel Elahi Galan,8,1203,0,0,0,0
Daniel Elahi Galan,9,1204,0,0,0,0
Daniel Elahi Galan,10,1206,0,0,0,0
Daniel Elahi Galan,12,1208,0,0,0,0
Daniel Elahi Galan,14,1209,20,0,0,0
Daniel Elahi Galan,14,1210,0,0,0,0
Daniel Elahi Galan,16,1211,20,0,0,0
Daniel Elahi Galan,17,1213,0,0,0,0
Daniel Elahi Galan,19,1215,0,0,0,0
Daniel Elahi Galan,20,1216,0,0,0,0
Daniel Elahi Galan,21,1217,45,0,0,0
Daniel Elahi Galan,24,1219,0,0,0,0
Daniel Elahi Galan,25,1220,0,0,0,0
Daniel Elahi Galan,26,1221,0,0,0,0
Daniel Elahi Galan,25,1221,0,0,0,0
Daniel Elahi Galan,27,1222,0,0,0,0
Daniel Elahi Galan,29,1224,0,0,0,0
Daniel Elahi Galan,30,1225,20,0,0,0
Daniel Elahi Galan,29,1225,0,0,0,0
Daniel Elahi Galan,30,1226,0,0,0,0
Daniel Elahi Galan,32,1228,0,0,25,0
Daniel Elahi Galan,33,1229,0,0,0,0
Daniel Elahi Galan,34,1230,0,0,10,0
Daniel Elahi Galan,38,1234,0,0,0,0
Daniel Elahi Galan,39,1235,0,0,0,0
Daniel Evans,52,1196,0,0,0,0
Daniel Evans,1,1196,0,0,0,0
Daniel Evans,2,1197,0,0,0,0
Daniel Evans,2,1198,0,0,0,0
Daniel Evans,5,1200,0,0,0,0
Daniel Evans,6,1201,0,0,0,0
Daniel Evans,7,1202,0,0,0,0
Daniel Evans,8,1203,0,0,0,0
Daniel Evans,9,1204,0,0,20,0
Daniel Evans,10,1206,0,0,0,0
Daniel Evans,12,1208,0,0,0,0
Daniel Evans,14,1209,0,0,0,0
Daniel Evans,14,1210,0,0,0,0
Daniel Evans,16,1211,0,0,0,0
Daniel Evans,17,1213,0,0,0,0
Daniel Evans,19,1215,0,0,0,0
Daniel Evans,20,1216,0,0,0,0
Daniel Evans,21,1217,0,0,0,0
Daniel Evans,24,1219,0,45,0,0
Daniel Evans,25,1220,0,45,0,0
Daniel Evans,26,1221,0,90,0,0
Daniel Evans,25,1221,0,0,0,0
Daniel Evans,27,1222,0,45,0,0
Daniel Evans,29,1224,0,0,0,0
Daniel Evans,30,1225,0,0,45,0
Daniel Evans,29,1225,0,0,0,0
Daniel Evans,30,1226,0,0,0,0
Daniel Evans,32,1228,0,0,0,0
Daniel Evans,33,1229,0,0,0,0
Daniel Evans,34,1230,0,0,0,0
Daniel Evans,38,1234,0,0,0,0
Daniel Evans,39,1235,0,0,0,0
Daniil Medvedev,52,1196,0,0,0,0
Daniil Medvedev,1,1196,0,0,0,0
Daniil Medvedev,2,1197,0,0,0,0
Daniil Medvedev,2,1198,0,0,45,0
Daniil Medvedev,5,1200,0,0,0,0
Daniil Medvedev,6,1201,0,0,45,0
Daniil Medvedev,7,1202,0,0,180,0
Daniil Medvedev,8,1203,0,0,90,0
Daniil Medvedev,9,1204,0,0,90,0
Daniil Medvedev,10,1206,0,0,360,0
Daniil Medvedev,12,1208,0,0,25,0
Daniil Medvedev,14,1209,0,0,0,0
Daniil Medvedev,14,1210,90,0,0,0
Daniil Medvedev,16,1211,0,0,0,0
Daniil Medvedev,17,1213,180,0,0,0
Daniil Medvedev,19,1215,90,0,0,0
Daniil Medvedev,20,1216,0,0,0,0
Daniil Medvedev,21,1217,10,0,0,0
Daniil Medvedev,24,1219,0,90,0,0
Daniil Medvedev,25,1220,0,300,0,0
Daniil Medvedev,26,1221,0,0,0,0
Daniil Medvedev,25,1221,0,0,0,0
Daniil Medvedev,27,1222,0,10,0,0
Daniil Medvedev,29,1224,0,0,0,0
Daniil Medvedev,30,1225,0,0,90,0
Daniil Medvedev,29,1225,0,0,0,0
Daniil Medvedev,30,1226,0,0,45,0
Daniil Medvedev,32,1228,0,0,25,0
Daniil Medvedev,33,1229,0,0,0,0
Daniil Medvedev,34,1230,0,0,10,0
Daniil Medvedev,38,1234,0,0,90,0
Daniil Medvedev,39,1235,0,0,180,0
Darwin Blanch,52,1196,0,0,0,0
Darwin Blanch,1,1196,0,0,0,0
Darwin Blanch,2,1197,0,0,0,0
Darwin Blanch,2,1198,0,0,0,0
Darwin Blanch,5,1200,0,0,0,0
Darwin Blanch,6,1201,0,0,0,0
Darwin Blanch,7,1202,0,0,0,0
Darwin Blanch,8,1203,0,0,0,0
Darwin Blanch,9,1204,0,0,0,0
Darwin Blanch,10,1206,0,0,0,0
Darwin Blanch,12,1208,0,0,0,0
Darwin Blanch,14,1209,0,0,0,0
Darwin Blanch,14,1210,0,0,0,0
Darwin Blanch,16,1211,0,0,0,0
Darwin Blanch,17,1213,0,0,0,0
Darwin Blanch,19,1215,0,0,0,0
Darwin Blanch,20,1216,0,0,0,0
Darwin Blanch,21,1217,0,0,0,0
Darwin Blanch,24,1219,0,0,0,0
Darwin Blanch,25,1220,0,0,0,0
Darwin Blanch,26,1221,0,0,0,0
Darwin Blanch,25,1221,0,0,0,0
Darwin Blanch,27,1222,0,0,0,0
Darwin Blanch,29,1224,0,0,0,0
Darwin Blanch,30,1225,0,0,0,0
Darwin Blanch,29,1225,0,0,0,0
Darwin Blanch,30,1226,0,0,0,0
Darwin Blanch,32,1228,0,0,0,0
Darwin Blanch,33,1229,0,0,20,0
Darwin Blanch,34,1230,0,0,10,0
Darwin Blanch,38,1234,0,0,0,0
Darwin Blanch,39,1235,0,0,0,0
David Goffin,52,1196,0,0,20,0
David Goffin,1,1196,0,0,0,0
David Goffin,2,1197,0,0,20,0
David Goffin,2,1198,0,0,10,0
David Goffin,5,1200,0,0,20,0
David Goffin,6,1201,0,0,20,0
David Goffin,7,1202,0,0,0,0
David Goffin,8,1203,0,0,0,0
David Goffin,9,1204,0,0,90,0
David Goffin,10,1206,0,0,25,0
David Goffin,12,1208,0,0,45,0
David Goffin,14,1209,0,0,0,0
David Goffin,14,1210,0,0,0,0
David Goffin,16,1211,90,0,0,0
David Goffin,17,1213,10,0,0,0
David Goffin,19,1215,0,0,0,0
David Goffin,20,1216,0,0,0,0
David Goffin,21,1217,0,0,0,0
David Goffin,24,1219,0,0,0,0
David Goffin,25,1220,0,0,0,0
David Goffin,26,1221,0,0,0,0
David Goffin,25,1221,0,0,0,0
David Goffin,27,1222,0,10,0,0
David Goffin,29,1224,45,0,0,0
David Goffin,30,1225,0,0,0,0
David Goffin,29,1225,0,0,0,0
David Goffin,30,1226,0,0,10,0
David Goffin,32,1228,0,0,10,0
David Goffin,33,1229,0,0,0,0
David Goffin,34,1230,0,0,45,0
David Goffin,38,1234,0,0,20,0
David Goffin,39,1235,0,0,20,0
Denis Shapovalov,52,1196,0,0,0,0
Denis Shapovalov,1,1196,0,0,20,0
Denis Shapovalov,2,1197,0,0,45,0
Denis Shapovalov,2,1198,0,0,45,0
Denis Shapovalov,5,1200,0,0,0,0
Denis Shapovalov,6,1201,0,0,500,0
Denis Shapovalov,7,1202,0,0,0,0
Denis Shapovalov,8,1203,0,0,0,0
Denis Shapovalov,9,1204,0,0,180,0
Denis Shapovalov,10,1206,0,0,45,0
Denis Shapovalov,12,1208,0,0,45,0
Denis Shapovalov,14,1209,0,0,0,0
Denis Shapovalov,14,1210,25,0,0,0
Denis Shapovalov,16,1211,20,0,0,0
Denis Shapovalov,17,1213,45,0,0,0
Denis Shapovalov,19,1215,25,0,0,0
Denis Shapovalov,20,1216,0,0,0,0
Denis Shapovalov,21,1217,45,0,0,0
Denis Shapovalov,24,1219,0,20,0,0
Denis Shapovalov,25,1220,0,45,0,0
Denis Shapovalov,26,1221,0,0,0,0
Denis Shapovalov,25,1221,0,0,0,0
Denis Shapovalov,27,1222,0,10,0,0
Denis Shapovalov,29,1224,0,0,500,0
Denis Shapovalov,30,1225,0,0,0,0
Denis Shapovalov,29,1225,0,0,0,0
Denis Shapovalov,30,1226,0,0,25,0
Denis Shapovalov,32,1228,0,0,25,0
Denis Shapovalov,33,1229,0,0,0,0
Denis Shapovalov,34,1230,0,0,90,0
Denis Shapovalov,38,1234,0,0,0,0
Denis Shapovalov,39,1235,0,0,20,0
Dhakshineswar Suresh,52,1196,0,0,0,0
Dhakshineswar Suresh,1,1196,0,0,0,0
Dhakshineswar Suresh,2,1197,0,0,0,0
Dhakshineswar Suresh,2,1198,0,0,0,0
Dhakshineswar Suresh,5,1200,0,0,0,0
Dhakshineswar Suresh,6,1201,0,0,0,0
Dhakshineswar Suresh,7,1202,0,0,0,0
Dhakshineswar Suresh,8,1203,0,0,0,0
Dhakshineswar Suresh,9,1204,0,0,0,0
Dhakshineswar Suresh,10,1206,0,0,0,0
Dhakshineswar Suresh,12,1208,0,0,0,0
Dhakshineswar Suresh,14,1209,0,0,0,0
Dhakshineswar Suresh,14,1210,0,0,0,0
Dhakshineswar Suresh,16,1211,0,0,0,0
Dhakshineswar Suresh,17,1213,0,0,0,0
Dhakshineswar Suresh,19,1215,0,0,0,0
Dhakshineswar Suresh,20,1216,0,0,0,0
Dhakshineswar Suresh,21,1217,0,0,0,0
Dhakshineswar Suresh,24,1219,0,0,0,0
Dhakshineswar Suresh,25,1220,0,0,0,0
Dhakshineswar Suresh,26,1221,0,0,0,0
Dhakshineswar Suresh,25,1221,0,0,0,0
Dhakshineswar Suresh,27,1222,0,0,0,0
Dhakshineswar Suresh,29,1224,0,0,0,0
Dhakshineswar Suresh,30,1225,0,0,0,0
Dhakshineswar Suresh,29,1225,0,0,0,0
Dhakshineswar Suresh,30,1226,0,0,0,0
Dhakshineswar Suresh,32,1228,0,0,0,0
Dhakshineswar Suresh,33,1229,0,0,0,0
Dhakshineswar Suresh,34,1230,0,0,0,0
Dhakshineswar Suresh,38,1234,0,0,0,0
Dhakshineswar Suresh,39,1235,0,0,0,0
Diego Dedura,52,1196,0,0,0,0
Diego Dedura,1,1196,0,0,0,0
Diego Dedura,2,1197,0,0,0,0
Diego Dedura,2,1198,0,0,0,0
Diego Dedura,5,1200,0,0,0,0
Diego Dedura,6,1201,0,0,0,0
Diego Dedura,7,1202,0,0,0,0
Diego Dedura,8,1203,0,0,0,0
Diego Dedura,9,1204,0,0,0,0
Diego Dedura,10,1206,0,0,0,0
Diego Dedura,12,1208,0,0,0,0
Diego Dedura,14,1209,0,0,0,0
Diego Dedura,14,1210,0,0,0,0
Diego Dedura,16,1211,45,0,0,0
Diego Dedura,17,1213,0,0,0,0
Diego Dedura,19,1215,0,0,0,0
Diego Dedura,20,1216,20,0,0,0
Diego Dedura,21,1217,0,0,0,0
Diego Dedura,24,1219,0,0,0,0
Diego Dedura,25,1220,0,0,0,0
Diego Dedura,26,1221,0,0,0,0
Diego Dedura,25,1221,0,0,0,0
Diego Dedura,27,1222,0,0,0,0
Diego Dedura,29,1224,0,0,0,0
Diego Dedura,30,1225,0,0,0,0
Diego Dedura,29,1225,0,0,0,0
Diego Dedura,30,1226,0,0,0,0
Diego Dedura,32,1228,0,0,0,0
Diego Dedura,33,1229,0,0,0,0
Diego Dedura,34,1230,0,0,0,0
Diego Dedura,38,1234,0,0,0,0
Diego Dedura,39,1235,0,0,0,0
Diego Schwartzman,52,1196,0,0,0,0
Diego Schwartzman,1,1196,0,0,0,0
Diego Schwartzman,2,1197,0,0,0,0
Diego Schwartzman,2,1198,0,0,0,0
Diego Schwartzman,5,1200,0,0,0,0
Diego Schwartzman,6,1201,0,0,0,0
Diego Schwartzman,7,1202,45,0,0,0
Diego Schwartzman,8,1203,0,0,0,0
Diego Schwartzman,9,1204,0,0,0,0
Diego Schwartzman,10,1206,0,0,0,0
Diego Schwartzman,12,1208,0,0,0,0
Diego Schwartzman,14,1209,0,0,0,0
Diego Schwartzman,14,1210,0,0,0,0
Diego Schwartzman,16,1211,0,0,0,0
Diego Schwartzman,17,1213,0,0,0,0
Diego Schwartzman,19,1215,0,0,0,0
Diego Schwartzman,20,1216,0,0,0,0
Diego Schwartzman,21,1217,0,0,0,0
Diego Schwartzman,24,1219,0,0,0,0
Diego Schwartzman,25,1220,0,0,0,0
Diego Schwartzman,26,1221,0,0,0,0
Diego Schwartzman,25,1221,0,0,0,0
Diego Schwartzman,27,1222,0,0,0,0
Diego Schwartzman,29,1224,0,0,0,0
Diego Schwartzman,30,1225,0,0,0,0
Diego Schwartzman,29,1225,0,0,0,0
Diego Schwartzman,30,1226,0,0,0,0
Diego Schwartzman,32,1228,0,0,0,0
Diego Schwartzman,33,1229,0,0,0,0
Diego Schwartzman,34,1230,0,0,0,0
Diego Schwartzman,38,1234,0,0,0,0
Diego Schwartzman,39,1235,0,0,0,0
Dino Prizmic,52,1196,0,0,0,0
Dino Prizmic,1,1196,0,0,0,0
Dino Prizmic,2,1197,0,0,0,0
Dino Prizmic,2,1198,0,0,0,0
Dino Prizmic,5,1200,0,0,0,0
Dino Prizmic,6,1201,0,0,0,0
Dino Prizmic,7,1202,0,0,0,0
Dino Prizmic,8,1203,0,0,0,0
Dino Prizmic,9,1204,0,0,0,0
Dino Prizmic,10,1206,0,0,0,0
Dino Prizmic,12,1208,0,0,0,0
Dino Prizmic,14,1209,0,0,0,0
Dino Prizmic,14,1210,0,0,0,0
Dino Prizmic,16,1211,0,0,0,0
Dino Prizmic,17,1213,0,0,0,0
Dino Prizmic,19,1215,0,0,0,0
Dino Prizmic,20,1216,0,0,0,0
Dino Prizmic,21,1217,0,0,0,0
Dino Prizmic,24,1219,0,0,0,0
Dino Prizmic,25,1220,0,0,0,0
Dino Prizmic,26,1221,0,0,0,0
Dino Prizmic,25,1221,0,0,0,0
Dino Prizmic,27,1222,0,0,0,0
Dino Prizmic,29,1224,0,0,0,0
Dino Prizmic,30,1225,0,0,0,0
Dino Prizmic,29,1225,90,0,0,0
Dino Prizmic,30,1226,0,0,0,0
Dino Prizmic,32,1228,0,0,0,0
Dino Prizmic,33,1229,0,0,0,0
Dino Prizmic,34,1230,0,0,10,0
Dino Prizmic,38,1234,0,0,45,0
Dino Prizmic,39,1235,0,0,0,0
Dmitry Popko,52,1196,0,0,0,0
Dmitry Popko,1,1196,0,0,0,0
Dmitry Popko,2,1197,0,0,0,0
Dmitry Popko,2,1198,0,0,0,0
Dmitry Popko,5,1200,0,0,0,0
Dmitry Popko,6,1201,0,0,0,0
Dmitry Popko,7,1202,0,0,20,0
Dmitry Popko,8,1203,0,0,0,0
Dmitry Popko,9,1204,0,0,0,0
Dmitry Popko,10,1206,0,0,0,0
Dmitry Popko,12,1208,0,0,0,0
Dmitry Popko,14,1209,0,0,0,0
Dmitry Popko,14,1210,0,0,0,0
Dmitry Popko,16,1211,0,0,0,0
Dmitry Popko,17,1213,0,0,0,0
Dmitry Popko,19,1215,0,0,0,0
Dmitry Popko,20,1216,0,0,0,0
Dmitry Popko,21,1217,0,0,0,0
Dmitry Popko,24,1219,0,0,0,0
Dmitry Popko,25,1220,0,0,0,0
Dmitry Popko,26,1221,0,0,0,0
Dmitry Popko,25,1221,0,0,0,0
Dmitry Popko,27,1222,0,0,0,0
Dmitry Popko,29,1224,0,0,0,0
Dmitry Popko,30,1225,0,0,0,0
Dmitry Popko,29,1225,0,0,0,0
Dmitry Popko,30,1226,0,0,0,0
Dmitry Popko,32,1228,0,0,0,0
Dmitry Popko,33,1229,0,0,0,0
Dmitry Popko,34,1230,0,0,0,0
Dmitry Popko,38,1234,0,0,0,0
Dmitry Popko,39,1235,0,0,0,0
Dominic Stricker,52,1196,0,0,0,0
Dominic Stricker,1,1196,0,0,0,0
Dominic Stricker,2,1197,0,0,0,0
Dominic Stricker,2,1198,0,0,10,0
Dominic Stricker,5,1200,0,0,0,0
Dominic Stricker,6,1201,0,0,0,0
Dominic Stricker,7,1202,0,0,0,0
Dominic Stricker,8,1203,0,0,0,0
Dominic Stricker,9,1204,0,0,0,0
Dominic Stricker,10,1206,0,0,0,0
Dominic Stricker,12,1208,0,0,0,0
Dominic Stricker,14,1209,0,0,0,0
Dominic Stricker,14,1210,0,0,0,0
Dominic Stricker,16,1211,0,0,0,0
Dominic Stricker,17,1213,0,0,0,0
Dominic Stricker,19,1215,0,0,0,0
Dominic Stricker,20,1216,20,0,0,0
Dominic Stricker,21,1217,0,0,0,0
Dominic Stricker,24,1219,0,0,0,0
Dominic Stricker,25,1220,0,0,0,0
Dominic Stricker,26,1221,0,0,0,0
Dominic Stricker,25,1221,0,0,0,0
Dominic Stricker,27,1222,0,0,0,0
Dominic Stricker,29,1224,45,0,0,0
Dominic Stricker,30,1225,0,0,0,0
Dominic Stricker,29,1225,0,0,0,0
Dominic Stricker,30,1226,0,0,0,0
Dominic Stricker,32,1228,0,0,0,0
Dominic Stricker,33,1229,0,0,0,0
Dominic Stricker,34,1230,0,0,0,0
Dominic Stricker,38,1234,0,0,0,0
Dominic Stricker,39,1235,0,0,0,0
Dominik Koepfer,52,1196,0,0,0,0
Dominik Koepfer,1,1196,0,0,0,0
Dominik Koepfer,2,1197,0,0,0,0
Dominik Koepfer,2,1198,0,0,10,0
Dominik Koepfer,5,1200,0,0,45,0
Dominik Koepfer,6,1201,0,0,0,0
Dominik Koepfer,7,1202,0,0,0,0
Dominik Koepfer,8,1203,0,0,0,0
Dominik Koepfer,9,1204,0,0,0,0
Dominik Koepfer,10,1206,0,0,0,0
Dominik Koepfer,12,1208,0,0,0,0
Dominik Koepfer,14,1209,0,0,0,0
Dominik Koepfer,14,1210,0,0,0,0
Dominik Koepfer,16,1211,0,0,0,0
Dominik Koepfer,17,1213,0,0,0,0
Dominik Koepfer,19,1215,0,0,0,0
Dominik Koepfer,20,1216,0,0,0,0
Dominik Koepfer,21,1217,0,0,0,0
Dominik Koepfer,24,1219,0,0,0,0
Dominik Koepfer,25,1220,0,0,0,0
Dominik Koepfer,26,1221,0,0,0,0
Dominik Koepfer,25,1221,0,0,0,0
Dominik Koepfer,27,1222,0,0,0,0
Dominik Koepfer,29,1224,0,0,0,0
Dominik Koepfer,30,1225,0,0,0,0
Dominik Koepfer,29,1225,0,0,0,0
Dominik Koepfer,30,1226,0,0,0,0
Dominik Koepfer,32,1228,0,0,0,0
Dominik Koepfer,33,1229,0,0,0,0
Dominik Koepfer,34,1230,0,0,0,0
Dominik Koepfer,38,1234,0,0,0,0
Dominik Koepfer,39,1235,0,0,0,0
Dusan Lajovic,52,1196,0,0,45,0
Dusan Lajovic,1,1196,0,0,0,0
Dusan Lajovic,2,1197,0,0,0,0
Dusan Lajovic,2,1198,0,0,10,0
Dusan Lajovic,5,1200,0,0,0,0
Dusan Lajovic,6,1201,0,0,0,0
Dusan Lajovic,7,1202,45,0,0,0
Dusan Lajovic,8,1203,20,0,0,0
Dusan Lajovic,9,1204,0,0,0,0
Dusan Lajovic,10,1206,0,0,25,0
Dusan Lajovic,12,1208,0,0,0,0
Dusan Lajovic,14,1209,20,0,0,0
Dusan Lajovic,14,1210,25,0,0,0
Dusan Lajovic,16,1211,0,0,0,0
Dusan Lajovic,17,1213,10,0,0,0
Dusan Lajovic,19,1215,25,0,0,0
Dusan Lajovic,20,1216,20,0,0,0
Dusan Lajovic,21,1217,10,0,0,0
Dusan Lajovic,24,1219,0,0,0,0
Dusan Lajovic,25,1220,0,0,0,0
Dusan Lajovic,26,1221,0,0,0,0
Dusan Lajovic,25,1221,0,0,0,0
Dusan Lajovic,27,1222,0,10,0,0
Dusan Lajovic,29,1224,0,0,0,0
Dusan Lajovic,30,1225,0,0,0,0
Dusan Lajovic,29,1225,20,0,0,0
Dusan Lajovic,30,1226,0,0,0,0
Dusan Lajovic,32,1228,0,0,0,0
Dusan Lajovic,33,1229,0,0,0,0
Dusan Lajovic,34,1230,0,0,0,0
Dusan Lajovic,38,1234,0,0,0,0
Dusan Lajovic,39,1235,0,0,0,0
Elias Ymer,52,1196,0,0,0,0
Elias Ymer,1,1196,0,0,0,0
Elias Ymer,2,1197,0,0,0,0
Elias Ymer,2,1198,0,0,0,0
Elias Ymer,5,1200,0,0,0,0
Elias Ymer,6,1201,0,0,0,0
Elias Ymer,7,1202,0,0,0,0
Elias Ymer,8,1203,0,0,0,0
Elias Ymer,9,1204,0,0,0,0
Elias Ymer,10,1206,0,0,0,0
Elias Ymer,12,1208,0,0,0,0
Elias Ymer,14,1209,0,0,0,0
Elias Ymer,14,1210,0,0,0,0
Elias Ymer,16,1211,0,0,0,0
Elias Ymer,17,1213,0,0,0,0
Elias Ymer,19,1215,0,0,0,0
Elias Ymer,20,1216,20,0,0,0
Elias Ymer,21,1217,0,0,0,0
Elias Ymer,24,1219,0,0,0,0
Elias Ymer,25,1220,0,0,0,0
Elias Ymer,26,1221,0,0,0,0
Elias Ymer,25,1221,0,0,0,0
Elias Ymer,27,1222,0,0,0,0
Elias Ymer,29,1224,45,0,0,0
Elias Ymer,30,1225,0,0,0,0
Elias Ymer,29,1225,0,0,0,0
Elias Ymer,30,1226,0,0,0,0
Elias Ymer,32,1228,0,0,0,0
Elias Ymer,33,1229,0,0,0,0
Elias Ymer,34,1230,0,0,0,0
Elias Ymer,38,1234,0,0,0,0
Elias Ymer,39,1235,0,0,0,0
Eliot Spizzirri,52,1196,0,0,0,0
Eliot Spizzirri,1,1196,0,0,0,0
Eliot Spizzirri,2,1197,0,0,0,0
Eliot Spizzirri,2,1198,0,0,0,0
Eliot Spizzirri,5,1200,0,0,0,0
Eliot Spizzirri,6,1201,0,0,0,0
Eliot Spizzirri,7,1202,0,0,0,0
Eliot Spizzirri,8,1203,0,0,0,0
Eliot Spizzirri,9,1204,0,0,0,0
Eliot Spizzirri,10,1206,0,0,0,0
Eliot Spizzirri,12,1208,0,0,25,0
Eliot Spizzirri,14,1209,0,0,0,0
Eliot Spizzirri,14,1210,0,0,0,0
Eliot Spizzirri,16,1211,0,0,0,0
Eliot Spizzirri,17,1213,0,0,0,0
Eliot Spizzirri,19,1215,0,0,0,0
Eliot Spizzirri,20,1216,0,0,0,0
Eliot Spizzirri,21,1217,0,0,0,0
Eliot Spizzirri,24,1219,0,0,0,0
Eliot Spizzirri,25,1220,0,0,0,0
Eliot Spizzirri,26,1221,0,0,0,0
Eliot Spizzirri,25,1221,0,0,0,0
Eliot Spizzirri,27,1222,0,0,0,0
Eliot Spizzirri,29,1224,0,0,0,0
Eliot Spizzirri,30,1225,0,0,0,0
Eliot Spizzirri,29,1225,0,0,0,0
Eliot Spizzirri,30,1226,0,0,0,0
Eliot Spizzirri,32,1228,0,0,0,0
Eliot Spizzirri,33,1229,0,0,0,0
Eliot Spizzirri,34,1230,0,0,45,0
Eliot Spizzirri,38,1234,0,0,0,0
Eliot Spizzirri,39,1235,0,0,0,0
Elliot Benchetrit,52,1196,0,0,0,0
Elliot Benchetrit,1,1196,0,0,0,0
Elliot Benchetrit,2,1197,0,0,0,0
Elliot Benchetrit,2,1198,0,0,0,0
Elliot Benchetrit,5,1200,0,0,0,0
Elliot Benchetrit,6,1201,0,0,0,0
Elliot Benchetrit,7,1202,0,0,0,0
Elliot Benchetrit,8,1203,0,0,0,0
Elliot Benchetrit,9,1204,0,0,0,0
Elliot Benchetrit,10,1206,0,0,0,0
Elliot Benchetrit,12,1208,0,0,0,0
Elliot Benchetrit,14,1209,20,0,0,0
Elliot Benchetrit,14,1210,0,0,0,0
Elliot Benchetrit,16,1211,0,0,0,0
Elliot Benchetrit,17,1213,0,0,0,0
Elliot Benchetrit,19,1215,0,0,0,0
Elliot Benchetrit,20,1216,0,0,0,0
Elliot Benchetrit,21,1217,0,0,0,0
Elliot Benchetrit,24,1219,0,0,0,0
Elliot Benchetrit,25,1220,0,0,0,0
Elliot Benchetrit,26,1221,0,0,0,0
Elliot Benchetrit,25,1221,0,0,0,0
Elliot Benchetrit,27,1222,0,0,0,0
Elliot Benchetrit,29,1224,0,0,0,0
Elliot Benchetrit,30,1225,0,0,0,0
Elliot Benchetrit,29,1225,0,0,0,0
Elliot Benchetrit,30,1226,0,0,0,0
Elliot Benchetrit,32,1228,0,0,0,0
Elliot Benchetrit,33,1229,0,0,0,0
Elliot Benchetrit,34,1230,0,0,0,0
Elliot Benchetrit,38,1234,0,0,0,0
Elliot Benchetrit,39,1235,0,0,0,0
Elmer Moller,52,1196,0,0,0,0
Elmer Moller,1,1196,0,0,0,0
Elmer Moller,2,1197,0,0,0,0
Elmer Moller,2,1198,0,0,0,0
Elmer Moller,5,1200,0,0,0,0
Elmer Moller,6,1201,0,0,0,0
Elmer Moller,7,1202,0,0,0,0
Elmer Moller,8,1203,0,0,0,0
Elmer Moller,9,1204,0,0,0,0
Elmer Moller,10,1206,0,0,0,0
Elmer Moller,12,1208,0,0,0,0
Elmer Moller,14,1209,0,0,0,0
Elmer Moller,14,1210,0,0,0,0
Elmer Moller,16,1211,0,0,0,0
Elmer Moller,17,1213,10,0,0,0
Elmer Moller,19,1215,0,0,0,0
Elmer Moller,20,1216,0,0,0,0
Elmer Moller,21,1217,10,0,0,0
Elmer Moller,24,1219,0,0,0,0
Elmer Moller,25,1220,0,0,0,0
Elmer Moller,26,1221,0,0,0,0
Elmer Moller,25,1221,0,0,0,0
Elmer Moller,27,1222,0,10,0,0
Elmer Moller,29,1224,20,0,0,0
Elmer Moller,30,1225,0,0,0,0
Elmer Moller,29,1225,20,0,0,0
Elmer Moller,30,1226,0,0,0,0
Elmer Moller,32,1228,0,0,0,0
Elmer Moller,33,1229,0,0,0,0
Elmer Moller,34,1230,0,0,10,0
Elmer Moller,38,1234,0,0,0,0
Elmer Moller,39,1235,0,0,0,0
Emil Ruusuvuori,52,1196,0,0,0,0
Emil Ruusuvuori,1,1196,0,0,0,0
Emil Ruusuvuori,2,1197,0,0,0,0
Emil Ruusuvuori,2,1198,0,0,0,0
Emil Ruusuvuori,5,1200,0,0,0,0
Emil Ruusuvuori,6,1201,0,0,0,0
Emil Ruusuvuori,7,1202,0,0,0,0
Emil Ruusuvuori,8,1203,0,0,0,0
Emil Ruusuvuori,9,1204,0,0,0,0
Emil Ruusuvuori,10,1206,0,0,0,0
Emil Ruusuvuori,12,1208,0,0,0,0
Emil Ruusuvuori,14,1209,0,0,0,0
Emil Ruusuvuori,14,1210,0,0,0,0
Emil Ruusuvuori,16,1211,0,0,0,0
Emil Ruusuvuori,17,1213,0,0,0,0
Emil Ruusuvuori,19,1215,0,0,0,0
Emil Ruusuvuori,20,1216,0,0,0,0
Emil Ruusuvuori,21,1217,0,0,0,0
Emil Ruusuvuori,24,1219,0,0,0,0
Emil Ruusuvuori,25,1220,0,0,0,0
Emil Ruusuvuori,26,1221,0,0,0,0
Emil Ruusuvuori,25,1221,0,0,0,0
Emil Ruusuvuori,27,1222,0,0,0,0
Emil Ruusuvuori,29,1224,0,0,0,0
Emil Ruusuvuori,30,1225,0,0,0,0
Emil Ruusuvuori,29,1225,0,0,0,0
Emil Ruusuvuori,30,1226,0,0,0,0
Emil Ruusuvuori,32,1228,0,0,0,0
Emil Ruusuvuori,33,1229,0,0,0,0
Emil Ruusuvuori,34,1230,0,0,10,0
Emil Ruusuvuori,38,1234,0,0,0,0
Emil Ruusuvuori,39,1235,0,0,0,0
Emilio Nava,52,1196,0,0,0,0
Emilio Nava,1,1196,0,0,0,0
Emilio Nava,2,1197,0,0,0,0
Emilio Nava,2,1198,0,0,0,0
Emilio Nava,5,1200,0,0,0,0
Emilio Nava,6,1201,0,0,0,0
Emilio Nava,7,1202,0,0,0,0
Emilio Nava,8,1203,0,0,0,0
Emilio Nava,9,1204,0,0,0,0
Emilio Nava,10,1206,0,0,0,0
Emilio Nava,12,1208,0,0,0,0
Emilio Nava,14,1209,0,0,0,0
Emilio Nava,14,1210,0,0,0,0
Emilio Nava,16,1211,0,0,0,0
Emilio Nava,17,1213,0,0,0,0
Emilio Nava,19,1215,0,0,0,0
Emilio Nava,20,1216,0,0,0,0
Emilio Nava,21,1217,45,0,0,0
Emilio Nava,24,1219,0,0,0,0
Emilio Nava,25,1220,0,0,0,0
Emilio Nava,26,1221,0,0,0,0
Emilio Nava,25,1221,0,0,0,0
Emilio Nava,27,1222,0,0,0,0
Emilio Nava,29,1224,0,0,90,0
Emilio Nava,30,1225,0,0,0,0
Emilio Nava,29,1225,0,0,0,0
Emilio Nava,30,1226,0,0,45,0
Emilio Nava,32,1228,0,0,25,0
Emilio Nava,33,1229,0,0,0,0
Emilio Nava,34,1230,0,0,10,0
Emilio Nava,38,1234,0,0,0,0
Emilio Nava,39,1235,0,0,0,0
Ethan Quinn,52,1196,0,0,0,0
Ethan Quinn,1,1196,0,0,0,0
Ethan Quinn,2,1197,0,0,0,0
Ethan Quinn,2,1198,0,0,0,0
Ethan Quinn,5,1200,0,0,0,0
Ethan Quinn,6,1201,0,0,45,0
Ethan Quinn,7,1202,0,0,45,0
Ethan Quinn,8,1203,0,0,0,0
Ethan Quinn,9,1204,0,0,0,0
Ethan Quinn,10,1206,0,0,10,0
Ethan Quinn,12,1208,0,0,10,0
Ethan Quinn,14,1209,45,0,0,0
Ethan Quinn,14,1210,0,0,0,0
Ethan Quinn,16,1211,20,0,0,0
Ethan Quinn,17,1213,25,0,0,0
Ethan Quinn,19,1215,0,0,0,0
Ethan Quinn,20,1216,0,0,0,0
Ethan Quinn,21,1217,90,0,0,0
Ethan Quinn,24,1219,0,0,0,0
Ethan Quinn,25,1220,0,0,0,0
Ethan Quinn,26,1221,0,0,0,0
Ethan Quinn,25,1221,0,45,0,0
Ethan Quinn,27,1222,0,45,0,0
Ethan Quinn,29,1224,0,0,0,0
Ethan Quinn,30,1225,0,0,20,0
Ethan Quinn,29,1225,0,0,0,0
Ethan Quinn,30,1226,0,0,25,0
Ethan Quinn,32,1228,0,0,25,0
Ethan Quinn,33,1229,0,0,0,0
Ethan Quinn,34,1230,0,0,10,0
Ethan Quinn,38,1234,0,0,20,0
Ethan Quinn,39,1235,0,0,45,0
Fabian Marozsan,52,1196,0,0,0,0
Fabian Marozsan,1,1196,0,0,90,0
Fabian Marozsan,2,1197,0,0,0,0
Fabian Marozsan,2,1198,0,0,90,0
Fabian Marozsan,5,1200,0,0,0,0
Fabian Marozsan,6,1201,0,0,45,0
Fabian Marozsan,7,1202,0,0,0,0
Fabian Marozsan,8,1203,0,0,45,0
Fabian Marozsan,9,1204,0,0,20,0
Fabian Marozsan,10,1206,0,0,25,0
Fabian Marozsan,12,1208,0,0,10,0
Fabian Marozsan,14,1209,0,0,0,0
Fabian Marozsan,14,1210,25,0,0,0
Fabian Marozsan,16,1211,180,0,0,0
Fabian Marozsan,17,1213,10,0,0,0
Fabian Marozsan,19,1215,45,0,0,0
Fabian Marozsan,20,1216,45,0,0,0
Fabian Marozsan,21,1217,45,0,0,0
Fabian Marozsan,24,1219,0,0,0,0
Fabian Marozsan,25,1220,0,45,0,0
Fabian Marozsan,26,1221,0,20,0,0
Fabian Marozsan,25,1221,0,0,0,0
Fabian Marozsan,27,1222,0,45,0,0
Fabian Marozsan,29,1224,0,0,0,0
Fabian Marozsan,30,1225,0,0,20,0
Fabian Marozsan,29,1225,0,0,0,0
Fabian Marozsan,30,1226,0,0,45,0
Fabian Marozsan,32,1228,0,0,25,0
Fabian Marozsan,33,1229,0,0,0,0
Fabian Marozsan,34,1230,0,0,10,0
Fabian Marozsan,38,1234,0,0,0,0
Fabian Marozsan,39,1235,0,0,90,0
Fabio Fognini,52,1196,0,0,0,0
Fabio Fognini,1,1196,0,0,0,0
Fabio Fognini,2,1197,0,0,0,0
Fabio Fognini,2,1198,0,0,0,0
Fabio Fognini,5,1200,0,0,0,0
Fabio Fognini,6,1201,0,0,0,0
Fabio Fognini,7,1202,0,0,0,0
Fabio Fognini,8,1203,0,0,0,0
Fabio Fognini,9,1204,0,0,0,0
Fabio Fognini,10,1206,0,0,0,0
Fabio Fognini,12,1208,0,0,0,0
Fabio Fognini,14,1209,20,0,0,0
Fabio Fognini,14,1210,25,0,0,0
Fabio Fognini,16,1211,0,0,0,0
Fabio Fognini,17,1213,10,0,0,0
Fabio Fognini,19,1215,10,0,0,0
Fabio Fognini,20,1216,0,0,0,0
Fabio Fognini,21,1217,0,0,0,0
Fabio Fognini,24,1219,0,20,0,0
Fabio Fognini,25,1220,0,0,0,0
Fabio Fognini,26,1221,0,0,0,0
Fabio Fognini,25,1221,0,20,0,0
Fabio Fognini,27,1222,0,10,0,0
Fabio Fognini,29,1224,0,0,0,0
Fabio Fognini,30,1225,0,0,0,0
Fabio Fognini,29,1225,0,0,0,0
Fabio Fognini,30,1226,0,0,0,0
Fabio Fognini,32,1228,0,0,0,0
Fabio Fognini,33,1229,0,0,0,0
Fabio Fognini,34,1230,0,0,0,0
Fabio Fognini,38,1234,0,0,0,0
Fabio Fognini,39,1235,0,0,0,0
Facundo Bagnis,52,1196,0,0,0,0
Facundo Bagnis,1,1196,0,0,0,0
Facundo Bagnis,2,1197,0,0,0,0
Facundo Bagnis,2,1198,0,0,0,0
Facundo Bagnis,5,1200,0,0,0,0
Facundo Bagnis,6,1201,0,0,0,0
Facundo Bagnis,7,1202,0,0,0,0
Facundo Bagnis,8,1203,0,0,0,0
Facundo Bagnis,9,1204,0,0,0,0
Facundo Bagnis,10,1206,0,0,0,0
Facundo Bagnis,12,1208,0,0,0,0
Facundo Bagnis,14,1209,0,0,0,0
Facundo Bagnis,14,1210,0,0,0,0
Facundo Bagnis,16,1211,0,0,0,0
Facundo Bagnis,17,1213,0,0,0,0
Facundo Bagnis,19,1215,0,0,0,0
Facundo Bagnis,20,1216,0,0,0,0
Facundo Bagnis,21,1217,0,0,0,0
Facundo Bagnis,24,1219,0,0,0,0
Facundo Bagnis,25,1220,0,0,0,0
Facundo Bagnis,26,1221,0,0,0,0
Facundo Bagnis,25,1221,0,0,0,0
Facundo Bagnis,27,1222,0,0,0,0
Facundo Bagnis,29,1224,0,0,0,0
Facundo Bagnis,30,1225,20,0,0,0
Facundo Bagnis,29,1225,0,0,0,0
Facundo Bagnis,30,1226,0,0,25,0
Facundo Bagnis,32,1228,0,0,0,0
Facundo Bagnis,33,1229,0,0,0,0
Facundo Bagnis,34,1230,0,0,0,0
Facundo Bagnis,38,1234,0,0,0,0
Facundo Bagnis,39,1235,0,0,0,0
Facundo Diaz Acosta,52,1196,0,0,0,0
Facundo Diaz Acosta,1,1196,0,0,0,0
Facundo Diaz Acosta,2,1197,0,0,90,0
Facundo Diaz Acosta,2,1198,0,0,45,0
Facundo Diaz Acosta,5,1200,0,0,0,0
Facundo Diaz Acosta,6,1201,0,0,0,0
Facundo Diaz Acosta,7,1202,20,0,0,0
Facundo Diaz Acosta,8,1203,20,0,0,0
Facundo Diaz Acosta,9,1204,20,0,0,0
Facundo Diaz Acosta,10,1206,0,0,0,0
Facundo Diaz Acosta,12,1208,0,0,0,0
Facundo Diaz Acosta,14,1209,0,0,0,0
Facundo Diaz Acosta,14,1210,0,0,0,0
Facundo Diaz Acosta,16,1211,0,0,0,0
Facundo Diaz Acosta,17,1213,0,0,0,0
Facundo Diaz Acosta,19,1215,0,0,0,0
Facundo Diaz Acosta,20,1216,0,0,0,0
Facundo Diaz Acosta,21,1217,0,0,0,0
Facundo Diaz Acosta,24,1219,0,0,0,0
Facundo Diaz Acosta,25,1220,0,0,0,0
Facundo Diaz Acosta,26,1221,0,0,0,0
Facundo Diaz Acosta,25,1221,0,0,0,0
Facundo Diaz Acosta,27,1222,0,0,0,0
Facundo Diaz Acosta,29,1224,0,0,0,0
Facundo Diaz Acosta,30,1225,0,0,0,0
Facundo Diaz Acosta,29,1225,0,0,0,0
Facundo Diaz Acosta,30,1226,0,0,0,0
Facundo Diaz Acosta,32,1228,0,0,0,0
Facundo Diaz Acosta,33,1229,0,0,0,0
Facundo Diaz Acosta,34,1230,0,0,0,0
Facundo Diaz Acosta,38,1234,0,0,0,0
Facundo Diaz Acosta,39,1235,0,0,0,0
Fajing Sun,52,1196,0,0,0,0
Fajing Sun,1,1196,0,0,0,0
Fajing Sun,2,1197,0,0,0,0
Fajing Sun,2,1198,0,0,0,0
Fajing Sun,5,1200,0,0,0,0
Fajing Sun,6,1201,0,0,0,0
Fajing Sun,7,1202,0,0,0,0
Fajing Sun,8,1203,0,0,0,0
Fajing Sun,9,1204,0,0,0,0
Fajing Sun,10,1206,0,0,0,0
Fajing Sun,12,1208,0,0,0,0
Fajing Sun,14,1209,0,0,0,0
Fajing Sun,14,1210,0,0,0,0
Fajing Sun,16,1211,0,0,0,0
Fajing Sun,17,1213,0,0,0,0
Fajing Sun,19,1215,0,0,0,0
Fajing Sun,20,1216,0,0,0,0
Fajing Sun,21,1217,0,0,0,0
Fajing Sun,24,1219,0,0,0,0
Fajing Sun,25,1220,0,0,0,0
Fajing Sun,26,1221,0,0,0,0
Fajing Sun,25,1221,0,0,0,0
Fajing Sun,27,1222,0,0,0,0
Fajing Sun,29,1224,0,0,0,0
Fajing Sun,30,1225,0,0,0,0
Fajing Sun,29,1225,0,0,0,0
Fajing Sun,30,1226,0,0,0,0
Fajing Sun,32,1228,0,0,0,0
Fajing Sun,33,1229,0,0,0,0
Fajing Sun,34,1230,0,0,0,0
Fajing Sun,38,1234,0,0,20,0
Fajing Sun,39,1235,0,0,0,0
Federico Agustin Gomez,52,1196,0,0,20,0
Federico Agustin Gomez,1,1196,0,0,0,0
Federico Agustin Gomez,2,1197,0,0,0,0
Federico Agustin Gomez,2,1198,0,0,0,0
Federico Agustin Gomez,5,1200,0,0,0,0
Federico Agustin Gomez,6,1201,0,0,0,0
Federico Agustin Gomez,7,1202,0,0,0,0
Federico Agustin Gomez,8,1203,0,0,0,0
Federico Agustin Gomez,9,1204,0,0,0,0
Federico Agustin Gomez,10,1206,0,0,0,0
Federico Agustin Gomez,12,1208,0,0,0,0
Federico Agustin Gomez,14,1209,0,0,0,0
Federico Agustin Gomez,14,1210,0,0,0,0
Federico Agustin Gomez,16,1211,0,0,0,0
Federico Agustin Gomez,17,1213,0,0,0,0
Federico Agustin Gomez,19,1215,0,0,0,0
Federico Agustin Gomez,20,1216,0,0,0,0
Federico Agustin Gomez,21,1217,45,0,0,0
Federico Agustin Gomez,24,1219,0,0,0,0
Federico Agustin Gomez,25,1220,0,0,0,0
Federico Agustin Gomez,26,1221,0,0,0,0
Federico Agustin Gomez,25,1221,0,0,0,0
Federico Agustin Gomez,27,1222,0,0,0,0
Federico Agustin Gomez,29,1224,0,0,0,0
Federico Agustin Gomez,30,1225,0,0,0,0
Federico Agustin Gomez,29,1225,0,0,0,0
Federico Agustin Gomez,30,1226,0,0,0,0
Federico Agustin Gomez,32,1228,0,0,0,0
Federico Agustin Gomez,33,1229,0,0,0,0
Federico Agustin Gomez,34,1230,0,0,10,0
Federico Agustin Gomez,38,1234,0,0,0,0
Federico Agustin Gomez,39,1235,0,0,0,0
Federico Cina,52,1196,0,0,0,0
Federico Cina,1,1196,0,0,0,0
Federico Cina,2,1197,0,0,0,0
Federico Cina,2,1198,0,0,0,0
Federico Cina,5,1200,0,0,0,0
Federico Cina,6,1201,0,0,0,0
Federico Cina,7,1202,0,0,0,0
Federico Cina,8,1203,0,0,0,0
Federico Cina,9,1204,0,0,0,0
Federico Cina,10,1206,0,0,0,0
Federico Cina,12,1208,0,0,25,0
Federico Cina,14,1209,0,0,0,0
Federico Cina,14,1210,0,0,0,0
Federico Cina,16,1211,0,0,0,0
Federico Cina,17,1213,25,0,0,0
Federico Cina,19,1215,10,0,0,0
Federico Cina,20,1216,0,0,0,0
Federico Cina,21,1217,0,0,0,0
Federico Cina,24,1219,0,0,0,0
Federico Cina,25,1220,0,0,0,0
Federico Cina,26,1221,0,0,0,0
Federico Cina,25,1221,0,0,0,0
Federico Cina,27,1222,0,0,0,0
Federico Cina,29,1224,0,0,0,0
Federico Cina,30,1225,0,0,0,0
Federico Cina,29,1225,0,0,0,0
Federico Cina,30,1226,0,0,0,0
Federico Cina,32,1228,0,0,0,0
Federico Cina,33,1229,0,0,0,0
Federico Cina,34,1230,0,0,0,0
Federico Cina,38,1234,0,0,0,0
Federico Cina,39,1235,0,0,0,0
Federico Coria,52,1196,0,0,0,0
Federico Coria,1,1196,0,0,0,0
Federico Coria,2,1197,0,0,0,0
Federico Coria,2,1198,0,0,10,0
Federico Coria,5,1200,0,0,0,0
Federico Coria,6,1201,0,0,0,0
Federico Coria,7,1202,45,0,0,0
Federico Coria,8,1203,0,0,0,0
Federico Coria,9,1204,90,0,0,0
Federico Coria,10,1206,0,0,0,0
Federico Coria,12,1208,0,0,0,0
Federico Coria,14,1209,20,0,0,0
Federico Coria,14,1210,0,0,0,0
Federico Coria,16,1211,0,0,0,0
Federico Coria,17,1213,0,0,0,0
Federico Coria,19,1215,0,0,0,0
Federico Coria,20,1216,0,0,0,0
Federico Coria,21,1217,0,0,0,0
Federico Coria,24,1219,0,0,0,0
Federico Coria,25,1220,0,0,0,0
Federico Coria,26,1221,0,0,0,0
Federico Coria,25,1221,0,0,0,0
Federico Coria,27,1222,0,0,0,0
Federico Coria,29,1224,0,0,0,0
Federico Coria,30,1225,0,0,0,0
Federico Coria,29,1225,0,0,0,0
Federico Coria,30,1226,0,0,0,0
Federico Coria,32,1228,0,0,0,0
Federico Coria,33,1229,0,0,0,0
Federico Coria,34,1230,0,0,0,0
Federico Coria,38,1234,0,0,0,0
Federico Coria,39,1235,0,0,0,0
Felipe Meligeni Alves,52,1196,0,0,0,0
Felipe Meligeni Alves,1,1196,0,0,0,0
Felipe Meligeni Alves,2,1197,0,0,0,0
Felipe Meligeni Alves,2,1198,0,0,0,0
Felipe Meligeni Alves,5,1200,0,0,0,0
Felipe Meligeni Alves,6,1201,0,0,0,0
Felipe Meligeni Alves,7,1202,0,0,0,0
Felipe Meligeni Alves,8,1203,20,0,0,0
Felipe Meligeni Alves,9,1204,20,0,0,0
Felipe Meligeni Alves,10,1206,0,0,0,0
Felipe Meligeni Alves,12,1208,0,0,0,0
Felipe Meligeni Alves,14,1209,0,0,0,0
Felipe Meligeni Alves,14,1210,0,0,0,0
Felipe Meligeni Alves,16,1211,0,0,0,0
Felipe Meligeni Alves,17,1213,0,0,0,0
Felipe Meligeni Alves,19,1215,0,0,0,0
Felipe Meligeni Alves,20,1216,0,0,0,0
Felipe Meligeni Alves,21,1217,0,0,0,0
Felipe Meligeni Alves,24,1219,0,0,0,0
Felipe Meligeni Alves,25,1220,0,0,0,0
Felipe Meligeni Alves,26,1221,0,0,0,0
Felipe Meligeni Alves,25,1221,0,0,0,0
Felipe Meligeni Alves,27,1222,0,0,0,0
Felipe Meligeni Alves,29,1224,0,0,0,0
Felipe Meligeni Alves,30,1225,0,0,0,0
Felipe Meligeni Alves,29,1225,0,0,0,0
Felipe Meligeni Alves,30,1226,0,0,0,0
Felipe Meligeni Alves,32,1228,0,0,0,0
Felipe Meligeni Alves,33,1229,0,0,0,0
Felipe Meligeni Alves,34,1230,0,0,0,0
Felipe Meligeni Alves,38,1234,0,0,0,0
Felipe Meligeni Alves,39,1235,0,0,0,0
Felix Auger-Aliassime,52,1196,0,0,0,0
Felix Auger-Aliassime,1,1196,0,0,0,0
Felix Auger-Aliassime,2,1197,0,0,500,0
Felix Auger-Aliassime,2,1198,0,0,45,0
Felix Auger-Aliassime,5,1200,0,0,500,0
Felix Auger-Aliassime,6,1201,0,0,20,0
Felix Auger-Aliassime,7,1202,0,0,0,0
Felix Auger-Aliassime,8,1203,0,0,180,0
Felix Auger-Aliassime,9,1204,0,0,300,0
Felix Auger-Aliassime,10,1206,0,0,25,0
Felix Auger-Aliassime,12,1208,0,0,45,0
Felix Auger-Aliassime,14,1209,0,0,0,0
Felix Auger-Aliassime,14,1210,25,0,0,0
Felix Auger-Aliassime,16,1211,20,0,0,0
Felix Auger-Aliassime,17,1213,25,0,0,0
Felix Auger-Aliassime,19,1215,0,0,0,0
Felix Auger-Aliassime,20,1216,180,0,0,0
Felix Auger-Aliassime,21,1217,10,0,0,0
Felix Auger-Aliassime,24,1219,0,180,0,0
Felix Auger-Aliassime,25,1220,0,45,0,0
Felix Auger-Aliassime,26,1221,0,0,0,0
Felix Auger-Aliassime,25,1221,0,180,0,0
Felix Auger-Aliassime,27,1222,0,45,0,0
Felix Auger-Aliassime,29,1224,0,0,0,0
Felix Auger-Aliassime,30,1225,0,0,0,0
Felix Auger-Aliassime,29,1225,0,0,0,0
Felix Auger-Aliassime,30,1226,0,0,25,0
Felix Auger-Aliassime,32,1228,0,0,180,0
Felix Auger-Aliassime,33,1229,0,0,0,0
Felix Auger-Aliassime,34,1230,0,0,720,0
Felix Auger-Aliassime,38,1234,0,0,0,0
Felix Auger-Aliassime,39,1235,0,0,0,0
Filip Cristian Jianu,52,1196,0,0,0,0
Filip Cristian Jianu,1,1196,0,0,0,0
Filip Cristian Jianu,2,1197,0,0,0,0
Filip Cristian Jianu,2,1198,0,0,0,0
Filip Cristian Jianu,5,1200,0,0,0,0
Filip Cristian Jianu,6,1201,0,0,0,0
Filip Cristian Jianu,7,1202,0,0,0,0
Filip Cristian Jianu,8,1203,0,0,0,0
Filip Cristian Jianu,9,1204,0,0,0,0
Filip Cristian Jianu,10,1206,0,0,0,0
Filip Cristian Jianu,12,1208,0,0,0,0
Filip Cristian Jianu,14,1209,45,0,0,0
Filip Cristian Jianu,14,1210,0,0,0,0
Filip Cristian Jianu,16,1211,0,0,0,0
Filip Cristian Jianu,17,1213,0,0,0,0
Filip Cristian Jianu,19,1215,0,0,0,0
Filip Cristian Jianu,20,1216,0,0,0,0
Filip Cristian Jianu,21,1217,0,0,0,0
Filip Cristian Jianu,24,1219,0,0,0,0
Filip Cristian Jianu,25,1220,0,0,0,0
Filip Cristian Jianu,26,1221,0,0,0,0
Filip Cristian Jianu,25,1221,0,0,0,0
Filip Cristian Jianu,27,1222,0,0,0,0
Filip Cristian Jianu,29,1224,0,0,0,0
Filip Cristian Jianu,30,1225,0,0,0,0
Filip Cristian Jianu,29,1225,0,0,0,0
Filip Cristian Jianu,30,1226,0,0,0,0
Filip Cristian Jianu,32,1228,0,0,0,0
Filip Cristian Jianu,33,1229,0,0,0,0
Filip Cristian Jianu,34,1230,0,0,0,0
Filip Cristian Jianu,38,1234,0,0,0,0
Filip Cristian Jianu,39,1235,0,0,0,0
Filip Misolic,52,1196,0,0,0,0
Filip Misolic,1,1196,0,0,0,0
Filip Misolic,2,1197,0,0,0,0
Filip Misolic,2,1198,0,0,0,0
Filip Misolic,5,1200,0,0,0,0
Filip Misolic,6,1201,0,0,0,0
Filip Misolic,7,1202,0,0,0,0
Filip Misolic,8,1203,0,0,0,0
Filip Misolic,9,1204,0,0,0,0
Filip Misolic,10,1206,0,0,0,0
Filip Misolic,12,1208,0,0,0,0
Filip Misolic,14,1209,90,0,0,0
Filip Misolic,14,1210,0,0,0,0
Filip Misolic,16,1211,0,0,0,0
Filip Misolic,17,1213,0,0,0,0
Filip Misolic,19,1215,0,0,0,0
Filip Misolic,20,1216,0,0,0,0
Filip Misolic,21,1217,90,0,0,0
Filip Misolic,24,1219,0,0,0,0
Filip Misolic,25,1220,0,0,0,0
Filip Misolic,26,1221,0,0,0,0
Filip Misolic,25,1221,0,0,0,0
Filip Misolic,27,1222,0,10,0,0
Filip Misolic,29,1224,90,0,0,0
Filip Misolic,30,1225,45,0,0,0
Filip Misolic,29,1225,0,0,0,0
Filip Misolic,30,1226,0,0,0,0
Filip Misolic,32,1228,0,0,0,0
Filip Misolic,33,1229,0,0,0,0
Filip Misolic,34,1230,0,0,0,0
Filip Misolic,38,1234,0,0,0,0
Filip Misolic,39,1235,0,0,0,0
Flavio Cobolli,52,1196,0,0,0,0
Flavio Cobolli,1,1196,0,0,0,0
Flavio Cobolli,2,1197,0,0,20,0
Flavio Cobolli,2,1198,0,0,10,0
Flavio Cobolli,5,1200,0,0,45,0
Flavio Cobolli,6,1201,0,0,20,0
Flavio Cobolli,7,1202,0,0,0,0
Flavio Cobolli,8,1203,0,0,0,0
Flavio Cobolli,9,1204,0,0,20,0
Flavio Cobolli,10,1206,0,0,10,0
Flavio Cobolli,12,1208,0,0,10,0
Flavio Cobolli,14,1209,500,0,0,0
Flavio Cobolli,14,1210,45,0,0,0
Flavio Cobolli,16,1211,20,0,0,0
Flavio Cobolli,17,1213,45,0,0,0
Flavio Cobolli,19,1215,10,0,0,0
Flavio Cobolli,20,1216,500,0,0,0
Flavio Cobolli,21,1217,90,0,0,0
Flavio Cobolli,24,1219,0,0,0,0
Flavio Cobolli,25,1220,0,90,0,0
Flavio Cobolli,26,1221,0,20,0,0
Flavio Cobolli,25,1221,0,0,0,0
Flavio Cobolli,27,1222,0,360,0,0
Flavio Cobolli,29,1224,0,0,0,0
Flavio Cobolli,30,1225,0,0,45,0
Flavio Cobolli,29,1225,0,0,0,0
Flavio Cobolli,30,1226,0,0,90,0
Flavio Cobolli,32,1228,0,0,25,0
Flavio Cobolli,33,1229,0,0,0,0
Flavio Cobolli,34,1230,0,0,90,0
Flavio Cobolli,38,1234,0,0,0,0
Flavio Cobolli,39,1235,0,0,45,0
Frances Tiafoe,52,1196,0,0,45,0
Frances Tiafoe,1,1196,0,0,0,0
Frances Tiafoe,2,1197,0,0,0,0
Frances Tiafoe,2,1198,0,0,45,0
Frances Tiafoe,5,1200,0,0,0,0
Frances Tiafoe,6,1201,0,0,45,0
Frances Tiafoe,7,1202,0,0,0,0
Frances Tiafoe,8,1203,0,0,0,0
Frances Tiafoe,9,1204,0,0,45,0
Frances Tiafoe,10,1206,0,0,45,0
Frances Tiafoe,12,1208,0,0,45,0
Frances Tiafoe,14,1209,300,0,0,0
Frances Tiafoe,14,1210,45,0,0,0
Frances Tiafoe,16,1211,20,0,0,0
Frances Tiafoe,17,1213,90,0,0,0
Frances Tiafoe,19,1215,25,0,0,0
Frances Tiafoe,20,1216,45,0,0,0
Frances Tiafoe,21,1217,360,0,0,0
Frances Tiafoe,24,1219,0,0,0,0
Frances Tiafoe,25,1220,0,20,0,0
Frances Tiafoe,26,1221,0,0,0,0
Frances Tiafoe,25,1221,0,0,0,0
Frances Tiafoe,27,1222,0,45,0,0
Frances Tiafoe,29,1224,0,0,0,0
Frances Tiafoe,30,1225,0,0,90,0
Frances Tiafoe,29,1225,0,0,0,0
Frances Tiafoe,30,1226,0,0,90,0
Frances Tiafoe,32,1228,0,0,90,0
Frances Tiafoe,33,1229,0,0,0,0
Frances Tiafoe,34,1230,0,0,90,0
Frances Tiafoe,38,1234,0,0,0,0
Frances Tiafoe,39,1235,0,0,20,0
Francesco Passaro,52,1196,0,0,0,0
Francesco Passaro,1,1196,0,0,20,0
Francesco Passaro,2,1197,0,0,0,0
Francesco Passaro,2,1198,0,0,45,0
Francesco Passaro,5,1200,0,0,0,0
Francesco Passaro,6,1201,0,0,0,0
Francesco Passaro,7,1202,0,0,0,0
Francesco Passaro,8,1203,0,0,0,0
Francesco Passaro,9,1204,0,0,0,0
Francesco Passaro,10,1206,0,0,0,0
Francesco Passaro,12,1208,0,0,0,0
Francesco Passaro,14,1209,0,0,0,0
Francesco Passaro,14,1210,0,0,0,0
Francesco Passaro,16,1211,0,0,0,0
Francesco Passaro,17,1213,0,0,0,0
Francesco Passaro,19,1215,45,0,0,0
Francesco Passaro,20,1216,0,0,0,0
Francesco Passaro,21,1217,10,0,0,0
Francesco Passaro,24,1219,0,0,0,0
Francesco Passaro,25,1220,0,0,0,0
Francesco Passaro,26,1221,0,0,0,0
Francesco Passaro,25,1221,0,0,0,0
Francesco Passaro,27,1222,0,0,0,0
Francesco Passaro,29,1224,45,0,0,0
Francesco Passaro,30,1225,0,0,0,0
Francesco Passaro,29,1225,45,0,0,0
Francesco Passaro,30,1226,0,0,0,0
Francesco Passaro,32,1228,0,0,0,0
Francesco Passaro,33,1229,0,0,0,0
Francesco Passaro,34,1230,0,0,10,0
Francesco Passaro,38,1234,0,0,0,0
Francesco Passaro,39,1235,0,0,0,0
Francisco Cerundolo,52,1196,0,0,0,0
Francisco Cerundolo,1,1196,0,0,0,0
Francisco Cerundolo,2,1197,0,0,45,0
Francisco Cerundolo,2,1198,0,0,90,0
Francisco Cerundolo,5,1200,0,0,0,0
Francisco Cerundolo,6,1201,0,0,0,0
Francisco Cerundolo,7,1202,300,0,0,0
Francisco Cerundolo,8,1203,90,0,0,0
Francisco Cerundolo,9,1204,180,0,0,0
Francisco Cerundolo,10,1206,0,0,180,0
Francisco Cerundolo,12,1208,0,0,180,0
Francisco Cerundolo,14,1209,0,0,0,0
Francisco Cerundolo,14,1210,45,0,0,0
Francisco Cerundolo,16,1211,180,0,0,0
Francisco Cerundolo,17,1213,360,0,0,0
Francisco Cerundolo,19,1215,90,0,0,0
Francisco Cerundolo,20,1216,45,0,0,0
Francisco Cerundolo,21,1217,10,0,0,0
Francisco Cerundolo,24,1219,0,0,0,0
Francisco Cerundolo,25,1220,0,20,0,0
Francisco Cerundolo,26,1221,0,0,0,0
Francisco Cerundolo,25,1221,0,0,0,0
Francisco Cerundolo,27,1222,0,10,0,0
Francisco Cerundolo,29,1224,180,0,0,0
Francisco Cerundolo,30,1225,0,0,0,0
Francisco Cerundolo,29,1225,45,0,0,0
Francisco Cerundolo,30,1226,0,0,90,0
Francisco Cerundolo,32,1228,0,0,0,0
Francisco Cerundolo,33,1229,0,0,0,0
Francisco Cerundolo,34,1230,0,0,45,0
Francisco Cerundolo,38,1234,0,0,0,0
Francisco Cerundolo,39,1235,0,0,20,0
Francisco Comesana,52,1196,0,0,0,0
Francisco Comesana,1,1196,0,0,0,0
Francisco Comesana,2,1197,0,0,20,0
Francisco Comesana,2,1198,0,0,10,0
Francisco Comesana,5,1200,0,0,0,0
Francisco Comesana,6,1201,0,0,0,0
Francisco Comesana,7,1202,20,0,0,0
Francisco Comesana,8,1203,180,0,0,0
Francisco Comesana,9,1204,45,0,0,0
Francisco Comesana,10,1206,0,0,0,0
Francisco Comesana,12,1208,0,0,10,0
Francisco Comesana,14,1209,90,0,0,0
Francisco Comesana,14,1210,0,0,0,0
Francisco Comesana,16,1211,0,0,0,0
Francisco Comesana,17,1213,45,0,0,0
Francisco Comesana,19,1215,25,0,0,0
Francisco Comesana,20,1216,20,0,0,0
Francisco Comesana,21,1217,10,0,0,0
Francisco Comesana,24,1219,0,0,0,0
Francisco Comesana,25,1220,0,0,0,0
Francisco Comesana,26,1221,0,20,0,0
Francisco Comesana,25,1221,0,0,0,0
Francisco Comesana,27,1222,0,10,0,0
Francisco Comesana,29,1224,90,0,0,0
Francisco Comesana,30,1225,45,0,0,0
Francisco Comesana,29,1225,0,0,0,0
Francisco Comesana,30,1226,0,0,25,0
Francisco Comesana,32,1228,0,0,90,0
Francisco Comesana,33,1229,0,0,0,0
Francisco Comesana,34,1230,0,0,45,0
Francisco Comesana,38,1234,0,0,0,0
Francisco Comesana,39,1235,0,0,0,0
Gabriel Diallo,52,1196,0,0,0,0
Gabriel Diallo,1,1196,0,0,45,0
Gabriel Diallo,2,1197,0,0,20,0
Gabriel Diallo,2,1198,0,0,45,0
Gabriel Diallo,5,1200,0,0,0,0
Gabriel Diallo,6,1201,0,0,0,0
Gabriel Diallo,7,1202,0,0,0,0
Gabriel Diallo,8,1203,0,0,0,0
Gabriel Diallo,9,1204,0,0,20,0
Gabriel Diallo,10,1206,0,0,25,0
Gabriel Diallo,12,1208,0,0,25,0
Gabriel Diallo,14,1209,45,0,0,0
Gabriel Diallo,14,1210,0,0,0,0
Gabriel Diallo,16,1211,0,0,0,0
Gabriel Diallo,17,1213,180,0,0,0
Gabriel Diallo,19,1215,10,0,0,0
Gabriel Diallo,20,1216,0,0,0,0
Gabriel Diallo,21,1217,45,0,0,0
Gabriel Diallo,24,1219,0,500,0,0
Gabriel Diallo,25,1220,0,45,0,0
Gabriel Diallo,26,1221,0,0,0,0
Gabriel Diallo,25,1221,0,90,0,0
Gabriel Diallo,27,1222,0,45,0,0
Gabriel Diallo,29,1224,0,0,0,0
Gabriel Diallo,30,1225,0,0,45,0
Gabriel Diallo,29,1225,0,0,0,0
Gabriel Diallo,30,1226,0,0,45,0
Gabriel Diallo,32,1228,0,0,45,0
Gabriel Diallo,33,1229,0,0,45,0
Gabriel Diallo,34,1230,0,0,45,0
Gabriel Diallo,38,1234,0,0,0,0
Gabriel Diallo,39,1235,0,0,20,0
Gael Monfils,52,1196,0,0,45,0
Gael Monfils,1,1196,0,0,0,0
Gael Monfils,2,1197,0,0,500,0
Gael Monfils,2,1198,0,0,180,0
Gael Monfils,5,1200,0,0,0,0
Gael Monfils,6,1201,0,0,0,0
Gael Monfils,7,1202,0,0,0,0
Gael Monfils,8,1203,0,0,0,0
Gael Monfils,9,1204,0,0,20,0
Gael Monfils,10,1206,0,0,45,0
Gael Monfils,12,1208,0,0,90,0
Gael Monfils,14,1209,0,0,0,0
Gael Monfils,14,1210,45,0,0,0
Gael Monfils,16,1211,0,0,0,0
Gael Monfils,17,1213,25,0,0,0
Gael Monfils,19,1215,0,0,0,0
Gael Monfils,20,1216,20,0,0,0
Gael Monfils,21,1217,45,0,0,0
Gael Monfils,24,1219,0,20,0,0
Gael Monfils,25,1220,0,20,0,0
Gael Monfils,26,1221,0,0,0,0
Gael Monfils,25,1221,0,0,0,0
Gael Monfils,27,1222,0,45,0,0
Gael Monfils,29,1224,0,0,0,0
Gael Monfils,30,1225,0,0,0,0
Gael Monfils,29,1225,0,0,0,0
Gael Monfils,30,1226,0,0,10,0
Gael Monfils,32,1228,0,0,0,0
Gael Monfils,33,1229,0,0,0,0
Gael Monfils,34,1230,0,0,10,0
Gael Monfils,38,1234,0,0,20,0
Gael Monfils,39,1235,0,0,0,0
Gauthier Onclin,52,1196,0,0,0,0
Gauthier Onclin,1,1196,0,0,0,0
Gauthier Onclin,2,1197,0,0,0,0
Gauthier Onclin,2,1198,0,0,10,0
Gauthier Onclin,5,1200,0,0,0,0
Gauthier Onclin,6,1201,0,0,0,0
Gauthier Onclin,7,1202,0,0,0,0
Gauthier Onclin,8,1203,0,0,0,0
Gauthier Onclin,9,1204,0,0,0,0
Gauthier Onclin,10,1206,0,0,0,0
Gauthier Onclin,12,1208,0,0,0,0
Gauthier Onclin,14,1209,0,0,0,0
Gauthier Onclin,14,1210,0,0,0,0
Gauthier Onclin,16,1211,0,0,0,0
Gauthier Onclin,17,1213,0,0,0,0
Gauthier Onclin,19,1215,0,0,0,0
Gauthier Onclin,20,1216,0,0,0,0
Gauthier Onclin,21,1217,0,0,0,0
Gauthier Onclin,24,1219,0,0,0,0
Gauthier Onclin,25,1220,0,0,0,0
Gauthier Onclin,26,1221,0,0,0,0
Gauthier Onclin,25,1221,0,0,0,0
Gauthier Onclin,27,1222,0,0,0,0
Gauthier Onclin,29,1224,0,0,0,0
Gauthier Onclin,30,1225,0,0,0,0
Gauthier Onclin,29,1225,0,0,0,0
Gauthier Onclin,30,1226,0,0,0,0
Gauthier Onclin,32,1228,0,0,0,0
Gauthier Onclin,33,1229,0,0,0,0
Gauthier Onclin,34,1230,0,0,0,0
Gauthier Onclin,38,1234,0,0,0,0
Gauthier Onclin,39,1235,0,0,0,0
George Loffhagen,52,1196,0,0,0,0
George Loffhagen,1,1196,0,0,0,0
George Loffhagen,2,1197,0,0,0,0
George Loffhagen,2,1198,0,0,0,0
George Loffhagen,5,1200,0,0,0,0
George Loffhagen,6,1201,0,0,0,0
George Loffhagen,7,1202,0,0,0,0
George Loffhagen,8,1203,0,0,0,0
George Loffhagen,9,1204,0,0,0,0
George Loffhagen,10,1206,0,0,0,0
George Loffhagen,12,1208,0,0,0,0
George Loffhagen,14,1209,0,0,0,0
George Loffhagen,14,1210,0,0,0,0
George Loffhagen,16,1211,0,0,0,0
George Loffhagen,17,1213,0,0,0,0
George Loffhagen,19,1215,0,0,0,0
George Loffhagen,20,1216,0,0,0,0
George Loffhagen,21,1217,0,0,0,0
George Loffhagen,24,1219,0,0,0,0
George Loffhagen,25,1220,0,0,0,0
George Loffhagen,26,1221,0,20,0,0
George Loffhagen,25,1221,0,0,0,0
George Loffhagen,27,1222,0,10,0,0
George Loffhagen,29,1224,0,0,0,0
George Loffhagen,30,1225,0,0,0,0
George Loffhagen,29,1225,0,0,0,0
George Loffhagen,30,1226,0,0,0,0
George Loffhagen,32,1228,0,0,0,0
George Loffhagen,33,1229,0,0,0,0
George Loffhagen,34,1230,0,0,0,0
George Loffhagen,38,1234,0,0,0,0
George Loffhagen,39,1235,0,0,0,0
Giovanni Mpetshi Perricard,52,1196,0,0,180,0
Giovanni Mpetshi Perricard,1,1196,0,0,0,0
Giovanni Mpetshi Perricard,2,1197,0,0,0,0
Giovanni Mpetshi Perricard,2,1198,0,0,10,0
Giovanni Mpetshi Perricard,5,1200,0,0,0,0
Giovanni Mpetshi Perricard,6,1201,0,0,0,0
Giovanni Mpetshi Perricard,7,1202,0,0,0,0
Giovanni Mpetshi Perricard,8,1203,0,0,0,0
Giovanni Mpetshi Perricard,9,1204,0,0,45,0
Giovanni Mpetshi Perricard,10,1206,0,0,45,0
Giovanni Mpetshi Perricard,12,1208,0,0,25,0
Giovanni Mpetshi Perricard,14,1209,0,0,0,0
Giovanni Mpetshi Perricard,14,1210,25,0,0,0
Giovanni Mpetshi Perricard,16,1211,20,0,0,0
Giovanni Mpetshi Perricard,17,1213,10,0,0,0
Giovanni Mpetshi Perricard,19,1215,10,0,0,0
Giovanni Mpetshi Perricard,20,1216,45,0,0,0
Giovanni Mpetshi Perricard,21,1217,45,0,0,0
Giovanni Mpetshi Perricard,24,1219,0,45,0,0
Giovanni Mpetshi Perricard,25,1220,0,20,0,0
Giovanni Mpetshi Perricard,26,1221,0,0,0,0
Giovanni Mpetshi Perricard,25,1221,0,0,0,0
Giovanni Mpetshi Perricard,27,1222,0,10,0,0
Giovanni Mpetshi Perricard,29,1224,0,0,0,0
Giovanni Mpetshi Perricard,30,1225,0,0,0,0
Giovanni Mpetshi Perricard,29,1225,0,0,0,0
Giovanni Mpetshi Perricard,30,1226,0,0,25,0
Giovanni Mpetshi Perricard,32,1228,0,0,10,0
Giovanni Mpetshi Perricard,33,1229,0,0,180,0
Giovanni Mpetshi Perricard,34,1230,0,0,10,0
Giovanni Mpetshi Perricard,38,1234,0,0,45,0
Giovanni Mpetshi Perricard,39,1235,0,0,20,0
Giulio Zeppieri,52,1196,0,0,0,0
Giulio Zeppieri,1,1196,0,0,0,0
Giulio Zeppieri,2,1197,0,0,0,0
Giulio Zeppieri,2,1198,0,0,0,0
Giulio Zeppieri,5,1200,0,0,0,0
Giulio Zeppieri,6,1201,0,0,0,0
Giulio Zeppieri,7,1202,0,0,0,0
Giulio Zeppieri,8,1203,0,0,0,0
Giulio Zeppieri,9,1204,0,0,0,0
Giulio Zeppieri,10,1206,0,0,10,0
Giulio Zeppieri,12,1208,0,0,0,0
Giulio Zeppieri,14,1209,0,0,0,0
Giulio Zeppieri,14,1210,0,0,0,0
Giulio Zeppieri,16,1211,0,0,0,0
Giulio Zeppieri,17,1213,0,0,0,0
Giulio Zeppieri,19,1215,0,0,0,0
Giulio Zeppieri,20,1216,0,0,0,0
Giulio Zeppieri,21,1217,10,0,0,0
Giulio Zeppieri,24,1219,0,0,0,0
Giulio Zeppieri,25,1220,0,0,0,0
Giulio Zeppieri,26,1221,0,0,0,0
Giulio Zeppieri,25,1221,0,0,0,0
Giulio Zeppieri,27,1222,0,10,0,0
Giulio Zeppieri,29,1224,0,0,0,0
Giulio Zeppieri,30,1225,0,0,0,0
Giulio Zeppieri,29,1225,20,0,0,0
Giulio Zeppieri,30,1226,0,0,0,0
Giulio Zeppieri,32,1228,0,0,0,0
Giulio Zeppieri,33,1229,0,0,0,0
Giulio Zeppieri,34,1230,0,0,0,0
Giulio Zeppieri,38,1234,0,0,45,0
Giulio Zeppieri,39,1235,0,0,0,0
Govind Nanda,52,1196,0,0,0,0
Govind Nanda,1,1196,0,0,0,0
Govind Nanda,2,1197,0,0,0,0
Govind Nanda,2,1198,0,0,0,0
Govind Nanda,5,1200,0,0,0,0
Govind Nanda,6,1201,0,0,0,0
Govind Nanda,7,1202,0,0,0,0
Govind Nanda,8,1203,0,0,0,0
Govind Nanda,9,1204,0,0,0,0
Govind Nanda,10,1206,0,0,0,0
Govind Nanda,12,1208,0,0,0,0
Govind Nanda,14,1209,0,0,0,0
Govind Nanda,14,1210,0,0,0,0
Govind Nanda,16,1211,0,0,0,0
Govind Nanda,17,1213,0,0,0,0
Govind Nanda,19,1215,0,0,0,0
Govind Nanda,20,1216,0,0,0,0
Govind Nanda,21,1217,0,0,0,0
Govind Nanda,24,1219,0,0,0,0
Govind Nanda,25,1220,0,0,0,0
Govind Nanda,26,1221,0,0,0,0
Govind Nanda,25,1221,0,0,0,0
Govind Nanda,27,1222,0,0,0,0
Govind Nanda,29,1224,0,0,45,0
Govind Nanda,30,1225,0,0,0,0
Govind Nanda,29,1225,0,0,0,0
Govind Nanda,30,1226,0,0,0,0
Govind Nanda,32,1228,0,0,0,0
Govind Nanda,33,1229,0,0,0,0
Govind Nanda,34,1230,0,0,0,0
Govind Nanda,38,1234,0,0,0,0
Govind Nanda,39,1235,0,0,0,0
Gregoire Barrere,52,1196,0,0,0,0
Gregoire Barrere,1,1196,0,0,0,0
Gregoire Barrere,2,1197,0,0,0,0
Gregoire Barrere,2,1198,0,0,0,0
Gregoire Barrere,5,1200,0,0,20,0
Gregoire Barrere,6,1201,0,0,0,0
Gregoire Barrere,7,1202,0,0,0,0
Gregoire Barrere,8,1203,0,0,0,0
Gregoire Barrere,9,1204,0,0,0,0
Gregoire Barrere,10,1206,0,0,0,0
Gregoire Barrere,12,1208,0,0,0,0
Gregoire Barrere,14,1209,0,0,0,0
Gregoire Barrere,14,1210,0,0,0,0
Gregoire Barrere,16,1211,0,0,0,0
Gregoire Barrere,17,1213,0,0,0,0
Gregoire Barrere,19,1215,0,0,0,0
Gregoire Barrere,20,1216,0,0,0,0
Gregoire Barrere,21,1217,0,0,0,0
Gregoire Barrere,24,1219,0,0,0,0
Gregoire Barrere,25,1220,0,0,0,0
Gregoire Barrere,26,1221,0,0,0,0
Gregoire Barrere,25,1221,0,0,0,0
Gregoire Barrere,27,1222,0,0,0,0
Gregoire Barrere,29,1224,0,0,0,0
Gregoire Barrere,30,1225,0,0,0,0
Gregoire Barrere,29,1225,0,0,0,0
Gregoire Barrere,30,1226,0,0,0,0
Gregoire Barrere,32,1228,0,0,0,0
Gregoire Barrere,33,1229,0,0,0,0
Gregoire Barrere,34,1230,0,0,0,0
Gregoire Barrere,38,1234,0,0,0,0
Gregoire Barrere,39,1235,0,0,0,0
Grigor Dimitrov,52,1196,0,0,180,0
Grigor Dimitrov,1,1196,0,0,0,0
Grigor Dimitrov,2,1197,0,0,0,0
Grigor Dimitrov,2,1198,0,0,10,0
Grigor Dimitrov,5,1200,0,0,0,0
Grigor Dimitrov,6,1201,0,0,0,0
Grigor Dimitrov,7,1202,0,0,0,0
Grigor Dimitrov,8,1203,0,0,20,0
Grigor Dimitrov,9,1204,0,0,20,0
Grigor Dimitrov,10,1206,0,0,90,0
Grigor Dimitrov,12,1208,0,0,360,0
Grigor Dimitrov,14,1209,0,0,0,0
Grigor Dimitrov,14,1210,180,0,0,0
Grigor Dimitrov,16,1211,0,0,0,0
Grigor Dimitrov,17,1213,90,0,0,0
Grigor Dimitrov,19,1215,25,0,0,0
Grigor Dimitrov,20,1216,0,0,0,0
Grigor Dimitrov,21,1217,10,0,0,0
Grigor Dimitrov,24,1219,0,0,0,0
Grigor Dimitrov,25,1220,0,0,0,0
Grigor Dimitrov,26,1221,0,0,0,0
Grigor Dimitrov,25,1221,0,0,0,0
Grigor Dimitrov,27,1222,0,180,0,0
Grigor Dimitrov,29,1224,0,0,0,0
Grigor Dimitrov,30,1225,0,0,0,0
Grigor Dimitrov,29,1225,0,0,0,0
Grigor Dimitrov,30,1226,0,0,0,0
Grigor Dimitrov,32,1228,0,0,0,0
Grigor Dimitrov,33,1229,0,0,0,0
Grigor Dimitrov,34,1230,0,0,0,0
Grigor Dimitrov,38,1234,0,0,0,0
Grigor Dimitrov,39,1235,0,0,0,0
Gustavo Heide,52,1196,0,0,0,0
Gustavo Heide,1,1196,0,0,0,0
Gustavo Heide,2,1197,0,0,0,0
Gustavo Heide,2,1198,0,0,0,0
Gustavo Heide,5,1200,0,0,0,0
Gustavo Heide,6,1201,0,0,0,0
Gustavo Heide,7,1202,0,0,0,0
Gustavo Heide,8,1203,20,0,0,0
Gustavo Heide,9,1204,45,0,0,0
Gustavo Heide,10,1206,0,0,0,0
Gustavo Heide,12,1208,0,0,0,0
Gustavo Heide,14,1209,0,0,0,0
Gustavo Heide,14,1210,0,0,0,0
Gustavo Heide,16,1211,0,0,0,0
Gustavo Heide,17,1213,0,0,0,0
Gustavo Heide,19,1215,0,0,0,0
Gustavo Heide,20,1216,0,0,0,0
Gustavo Heide,21,1217,0,0,0,0
Gustavo Heide,24,1219,0,0,0,0
Gustavo Heide,25,1220,0,0,0,0
Gustavo Heide,26,1221,0,0,0,0
Gustavo Heide,25,1221,0,0,0,0
Gustavo Heide,27,1222,0,0,0,0
Gustavo Heide,29,1224,0,0,0,0
Gustavo Heide,30,1225,0,0,0,0
Gustavo Heide,29,1225,0,0,0,0
Gustavo Heide,30,1226,0,0,0,0
Gustavo Heide,32,1228,0,0,0,0
Gustavo Heide,33,1229,0,0,0,0
Gustavo Heide,34,1230,0,0,0,0
Gustavo Heide,38,1234,0,0,0,0
Gustavo Heide,39,1235,0,0,0,0
Hady Habib,52,1196,0,0,0,0
Hady Habib,1,1196,0,0,0,0
Hady Habib,2,1197,0,0,0,0
Hady Habib,2,1198,0,0,45,0
Hady Habib,5,1200,0,0,0,0
Hady Habib,6,1201,0,0,0,0
Hady Habib,7,1202,0,0,0,0
Hady Habib,8,1203,0,0,20,0
Hady Habib,9,1204,0,0,20,0
Hady Habib,10,1206,0,0,0,0
Hady Habib,12,1208,0,0,0,0
Hady Habib,14,1209,0,0,0,0
Hady Habib,14,1210,0,0,0,0
Hady Habib,16,1211,0,0,0,0
Hady Habib,17,1213,0,0,0,0
Hady Habib,19,1215,0,0,0,0
Hady Habib,20,1216,0,0,0,0
Hady Habib,21,1217,0,0,0,0
Hady Habib,24,1219,0,0,0,0
Hady Habib,25,1220,0,0,0,0
Hady Habib,26,1221,0,0,0,0
Hady Habib,25,1221,0,0,0,0
Hady Habib,27,1222,0,0,0,0
Hady Habib,29,1224,0,0,20,0
Hady Habib,30,1225,0,0,0,0
Hady Habib,29,1225,0,0,0,0
Hady Habib,30,1226,0,0,0,0
Hady Habib,32,1228,0,0,0,0
Hady Habib,33,1229,0,0,0,0
Hady Habib,34,1230,0,0,0,0
Hady Habib,38,1234,0,0,0,0
Hady Habib,39,1235,0,0,0,0
Hamad Medjedovic,52,1196,0,0,0,0
Hamad Medjedovic,1,1196,0,0,0,0
Hamad Medjedovic,2,1197,0,0,0,0
Hamad Medjedovic,2,1198,0,0,0,0
Hamad Medjedovic,5,1200,0,0,0,0
Hamad Medjedovic,6,1201,0,0,0,0
Hamad Medjedovic,7,1202,0,0,300,0
Hamad Medjedovic,8,1203,0,0,45,0
Hamad Medjedovic,9,1204,0,0,0,0
Hamad Medjedovic,10,1206,0,0,0,0
Hamad Medjedovic,12,1208,0,0,10,0
Hamad Medjedovic,14,1209,0,0,0,0
Hamad Medjedovic,14,1210,0,0,0,0
Hamad Medjedovic,16,1211,45,0,0,0
Hamad Medjedovic,17,1213,10,0,0,0
Hamad Medjedovic,19,1215,10,0,0,0
Hamad Medjedovic,20,1216,0,0,0,0
Hamad Medjedovic,21,1217,90,0,0,0
Hamad Medjedovic,24,1219,0,0,0,0
Hamad Medjedovic,25,1220,0,0,0,0
Hamad Medjedovic,26,1221,0,0,0,0
Hamad Medjedovic,25,1221,0,90,0,0
Hamad Medjedovic,27,1222,0,10,0,0
Hamad Medjedovic,29,1224,0,0,0,0
Hamad Medjedovic,30,1225,0,0,0,0
Hamad Medjedovic,29,1225,0,0,0,0
Hamad Medjedovic,30,1226,0,0,0,0
Hamad Medjedovic,32,1228,0,0,45,0
Hamad Medjedovic,33,1229,0,0,90,0
Hamad Medjedovic,34,1230,0,0,10,0
Hamad Medjedovic,38,1234,0,0,0,0
Hamad Medjedovic,39,1235,0,0,20,0
Harold Mayot,52,1196,0,0,0,0
Harold Mayot,1,1196,0,0,0,0
Harold Mayot,2,1197,0,0,0,0
Harold Mayot,2,1198,0,0,0,0
Harold Mayot,5,1200,0,0,20,0
Harold Mayot,6,1201,0,0,20,0
Harold Mayot,7,1202,0,0,20,0
Harold Mayot,8,1203,0,0,0,0
Harold Mayot,9,1204,0,0,0,0
Harold Mayot,10,1206,0,0,0,0
Harold Mayot,12,1208,0,0,0,0
Harold Mayot,14,1209,0,0,0,0
Harold Mayot,14,1210,0,0,0,0
Harold Mayot,16,1211,0,0,0,0
Harold Mayot,17,1213,25,0,0,0
Harold Mayot,19,1215,0,0,0,0
Harold Mayot,20,1216,0,0,0,0
Harold Mayot,21,1217,0,0,0,0
Harold Mayot,24,1219,0,0,0,0
Harold Mayot,25,1220,0,0,0,0
Harold Mayot,26,1221,0,0,0,0
Harold Mayot,25,1221,0,0,0,0
Harold Mayot,27,1222,0,0,0,0
Harold Mayot,29,1224,0,0,0,0
Harold Mayot,30,1225,0,0,0,0
Harold Mayot,29,1225,0,0,0,0
Harold Mayot,30,1226,0,0,0,0
Harold Mayot,32,1228,0,0,0,0
Harold Mayot,33,1229,0,0,0,0
Harold Mayot,34,1230,0,0,0,0
Harold Mayot,38,1234,0,0,0,0
Harold Mayot,39,1235,0,0,0,0
Henrique Rocha,52,1196,0,0,0,0
Henrique Rocha,1,1196,0,0,0,0
Henrique Rocha,2,1197,0,0,0,0
Henrique Rocha,2,1198,0,0,0,0
Henrique Rocha,5,1200,0,0,0,0
Henrique Rocha,6,1201,0,0,0,0
Henrique Rocha,7,1202,0,0,0,0
Henrique Rocha,8,1203,0,0,0,0
Henrique Rocha,9,1204,0,0,0,0
Henrique Rocha,10,1206,0,0,0,0
Henrique Rocha,12,1208,0,0,0,0
Henrique Rocha,14,1209,0,0,0,0
Henrique Rocha,14,1210,0,0,0,0
Henrique Rocha,16,1211,0,0,0,0
Henrique Rocha,17,1213,0,0,0,0
Henrique Rocha,19,1215,0,0,0,0
Henrique Rocha,20,1216,0,0,0,0
Henrique Rocha,21,1217,90,0,0,0
Henrique Rocha,24,1219,0,0,0,0
Henrique Rocha,25,1220,0,0,0,0
Henrique Rocha,26,1221,0,0,0,0
Henrique Rocha,25,1221,0,0,0,0
Henrique Rocha,27,1222,0,0,0,0
Henrique Rocha,29,1224,0,0,0,0
Henrique Rocha,30,1225,0,0,0,0
Henrique Rocha,29,1225,0,0,0,0
Henrique Rocha,30,1226,0,0,0,0
Henrique Rocha,32,1228,0,0,0,0
Henrique Rocha,33,1229,0,0,0,0
Henrique Rocha,34,1230,0,0,0,0
Henrique Rocha,38,1234,0,0,0,0
Henrique Rocha,39,1235,0,0,0,0
Henry Searle,52,1196,0,0,0,0
Henry Searle,1,1196,0,0,0,0
Henry Searle,2,1197,0,0,0,0
Henry Searle,2,1198,0,0,0,0
Henry Searle,5,1200,0,0,0,0
Henry Searle,6,1201,0,0,0,0
Henry Searle,7,1202,0,0,0,0
Henry Searle,8,1203,0,0,0,0
Henry Searle,9,1204,0,0,0,0
Henry Searle,10,1206,0,0,0,0
Henry Searle,12,1208,0,0,0,0
Henry Searle,14,1209,0,0,0,0
Henry Searle,14,1210,0,0,0,0
Henry Searle,16,1211,0,0,0,0
Henry Searle,17,1213,0,0,0,0
Henry Searle,19,1215,0,0,0,0
Henry Searle,20,1216,0,0,0,0
Henry Searle,21,1217,0,0,0,0
Henry Searle,24,1219,0,0,0,0
Henry Searle,25,1220,0,0,0,0
Henry Searle,26,1221,0,0,0,0
Henry Searle,25,1221,0,0,0,0
Henry Searle,27,1222,0,10,0,0
Henry Searle,29,1224,0,0,0,0
Henry Searle,30,1225,0,0,0,0
Henry Searle,29,1225,0,0,0,0
Henry Searle,30,1226,0,0,0,0
Henry Searle,32,1228,0,0,0,0
Henry Searle,33,1229,0,0,0,0
Henry Searle,34,1230,0,0,0,0
Henry Searle,38,1234,0,0,0,0
Henry Searle,39,1235,0,0,0,0
Holger Rune,52,1196,0,0,20,0
Holger Rune,1,1196,0,0,0,0
Holger Rune,2,1197,0,0,0,0
Holger Rune,2,1198,0,0,180,0
Holger Rune,5,1200,0,0,0,0
Holger Rune,6,1201,0,0,45,0
Holger Rune,7,1202,45,0,0,0
Holger Rune,8,1203,0,0,0,0
Holger Rune,9,1204,0,0,45,0
Holger Rune,10,1206,0,0,600,0
Holger Rune,12,1208,0,0,25,0
Holger Rune,14,1209,0,0,0,0
Holger Rune,14,1210,25,0,0,0
Holger Rune,16,1211,500,0,0,0
Holger Rune,17,1213,25,0,0,0
Holger Rune,19,1215,45,0,0,0
Holger Rune,20,1216,0,0,0,0
Holger Rune,21,1217,180,0,0,0
Holger Rune,24,1219,0,0,0,0
Holger Rune,25,1220,0,90,0,0
Holger Rune,26,1221,0,0,0,0
Holger Rune,25,1221,0,0,0,0
Holger Rune,27,1222,0,10,0,0
Holger Rune,29,1224,0,0,0,0
Holger Rune,30,1225,0,0,0,0
Holger Rune,29,1225,0,0,0,0
Holger Rune,30,1226,0,0,90,0
Holger Rune,32,1228,0,0,180,0
Holger Rune,33,1229,0,0,0,0
Holger Rune,34,1230,0,0,45,0
Holger Rune,38,1234,0,0,0,0
Holger Rune,39,1235,0,0,90,0
Hubert Hurkacz,52,1196,0,0,0,0
Hubert Hurkacz,1,1196,0,0,0,0
Hubert Hurkacz,2,1197,0,0,0,0
Hubert Hurkacz,2,1198,0,0,45,0
Hubert Hurkacz,5,1200,0,0,0,0
Hubert Hurkacz,6,1201,0,0,180,0
Hubert Hurkacz,7,1202,0,0,45,0
Hubert Hurkacz,8,1203,0,0,0,0
Hubert Hurkacz,9,1204,0,0,0,0
Hubert Hurkacz,10,1206,0,0,45,0
Hubert Hurkacz,12,1208,0,0,0,0
Hubert Hurkacz,14,1209,0,0,0,0
Hubert Hurkacz,14,1210,0,0,0,0
Hubert Hurkacz,16,1211,0,0,0,0
Hubert Hurkacz,17,1213,25,0,0,0
Hubert Hurkacz,19,1215,180,0,0,0
Hubert Hurkacz,20,1216,300,0,0,0
Hubert Hurkacz,21,1217,10,0,0,0
Hubert Hurkacz,24,1219,0,45,0,0
Hubert Hurkacz,25,1220,0,0,0,0
Hubert Hurkacz,26,1221,0,0,0,0
Hubert Hurkacz,25,1221,0,0,0,0
Hubert Hurkacz,27,1222,0,0,0,0
Hubert Hurkacz,29,1224,0,0,0,0
Hubert Hurkacz,30,1225,0,0,0,0
Hubert Hurkacz,29,1225,0,0,0,0
Hubert Hurkacz,30,1226,0,0,0,0
Hubert Hurkacz,32,1228,0,0,0,0
Hubert Hurkacz,33,1229,0,0,0,0
Hubert Hurkacz,34,1230,0,0,0,0
Hubert Hurkacz,38,1234,0,0,0,0
Hubert Hurkacz,39,1235,0,0,0,0
Hugo Dellien,52,1196,0,0,0,0
Hugo Dellien,1,1196,0,0,0,0
Hugo Dellien,2,1197,0,0,0,0
Hugo Dellien,2,1198,0,0,0,0
Hugo Dellien,5,1200,0,0,0,0
Hugo Dellien,6,1201,0,0,0,0
Hugo Dellien,7,1202,0,0,0,0
Hugo Dellien,8,1203,20,0,0,0
Hugo Dellien,9,1204,0,0,0,0
Hugo Dellien,10,1206,0,0,0,0
Hugo Dellien,12,1208,0,0,0,0
Hugo Dellien,14,1209,45,0,0,0
Hugo Dellien,14,1210,0,0,0,0
Hugo Dellien,16,1211,0,0,0,0
Hugo Dellien,17,1213,0,0,0,0
Hugo Dellien,19,1215,45,0,0,0
Hugo Dellien,20,1216,0,0,0,0
Hugo Dellien,21,1217,10,0,0,0
Hugo Dellien,24,1219,0,0,0,0
Hugo Dellien,25,1220,0,0,0,0
Hugo Dellien,26,1221,0,0,0,0
Hugo Dellien,25,1221,0,0,0,0
Hugo Dellien,27,1222,0,10,0,0
Hugo Dellien,29,1224,20,0,0,0
Hugo Dellien,30,1225,0,0,0,0
Hugo Dellien,29,1225,0,0,0,0
Hugo Dellien,30,1226,0,0,10,0
Hugo Dellien,32,1228,0,0,10,0
Hugo Dellien,33,1229,0,0,0,0
Hugo Dellien,34,1230,0,0,10,0
Hugo Dellien,38,1234,0,0,0,0
Hugo Dellien,39,1235,0,0,0,0
Hugo Gaston,52,1196,0,0,0,0
Hugo Gaston,1,1196,0,0,0,0
Hugo Gaston,2,1197,0,0,0,0
Hugo Gaston,2,1198,0,0,45,0
Hugo Gaston,5,1200,0,0,0,0
Hugo Gaston,6,1201,0,0,0,0
Hugo Gaston,7,1202,20,0,0,0
Hugo Gaston,8,1203,20,0,0,0
Hugo Gaston,9,1204,20,0,0,0
Hugo Gaston,10,1206,0,0,25,0
Hugo Gaston,12,1208,0,0,25,0
Hugo Gaston,14,1209,45,0,0,0
Hugo Gaston,14,1210,0,0,0,0
Hugo Gaston,16,1211,0,0,0,0
Hugo Gaston,17,1213,10,0,0,0
Hugo Gaston,19,1215,10,0,0,0
Hugo Gaston,20,1216,20,0,0,0
Hugo Gaston,21,1217,45,0,0,0
Hugo Gaston,24,1219,0,0,0,0
Hugo Gaston,25,1220,0,0,0,0
Hugo Gaston,26,1221,0,0,0,0
Hugo Gaston,25,1221,0,0,0,0
Hugo Gaston,27,1222,0,10,0,0
Hugo Gaston,29,1224,45,0,0,0
Hugo Gaston,30,1225,20,0,0,0
Hugo Gaston,29,1225,0,0,0,0
Hugo Gaston,30,1226,0,0,25,0
Hugo Gaston,32,1228,0,0,10,0
Hugo Gaston,33,1229,0,0,0,0
Hugo Gaston,34,1230,0,0,10,0
Hugo Gaston,38,1234,0,0,0,0
Hugo Gaston,39,1235,0,0,0,0
Hugo Grenier,52,1196,0,0,0,0
Hugo Grenier,1,1196,0,0,0,0
Hugo Grenier,2,1197,0,0,0,0
Hugo Grenier,2,1198,0,0,0,0
Hugo Grenier,5,1200,0,0,0,0
Hugo Grenier,6,1201,0,0,0,0
Hugo Grenier,7,1202,0,0,45,0
Hugo Grenier,8,1203,0,0,0,0
Hugo Grenier,9,1204,0,0,0,0
Hugo Grenier,10,1206,0,0,0,0
Hugo Grenier,12,1208,0,0,0,0
Hugo Grenier,14,1209,0,0,0,0
Hugo Grenier,14,1210,0,0,0,0
Hugo Grenier,16,1211,0,0,0,0
Hugo Grenier,17,1213,0,0,0,0
Hugo Grenier,19,1215,0,0,0,0
Hugo Grenier,20,1216,0,0,0,0
Hugo Grenier,21,1217,0,0,0,0
Hugo Grenier,24,1219,0,0,0,0
Hugo Grenier,25,1220,0,0,0,0
Hugo Grenier,26,1221,0,0,0,0
Hugo Grenier,25,1221,0,0,0,0
Hugo Grenier,27,1222,0,0,0,0
Hugo Grenier,29,1224,0,0,0,0
Hugo Grenier,30,1225,0,0,0,0
Hugo Grenier,29,1225,0,0,0,0
Hugo Grenier,30,1226,0,0,0,0
Hugo Grenier,32,1228,0,0,0,0
Hugo Grenier,33,1229,0,0,0,0
Hugo Grenier,34,1230,0,0,0,0
Hugo Grenier,38,1234,0,0,0,0
Hugo Grenier,39,1235,0,0,0,0
Ignacio Buse,52,1196,0,0,0,0
Ignacio Buse,1,1196,0,0,0,0
Ignacio Buse,2,1197,0,0,0,0
Ignacio Buse,2,1198,0,0,0,0
Ignacio Buse,5,1200,0,0,0,0
Ignacio Buse,6,1201,0,0,0,0
Ignacio Buse,7,1202,0,0,0,0
Ignacio Buse,8,1203,0,0,0,0
Ignacio Buse,9,1204,20,0,0,0
Ignacio Buse,10,1206,0,0,0,0
Ignacio Buse,12,1208,0,0,0,0
Ignacio Buse,14,1209,0,0,0,0
Ignacio Buse,14,1210,0,0,0,0
Ignacio Buse,16,1211,0,0,0,0
Ignacio Buse,17,1213,0,0,0,0
Ignacio Buse,19,1215,0,0,0,0
Ignacio Buse,20,1216,0,0,0,0
Ignacio Buse,21,1217,0,0,0,0
Ignacio Buse,24,1219,0,0,0,0
Ignacio Buse,25,1220,0,0,0,0
Ignacio Buse,26,1221,0,0,0,0
Ignacio Buse,25,1221,0,0,0,0
Ignacio Buse,27,1222,0,0,0,0
Ignacio Buse,29,1224,180,0,0,0
Ignacio Buse,30,1225,20,0,0,0
Ignacio Buse,29,1225,0,0,0,0
Ignacio Buse,30,1226,0,0,0,0
Ignacio Buse,32,1228,0,0,0,0
Ignacio Buse,33,1229,0,0,0,0
Ignacio Buse,34,1230,0,0,10,0
Ignacio Buse,38,1234,0,0,0,0
Ignacio Buse,39,1235,0,0,0,0
Isaac Becroft,52,1196,0,0,0,0
Isaac Becroft,1,1196,0,0,0,0
Isaac Becroft,2,1197,0,0,20,0
Isaac Becroft,2,1198,0,0,0,0
Isaac Becroft,5,1200,0,0,0,0
Isaac Becroft,6,1201,0,0,0,0
Isaac Becroft,7,1202,0,0,0,0
Isaac Becroft,8,1203,0,0,0,0
Isaac Becroft,9,1204,0,0,0,0
Isaac Becroft,10,1206,0,0,0,0
Isaac Becroft,12,1208,0,0,0,0
Isaac Becroft,14,1209,0,0,0,0
Isaac Becroft,14,1210,0,0,0,0
Isaac Becroft,16,1211,0,0,0,0
Isaac Becroft,17,1213,0,0,0,0
Isaac Becroft,19,1215,0,0,0,0
Isaac Becroft,20,1216,0,0,0,0
Isaac Becroft,21,1217,0,0,0,0
Isaac Becroft,24,1219,0,0,0,0
Isaac Becroft,25,1220,0,0,0,0
Isaac Becroft,26,1221,0,0,0,0
Isaac Becroft,25,1221,0,0,0,0
Isaac Becroft,27,1222,0,0,0,0
Isaac Becroft,29,1224,0,0,0,0
Isaac Becroft,30,1225,0,0,0,0
Isaac Becroft,29,1225,0,0,0,0
Isaac Becroft,30,1226,0,0,0,0
Isaac Becroft,32,1228,0,0,0,0
Isaac Becroft,33,1229,0,0,0,0
Isaac Becroft,34,1230,0,0,0,0
Isaac Becroft,38,1234,0,0,0,0
Isaac Becroft,39,1235,0,0,0,0
Ivan Gakhov,52,1196,0,0,0,0
Ivan Gakhov,1,1196,0,0,0,0
Ivan Gakhov,2,1197,0,0,0,0
Ivan Gakhov,2,1198,0,0,0,0
Ivan Gakhov,5,1200,0,0,0,0
Ivan Gakhov,6,1201,0,0,0,0
Ivan Gakhov,7,1202,0,0,0,0
Ivan Gakhov,8,1203,0,0,0,0
Ivan Gakhov,9,1204,0,0,0,0
Ivan Gakhov,10,1206,0,0,0,0
Ivan Gakhov,12,1208,0,0,0,0
Ivan Gakhov,14,1209,0,0,0,0
Ivan Gakhov,14,1210,0,0,0,0
Ivan Gakhov,16,1211,0,0,0,0
Ivan Gakhov,17,1213,0,0,0,0
Ivan Gakhov,19,1215,0,0,0,0
Ivan Gakhov,20,1216,20,0,0,0
Ivan Gakhov,21,1217,0,0,0,0
Ivan Gakhov,24,1219,0,0,0,0
Ivan Gakhov,25,1220,0,0,0,0
Ivan Gakhov,26,1221,0,0,0,0
Ivan Gakhov,25,1221,0,0,0,0
Ivan Gakhov,27,1222,0,0,0,0
Ivan Gakhov,29,1224,0,0,0,0
Ivan Gakhov,30,1225,0,0,0,0
Ivan Gakhov,29,1225,0,0,0,0
Ivan Gakhov,30,1226,0,0,0,0
Ivan Gakhov,32,1228,0,0,0,0
Ivan Gakhov,33,1229,0,0,0,0
Ivan Gakhov,34,1230,0,0,0,0
Ivan Gakhov,38,1234,0,0,0,0
Ivan Gakhov,39,1235,0,0,0,0
Jack Draper,52,1196,0,0,0,0
Jack Draper,1,1196,0,0,0,0
Jack Draper,2,1197,0,0,0,0
Jack Draper,2,1198,0,0,180,0
Jack Draper,5,1200,0,0,0,0
Jack Draper,6,1201,0,0,0,0
Jack Draper,7,1202,0,0,0,0
Jack Draper,8,1203,0,0,300,0
Jack Draper,9,1204,0,0,0,0
Jack Draper,10,1206,0,0,1000,0
Jack Draper,12,1208,0,0,25,0
Jack Draper,14,1209,0,0,0,0
Jack Draper,14,1210,90,0,0,0
Jack Draper,16,1211,0,0,0,0
Jack Draper,17,1213,600,0,0,0
Jack Draper,19,1215,180,0,0,0
Jack Draper,20,1216,0,0,0,0
Jack Draper,21,1217,180,0,0,0
Jack Draper,24,1219,0,0,0,0
Jack Draper,25,1220,0,180,0,0
Jack Draper,26,1221,0,0,0,0
Jack Draper,25,1221,0,0,0,0
Jack Draper,27,1222,0,45,0,0
Jack Draper,29,1224,0,0,0,0
Jack Draper,30,1225,0,0,0,0
Jack Draper,29,1225,0,0,0,0
Jack Draper,30,1226,0,0,0,0
Jack Draper,32,1228,0,0,0,0
Jack Draper,33,1229,0,0,0,0
Jack Draper,34,1230,0,0,45,0
Jack Draper,38,1234,0,0,0,0
Jack Draper,39,1235,0,0,0,0
Jack Pinnington Jones,52,1196,0,0,0,0
Jack Pinnington Jones,1,1196,0,0,0,0
Jack Pinnington Jones,2,1197,0,0,0,0
Jack Pinnington Jones,2,1198,0,0,0,0
Jack Pinnington Jones,5,1200,0,0,0,0
Jack Pinnington Jones,6,1201,0,0,0,0
Jack Pinnington Jones,7,1202,0,0,0,0
Jack Pinnington Jones,8,1203,0,0,0,0
Jack Pinnington Jones,9,1204,0,0,0,0
Jack Pinnington Jones,10,1206,0,0,0,0
Jack Pinnington Jones,12,1208,0,0,0,0
Jack Pinnington Jones,14,1209,0,0,0,0
Jack Pinnington Jones,14,1210,0,0,0,0
Jack Pinnington Jones,16,1211,0,0,0,0
Jack Pinnington Jones,17,1213,0,0,0,0
Jack Pinnington Jones,19,1215,0,0,0,0
Jack Pinnington Jones,20,1216,0,0,0,0
Jack Pinnington Jones,21,1217,0,0,0,0
Jack Pinnington Jones,24,1219,0,0,0,0
Jack Pinnington Jones,25,1220,0,0,0,0
Jack Pinnington Jones,26,1221,0,20,0,0
Jack Pinnington Jones,25,1221,0,0,0,0
Jack Pinnington Jones,27,1222,0,45,0,0
Jack Pinnington Jones,29,1224,0,0,0,0
Jack Pinnington Jones,30,1225,0,0,0,0
Jack Pinnington Jones,29,1225,0,0,0,0
Jack Pinnington Jones,30,1226,0,0,0,0
Jack Pinnington Jones,32,1228,0,0,0,0
Jack Pinnington Jones,33,1229,0,0,0,0
Jack Pinnington Jones,34,1230,0,0,0,0
Jack Pinnington Jones,38,1234,0,0,0,0
Jack Pinnington Jones,39,1235,0,0,0,0
Jacob Fearnley,52,1196,0,0,0,0
Jacob Fearnley,1,1196,0,0,0,0
Jacob Fearnley,2,1197,0,0,0,0
Jacob Fearnley,2,1198,0,0,90,0
Jacob Fearnley,5,1200,0,0,0,0
Jacob Fearnley,6,1201,0,0,0,0
Jacob Fearnley,7,1202,0,0,0,0
Jacob Fearnley,8,1203,0,0,0,0
Jacob Fearnley,9,1204,0,0,0,0
Jacob Fearnley,10,1206,0,0,10,0
Jacob Fearnley,12,1208,0,0,25,0
Jacob Fearnley,14,1209,0,0,0,0
Jacob Fearnley,14,1210,0,0,0,0
Jacob Fearnley,16,1211,45,0,0,0
Jacob Fearnley,17,1213,45,0,0,0
Jacob Fearnley,19,1215,25,0,0,0
Jacob Fearnley,20,1216,45,0,0,0
Jacob Fearnley,21,1217,90,0,0,0
Jacob Fearnley,24,1219,0,20,0,0
Jacob Fearnley,25,1220,0,90,0,0
Jacob Fearnley,26,1221,0,45,0,0
Jacob Fearnley,25,1221,0,0,0,0
Jacob Fearnley,27,1222,0,10,0,0
Jacob Fearnley,29,1224,0,0,0,0
Jacob Fearnley,30,1225,0,0,0,0
Jacob Fearnley,29,1225,0,0,0,0
Jacob Fearnley,30,1226,0,0,10,0
Jacob Fearnley,32,1228,0,0,10,0
Jacob Fearnley,33,1229,0,0,20,0
Jacob Fearnley,34,1230,0,0,45,0
Jacob Fearnley,38,1234,0,0,0,0
Jacob Fearnley,39,1235,0,0,0,0
Jaime Faria,52,1196,0,0,0,0
Jaime Faria,1,1196,0,0,0,0
Jaime Faria,2,1197,0,0,0,0
Jaime Faria,2,1198,0,0,45,0
Jaime Faria,5,1200,0,0,0,0
Jaime Faria,6,1201,0,0,0,0
Jaime Faria,7,1202,0,0,0,0
Jaime Faria,8,1203,90,0,0,0
Jaime Faria,9,1204,90,0,0,0
Jaime Faria,10,1206,0,0,0,0
Jaime Faria,12,1208,0,0,0,0
Jaime Faria,14,1209,0,0,0,0
Jaime Faria,14,1210,0,0,0,0
Jaime Faria,16,1211,0,0,0,0
Jaime Faria,17,1213,0,0,0,0
Jaime Faria,19,1215,0,0,0,0
Jaime Faria,20,1216,0,0,0,0
Jaime Faria,21,1217,10,0,0,0
Jaime Faria,24,1219,0,0,0,0
Jaime Faria,25,1220,0,0,0,0
Jaime Faria,26,1221,0,0,0,0
Jaime Faria,25,1221,0,0,0,0
Jaime Faria,27,1222,0,10,0,0
Jaime Faria,29,1224,20,0,0,0
Jaime Faria,30,1225,20,0,0,0
Jaime Faria,29,1225,0,0,0,0
Jaime Faria,30,1226,0,0,0,0
Jaime Faria,32,1228,0,0,0,0
Jaime Faria,33,1229,0,0,0,0
Jaime Faria,34,1230,0,0,10,0
Jaime Faria,38,1234,0,0,0,0
Jaime Faria,39,1235,0,0,0,0
Jakub Mensik,52,1196,0,0,90,0
Jakub Mensik,1,1196,0,0,0,0
Jakub Mensik,2,1197,0,0,90,0
Jakub Mensik,2,1198,0,0,90,0
Jakub Mensik,5,1200,0,0,0,0
Jakub Mensik,6,1201,0,0,45,0
Jakub Mensik,7,1202,0,0,0,0
Jakub Mensik,8,1203,0,0,0,0
Jakub Mensik,9,1204,0,0,20,0
Jakub Mensik,10,1206,0,0,25,0
Jakub Mensik,12,1208,0,0,1000,0
Jakub Mensik,14,1209,0,0,0,0
Jakub Mensik,14,1210,0,0,0,0
Jakub Mensik,16,1211,20,0,0,0
Jakub Mensik,17,1213,180,0,0,0
Jakub Mensik,19,1215,90,0,0,0
Jakub Mensik,20,1216,0,0,0,0
Jakub Mensik,21,1217,45,0,0,0
Jakub Mensik,24,1219,0,0,0,0
Jakub Mensik,25,1220,0,45,0,0
Jakub Mensik,26,1221,0,90,0,0
Jakub Mensik,25,1221,0,0,0,0
Jakub Mensik,27,1222,0,90,0,0
Jakub Mensik,29,1224,0,0,0,0
Jakub Mensik,30,1225,0,0,0,0
Jakub Mensik,29,1225,0,0,0,0
Jakub Mensik,30,1226,0,0,45,0
Jakub Mensik,32,1228,0,0,45,0
Jakub Mensik,33,1229,0,0,0,0
Jakub Mensik,34,1230,0,0,45,0
Jakub Mensik,38,1234,0,0,0,0
Jakub Mensik,39,1235,0,0,90,0
James Duckworth,52,1196,0,0,0,0
James Duckworth,1,1196,0,0,0,0
James Duckworth,2,1197,0,0,20,0
James Duckworth,2,1198,0,0,45,0
James Duckworth,5,1200,0,0,0,0
James Duckworth,6,1201,0,0,20,0
James Duckworth,7,1202,0,0,0,0
James Duckworth,8,1203,0,0,0,0
James Duckworth,9,1204,0,0,0,0
James Duckworth,10,1206,0,0,0,0
James Duckworth,12,1208,0,0,0,0
James Duckworth,14,1209,20,0,0,0
James Duckworth,14,1210,0,0,0,0
James Duckworth,16,1211,0,0,0,0
James Duckworth,17,1213,0,0,0,0
James Duckworth,19,1215,0,0,0,0
James Duckworth,20,1216,0,0,0,0
James Duckworth,21,1217,10,0,0,0
James Duckworth,24,1219,0,20,0,0
James Duckworth,25,1220,0,0,0,0
James Duckworth,26,1221,0,45,0,0
James Duckworth,25,1221,0,0,0,0
James Duckworth,27,1222,0,10,0,0
James Duckworth,29,1224,0,0,90,0
James Duckworth,30,1225,0,0,0,0
James Duckworth,29,1225,0,0,0,0
James Duckworth,30,1226,0,0,25,0
James Duckworth,32,1228,0,0,0,0
James Duckworth,33,1229,0,0,0,0
James Duckworth,34,1230,0,0,10,0
James Duckworth,38,1234,0,0,0,0
James Duckworth,39,1235,0,0,0,0
James McCabe,52,1196,0,0,0,0
James McCabe,1,1196,0,0,0,0
James McCabe,2,1197,0,0,0,0
James McCabe,2,1198,0,0,45,0
James McCabe,5,1200,0,0,0,0
James McCabe,6,1201,0,0,0,0
James McCabe,7,1202,0,0,0,0
James McCabe,8,1203,0,0,0,0
James McCabe,9,1204,0,0,0,0
James McCabe,10,1206,0,0,0,0
James McCabe,12,1208,0,0,0,0
James McCabe,14,1209,0,0,0,0
James McCabe,14,1210,0,0,0,0
James McCabe,16,1211,0,0,0,0
James McCabe,17,1213,0,0,0,0
James McCabe,19,1215,0,0,0,0
James McCabe,20,1216,0,0,0,0
James McCabe,21,1217,0,0,0,0
James McCabe,24,1219,0,0,0,0
James McCabe,25,1220,0,0,0,0
James McCabe,26,1221,0,0,0,0
James McCabe,25,1221,0,0,0,0
James McCabe,27,1222,0,10,0,0
James McCabe,29,1224,0,0,20,0
James McCabe,30,1225,0,0,0,0
James McCabe,29,1225,0,0,0,0
James McCabe,30,1226,0,0,0,0
James McCabe,32,1228,0,0,0,0
James McCabe,33,1229,0,0,0,0
James McCabe,34,1230,0,0,0,0
James McCabe,38,1234,0,0,0,0
James McCabe,39,1235,0,0,0,0
James Trotter,52,1196,0,0,0,0
James Trotter,1,1196,0,0,0,0
James Trotter,2,1197,0,0,0,0
James Trotter,2,1198,0,0,0,0
James Trotter,5,1200,0,0,0,0
James Trotter,6,1201,0,0,0,0
James Trotter,7,1202,0,0,20,0
James Trotter,8,1203,0,0,0,0
James Trotter,9,1204,0,0,0,0
James Trotter,10,1206,0,0,0,0
James Trotter,12,1208,0,0,0,0
James Trotter,14,1209,0,0,0,0
James Trotter,14,1210,0,0,0,0
James Trotter,16,1211,0,0,0,0
James Trotter,17,1213,0,0,0,0
James Trotter,19,1215,0,0,0,0
James Trotter,20,1216,0,0,0,0
James Trotter,21,1217,0,0,0,0
James Trotter,24,1219,0,0,0,0
James Trotter,25,1220,0,0,0,0
James Trotter,26,1221,0,0,0,0
James Trotter,25,1221,0,0,0,0
James Trotter,27,1222,0,0,0,0
James Trotter,29,1224,0,0,0,0
James Trotter,30,1225,0,0,0,0
James Trotter,29,1225,0,0,0,0
James Trotter,30,1226,0,0,0,0
James Trotter,32,1228,0,0,0,0
James Trotter,33,1229,0,0,0,0
James Trotter,34,1230,0,0,0,0
James Trotter,38,1234,0,0,0,0
James Trotter,39,1235,0,0,0,0
Jan-Lennard Struff,52,1196,0,0,0,0
Jan-Lennard Struff,1,1196,0,0,0,0
Jan-Lennard Struff,2,1197,0,0,45,0
Jan-Lennard Struff,2,1198,0,0,10,0
Jan-Lennard Struff,5,1200,0,0,0,0
Jan-Lennard Struff,6,1201,0,0,20,0
Jan-Lennard Struff,7,1202,0,0,90,0
Jan-Lennard Struff,8,1203,0,0,20,0
Jan-Lennard Struff,9,1204,0,0,20,0
Jan-Lennard Struff,10,1206,0,0,10,0
Jan-Lennard Struff,12,1208,0,0,10,0
Jan-Lennard Struff,14,1209,0,0,0,0
Jan-Lennard Struff,14,1210,25,0,0,0
Jan-Lennard Struff,16,1211,20,0,0,0
Jan-Lennard Struff,17,1213,25,0,0,0
Jan-Lennard Struff,19,1215,0,0,0,0
Jan-Lennard Struff,20,1216,20,0,0,0
Jan-Lennard Struff,21,1217,10,0,0,0
Jan-Lennard Struff,24,1219,0,45,0,0
Jan-Lennard Struff,25,1220,0,20,0,0
Jan-Lennard Struff,26,1221,0,0,0,0
Jan-Lennard Struff,25,1221,0,0,0,0
Jan-Lennard Struff,27,1222,0,90,0,0
Jan-Lennard Struff,29,1224,20,0,0,0
Jan-Lennard Struff,30,1225,90,0,0,0
Jan-Lennard Struff,29,1225,0,0,0,0
Jan-Lennard Struff,30,1226,0,0,0,0
Jan-Lennard Struff,32,1228,0,0,0,0
Jan-Lennard Struff,33,1229,0,0,0,0
Jan-Lennard Struff,34,1230,0,0,180,0
Jan-Lennard Struff,38,1234,0,0,0,0
Jan-Lennard Struff,39,1235,0,0,0,0
Jannik Sinner,52,1196,0,0,0,0
Jannik Sinner,1,1196,0,0,0,0
Jannik Sinner,2,1197,0,0,0,0
Jannik Sinner,2,1198,0,0,2000,0
Jannik Sinner,5,1200,0,0,0,0
Jannik Sinner,6,1201,0,0,0,0
Jannik Sinner,7,1202,0,0,0,0
Jannik Sinner,8,1203,0,0,0,0
Jannik Sinner,9,1204,0,0,0,0
Jannik Sinner,10,1206,0,0,0,0
Jannik Sinner,12,1208,0,0,0,0
Jannik Sinner,14,1209,0,0,0,0
Jannik Sinner,14,1210,0,0,0,0
Jannik Sinner,16,1211,0,0,0,0
Jannik Sinner,17,1213,0,0,0,0
Jannik Sinner,19,1215,600,0,0,0
Jannik Sinner,20,1216,0,0,0,0
Jannik Sinner,21,1217,1200,0,0,0
Jannik Sinner,24,1219,0,0,0,0
Jannik Sinner,25,1220,0,45,0,0
Jannik Sinner,26,1221,0,0,0,0
Jannik Sinner,25,1221,0,0,0,0
Jannik Sinner,27,1222,0,2000,0,0
Jannik Sinner,29,1224,0,0,0,0
Jannik Sinner,30,1225,0,0,0,0
Jannik Sinner,29,1225,0,0,0,0
Jannik Sinner,30,1226,0,0,0,0
Jannik Sinner,32,1228,0,0,600,0
Jannik Sinner,33,1229,0,0,0,0
Jannik Sinner,34,1230,0,0,1200,0
Jannik Sinner,38,1234,0,0,0,0
Jannik Sinner,39,1235,0,0,500,0
Jaume Munar,52,1196,0,0,0,0
Jaume Munar,1,1196,0,0,180,0
Jaume Munar,2,1197,0,0,0,0
Jaume Munar,2,1198,0,0,10,0
Jaume Munar,5,1200,0,0,0,0
Jaume Munar,6,1201,0,0,180,0
Jaume Munar,7,1202,0,0,0,0
Jaume Munar,8,1203,45,0,0,0
Jaume Munar,9,1204,0,0,0,0
Jaume Munar,10,1206,0,0,10,0
Jaume Munar,12,1208,0,0,45,0
Jaume Munar,14,1209,20,0,0,0
Jaume Munar,14,1210,0,0,0,0
Jaume Munar,16,1211,45,0,0,0
Jaume Munar,17,1213,10,0,0,0
Jaume Munar,19,1215,90,0,0,0
Jaume Munar,20,1216,20,0,0,0
Jaume Munar,21,1217,45,0,0,0
Jaume Munar,24,1219,0,0,0,0
Jaume Munar,25,1220,0,45,0,0
Jaume Munar,26,1221,0,0,0,0
Jaume Munar,25,1221,0,20,0,0
Jaume Munar,27,1222,0,90,0,0
Jaume Munar,29,1224,0,0,0,0
Jaume Munar,30,1225,0,0,20,0
Jaume Munar,29,1225,0,0,0,0
Jaume Munar,30,1226,0,0,25,0
Jaume Munar,32,1228,0,0,10,0
Jaume Munar,33,1229,0,0,90,0
Jaume Munar,34,1230,0,0,180,0
Jaume Munar,38,1234,0,0,0,0
Jaume Munar,39,1235,0,0,20,0
Jay Clarke,52,1196,0,0,0,0
Jay Clarke,1,1196,0,0,0,0
Jay Clarke,2,1197,0,0,0,0
Jay Clarke,2,1198,0,0,0,0
Jay Clarke,5,1200,0,0,0,0
Jay Clarke,6,1201,0,0,0,0
Jay Clarke,7,1202,0,0,0,0
Jay Clarke,8,1203,0,0,0,0
Jay Clarke,9,1204,0,0,0,0
Jay Clarke,10,1206,0,0,0,0
Jay Clarke,12,1208,0,0,0,0
Jay Clarke,14,1209,0,0,0,0
Jay Clarke,14,1210,0,0,0,0
Jay Clarke,16,1211,0,0,0,0
Jay Clarke,17,1213,0,0,0,0
Jay Clarke,19,1215,0,0,0,0
Jay Clarke,20,1216,0,0,0,0
Jay Clarke,21,1217,0,0,0,0
Jay Clarke,24,1219,0,0,0,0
Jay Clarke,25,1220,0,0,0,0
Jay Clarke,26,1221,0,0,0,0
Jay Clarke,25,1221,0,0,0,0
Jay Clarke,27,1222,0,10,0,0
Jay Clarke,29,1224,0,0,0,0
Jay Clarke,30,1225,0,0,0,0
Jay Clarke,29,1225,0,0,0,0
Jay Clarke,30,1226,0,0,0,0
Jay Clarke,32,1228,0,0,0,0
Jay Clarke,33,1229,0,0,0,0
Jay Clarke,34,1230,0,0,0,0
Jay Clarke,38,1234,0,0,0,0
Jay Clarke,39,1235,0,0,0,0
Jenson Brooksby,52,1196,0,0,0,0
Jenson Brooksby,1,1196,0,0,0,0
Jenson Brooksby,2,1197,0,0,0,0
Jenson Brooksby,2,1198,0,0,10,0
Jenson Brooksby,5,1200,0,0,0,0
Jenson Brooksby,6,1201,0,0,20,0
Jenson Brooksby,7,1202,0,0,0,0
Jenson Brooksby,8,1203,0,0,0,0
Jenson Brooksby,9,1204,0,0,0,0
Jenson Brooksby,10,1206,0,0,45,0
Jenson Brooksby,12,1208,0,0,10,0
Jenson Brooksby,14,1209,500,0,0,0
Jenson Brooksby,14,1210,0,0,0,0
Jenson Brooksby,16,1211,0,0,0,0
Jenson Brooksby,17,1213,0,0,0,0
Jenson Brooksby,19,1215,0,0,0,0
Jenson Brooksby,20,1216,0,0,0,0
Jenson Brooksby,21,1217,45,0,0,0
Jenson Brooksby,24,1219,0,0,0,0
Jenson Brooksby,25,1220,0,20,0,0
Jenson Brooksby,26,1221,0,300,0,0
Jenson Brooksby,25,1221,0,0,0,0
Jenson Brooksby,27,1222,0,45,0,0
Jenson Brooksby,29,1224,0,0,0,0
Jenson Brooksby,30,1225,0,0,0,0
Jenson Brooksby,29,1225,0,0,0,0
Jenson Brooksby,30,1226,0,0,10,0
Jenson Brooksby,32,1228,0,0,45,0
Jenson Brooksby,33,1229,0,0,0,0
Jenson Brooksby,34,1230,0,0,45,0
Jenson Brooksby,38,1234,0,0,0,0
Jenson Brooksby,39,1235,0,0,180,0
Jerome Kym,52,1196,0,0,0,0
Jerome Kym,1,1196,0,0,0,0
Jerome Kym,2,1197,0,0,0,0
Jerome Kym,2,1198,0,0,0,0
Jerome Kym,5,1200,0,0,0,0
Jerome Kym,6,1201,0,0,0,0
Jerome Kym,7,1202,0,0,0,0
Jerome Kym,8,1203,0,0,0,0
Jerome Kym,9,1204,0,0,0,0
Jerome Kym,10,1206,0,0,0,0
Jerome Kym,12,1208,0,0,0,0
Jerome Kym,14,1209,0,0,0,0
Jerome Kym,14,1210,0,0,0,0
Jerome Kym,16,1211,0,0,0,0
Jerome Kym,17,1213,0,0,0,0
Jerome Kym,19,1215,0,0,0,0
Jerome Kym,20,1216,0,0,0,0
Jerome Kym,21,1217,0,0,0,0
Jerome Kym,24,1219,0,0,0,0
Jerome Kym,25,1220,0,0,0,0
Jerome Kym,26,1221,0,0,0,0
Jerome Kym,25,1221,0,0,0,0
Jerome Kym,27,1222,0,0,0,0
Jerome Kym,29,1224,90,0,0,0
Jerome Kym,30,1225,0,0,0,0
Jerome Kym,29,1225,0,0,0,0
Jerome Kym,30,1226,0,0,0,0
Jerome Kym,32,1228,0,0,0,0
Jerome Kym,33,1229,0,0,0,0
Jerome Kym,34,1230,0,0,90,0
Jerome Kym,38,1234,0,0,0,0
Jerome Kym,39,1235,0,0,0,0
Jesper de Jong,52,1196,0,0,0,0
Jesper de Jong,1,1196,0,0,0,0
Jesper de Jong,2,1197,0,0,0,0
Jesper de Jong,2,1198,0,0,0,0
Jesper de Jong,5,1200,0,0,180,0
Jesper de Jong,6,1201,0,0,0,0
Jesper de Jong,7,1202,0,0,0,0
Jesper de Jong,8,1203,0,0,0,0
Jesper de Jong,9,1204,0,0,0,0
Jesper de Jong,10,1206,0,0,0,0
Jesper de Jong,12,1208,0,0,0,0
Jesper de Jong,14,1209,45,0,0,0
Jesper de Jong,14,1210,0,0,0,0
Jesper de Jong,16,1211,20,0,0,0
Jesper de Jong,17,1213,0,0,0,0
Jesper de Jong,19,1215,45,0,0,0
Jesper de Jong,20,1216,0,0,0,0
Jesper de Jong,21,1217,45,0,0,0
Jesper de Jong,24,1219,0,20,0,0
Jesper de Jong,25,1220,0,20,0,0
Jesper de Jong,26,1221,0,0,0,0
Jesper de Jong,25,1221,0,0,0,0
Jesper de Jong,27,1222,0,45,0,0
Jesper de Jong,29,1224,300,0,0,0
Jesper de Jong,30,1225,0,0,0,0
Jesper de Jong,29,1225,90,0,0,0
Jesper de Jong,30,1226,0,0,0,0
Jesper de Jong,32,1228,0,0,0,0
Jesper de Jong,33,1229,0,0,0,0
Jesper de Jong,34,1230,0,0,10,0
Jesper de Jong,38,1234,0,0,0,0
Jesper de Jong,39,1235,0,0,0,0
Jiri Lehecka,52,1196,0,0,500,0
Jiri Lehecka,1,1196,0,0,0,0
Jiri Lehecka,2,1197,0,0,0,0
Jiri Lehecka,2,1198,0,0,180,0
Jiri Lehecka,5,1200,0,0,0,0
Jiri Lehecka,6,1201,0,0,45,0
Jiri Lehecka,7,1202,0,0,0,0
Jiri Lehecka,8,1203,0,0,180,0
Jiri Lehecka,9,1204,0,0,20,0
Jiri Lehecka,10,1206,0,0,25,0
Jiri Lehecka,12,1208,0,0,25,0
Jiri Lehecka,14,1209,0,0,0,0
Jiri Lehecka,14,1210,45,0,0,0
Jiri Lehecka,16,1211,0,0,0,0
Jiri Lehecka,17,1213,25,0,0,0
Jiri Lehecka,19,1215,10,0,0,0
Jiri Lehecka,20,1216,90,0,0,0
Jiri Lehecka,21,1217,90,0,0,0
Jiri Lehecka,24,1219,0,90,0,0
Jiri Lehecka,25,1220,0,300,0,0
Jiri Lehecka,26,1221,0,0,0,0
Jiri Lehecka,25,1221,0,0,0,0
Jiri Lehecka,27,1222,0,45,0,0
Jiri Lehecka,29,1224,0,0,0,0
Jiri Lehecka,30,1225,0,0,45,0
Jiri Lehecka,29,1225,0,0,0,0
Jiri Lehecka,30,1226,0,0,90,0
Jiri Lehecka,32,1228,0,0,90,0
Jiri Lehecka,33,1229,0,0,0,0
Jiri Lehecka,34,1230,0,0,360,0
Jiri Lehecka,38,1234,0,0,0,0
Jiri Lehecka,39,1235,0,0,0,0
Joao Fonseca,52,1196,0,0,0,0
Joao Fonseca,1,1196,0,0,0,0
Joao Fonseca,2,1197,0,0,0,0
Joao Fonseca,2,1198,0,0,45,0
Joao Fonseca,5,1200,0,0,0,0
Joao Fonseca,6,1201,0,0,0,0
Joao Fonseca,7,1202,500,0,0,0
Joao Fonseca,8,1203,20,0,0,0
Joao Fonseca,9,1204,0,0,0,0
Joao Fonseca,10,1206,0,0,25,0
Joao Fonseca,12,1208,0,0,0,0
Joao Fonseca,14,1209,0,0,0,0
Joao Fonseca,14,1210,0,0,0,0
Joao Fonseca,16,1211,0,0,0,0
Joao Fonseca,17,1213,25,0,0,0
Joao Fonseca,19,1215,10,0,0,0
Joao Fonseca,20,1216,0,0,0,0
Joao Fonseca,21,1217,90,0,0,0
Joao Fonseca,24,1219,0,0,0,0
Joao Fonseca,25,1220,0,20,0,0
Joao Fonseca,26,1221,0,45,0,0
Joao Fonseca,25,1221,0,0,0,0
Joao Fonseca,27,1222,0,90,0,0
Joao Fonseca,29,1224,0,0,0,0
Joao Fonseca,30,1225,0,0,0,0
Joao Fonseca,29,1225,0,0,0,0
Joao Fonseca,30,1226,0,0,10,0
Joao Fonseca,32,1228,0,0,45,0
Joao Fonseca,33,1229,0,0,0,0
Joao Fonseca,34,1230,0,0,45,0
Joao Fonseca,38,1234,0,0,0,0
Joao Fonseca,39,1235,0,0,0,0
Joel Schwaerzler,52,1196,0,0,0,0
Joel Schwaerzler,1,1196,0,0,0,0
Joel Schwaerzler,2,1197,0,0,0,0
Joel Schwaerzler,2,1198,0,0,0,0
Joel Schwaerzler,5,1200,0,0,0,0
Joel Schwaerzler,6,1201,0,0,0,0
Joel Schwaerzler,7,1202,0,0,0,0
Joel Schwaerzler,8,1203,0,0,0,0
Joel Schwaerzler,9,1204,0,0,0,0
Joel Schwaerzler,10,1206,0,0,0,0
Joel Schwaerzler,12,1208,0,0,0,0
Joel Schwaerzler,14,1209,0,0,0,0
Joel Schwaerzler,14,1210,0,0,0,0
Joel Schwaerzler,16,1211,0,0,0,0
Joel Schwaerzler,17,1213,0,0,0,0
Joel Schwaerzler,19,1215,0,0,0,0
Joel Schwaerzler,20,1216,0,0,0,0
Joel Schwaerzler,21,1217,0,0,0,0
Joel Schwaerzler,24,1219,0,0,0,0
Joel Schwaerzler,25,1220,0,0,0,0
Joel Schwaerzler,26,1221,0,0,0,0
Joel Schwaerzler,25,1221,0,0,0,0
Joel Schwaerzler,27,1222,0,0,0,0
Joel Schwaerzler,29,1224,0,0,0,0
Joel Schwaerzler,30,1225,20,0,0,0
Joel Schwaerzler,29,1225,0,0,0,0
Joel Schwaerzler,30,1226,0,0,0,0
Joel Schwaerzler,32,1228,0,0,0,0
Joel Schwaerzler,33,1229,0,0,0,0
Joel Schwaerzler,34,1230,0,0,0,0
Joel Schwaerzler,38,1234,0,0,0,0
Joel Schwaerzler,39,1235,0,0,0,0
Johannus Monday,52,1196,0,0,0,0
Johannus Monday,1,1196,0,0,0,0
Johannus Monday,2,1197,0,0,0,0
Johannus Monday,2,1198,0,0,0,0
Johannus Monday,5,1200,0,0,0,0
Johannus Monday,6,1201,0,0,0,0
Johannus Monday,7,1202,0,0,0,0
Johannus Monday,8,1203,0,0,0,0
Johannus Monday,9,1204,0,0,0,0
Johannus Monday,10,1206,0,0,0,0
Johannus Monday,12,1208,0,0,0,0
Johannus Monday,14,1209,0,0,0,0
Johannus Monday,14,1210,0,0,0,0
Johannus Monday,16,1211,0,0,0,0
Johannus Monday,17,1213,0,0,0,0
Johannus Monday,19,1215,0,0,0,0
Johannus Monday,20,1216,0,0,0,0
Johannus Monday,21,1217,0,0,0,0
Johannus Monday,24,1219,0,0,0,0
Johannus Monday,25,1220,0,0,0,0
Johannus Monday,26,1221,0,0,0,0
Johannus Monday,25,1221,0,0,0,0
Johannus Monday,27,1222,0,10,0,0
Johannus Monday,29,1224,0,0,0,0
Johannus Monday,30,1225,0,0,0,0
Johannus Monday,29,1225,0,0,0,0
Johannus Monday,30,1226,0,0,0,0
Johannus Monday,32,1228,0,0,0,0
Johannus Monday,33,1229,0,0,0,0
Johannus Monday,34,1230,0,0,0,0
Johannus Monday,38,1234,0,0,0,0
Johannus Monday,39,1235,0,0,0,0
Jordan Thompson,52,1196,0,0,90,0
Jordan Thompson,1,1196,0,0,0,0
Jordan Thompson,2,1197,0,0,0,0
Jordan Thompson,2,1198,0,0,45,0
Jordan Thompson,5,1200,0,0,0,0
Jordan Thompson,6,1201,0,0,0,0
Jordan Thompson,7,1202,0,0,0,0
Jordan Thompson,8,1203,0,0,0,0
Jordan Thompson,9,1204,0,0,0,0
Jordan Thompson,10,1206,0,0,10,0
Jordan Thompson,12,1208,0,0,45,0
Jordan Thompson,14,1209,20,0,0,0
Jordan Thompson,14,1210,45,0,0,0
Jordan Thompson,16,1211,0,0,0,0
Jordan Thompson,17,1213,0,0,0,0
Jordan Thompson,19,1215,25,0,0,0
Jordan Thompson,20,1216,0,0,0,0
Jordan Thompson,21,1217,10,0,0,0
Jordan Thompson,24,1219,0,45,0,0
Jordan Thompson,25,1220,0,20,0,0
Jordan Thompson,26,1221,0,0,0,0
Jordan Thompson,25,1221,0,0,0,0
Jordan Thompson,27,1222,0,180,0,0
Jordan Thompson,29,1224,0,0,0,0
Jordan Thompson,30,1225,0,0,0,0
Jordan Thompson,29,1225,0,0,0,0
Jordan Thompson,30,1226,0,0,0,0
Jordan Thompson,32,1228,0,0,10,0
Jordan Thompson,33,1229,0,0,0,0
Jordan Thompson,34,1230,0,0,45,0
Jordan Thompson,38,1234,0,0,20,0
Jordan Thompson,39,1235,0,0,20,0
Juan Manuel Cerundolo,52,1196,0,0,0,0
Juan Manuel Cerundolo,1,1196,0,0,0,0
Juan Manuel Cerundolo,2,1197,0,0,0,0
Juan Manuel Cerundolo,2,1198,0,0,0,0
Juan Manuel Cerundolo,5,1200,0,0,0,0
Juan Manuel Cerundolo,6,1201,0,0,0,0
Juan Manuel Cerundolo,7,1202,45,0,0,0
Juan Manuel Cerundolo,8,1203,20,0,0,0
Juan Manuel Cerundolo,9,1204,20,0,0,0
Juan Manuel Cerundolo,10,1206,0,0,0,0
Juan Manuel Cerundolo,12,1208,0,0,0,0
Juan Manuel Cerundolo,14,1209,20,0,0,0
Juan Manuel Cerundolo,14,1210,0,0,0,0
Juan Manuel Cerundolo,16,1211,0,0,0,0
Juan Manuel Cerundolo,17,1213,45,0,0,0
Juan Manuel Cerundolo,19,1215,0,0,0,0
Juan Manuel Cerundolo,20,1216,0,0,0,0
Juan Manuel Cerundolo,21,1217,45,0,0,0
Juan Manuel Cerundolo,24,1219,0,0,0,0
Juan Manuel Cerundolo,25,1220,0,0,0,0
Juan Manuel Cerundolo,26,1221,0,0,0,0
Juan Manuel Cerundolo,25,1221,0,0,0,0
Juan Manuel Cerundolo,27,1222,0,0,0,0
Juan Manuel Cerundolo,29,1224,300,0,0,0
Juan Manuel Cerundolo,30,1225,0,0,0,0
Juan Manuel Cerundolo,29,1225,0,0,0,0
Juan Manuel Cerundolo,30,1226,0,0,0,0
Juan Manuel Cerundolo,32,1228,0,0,0,0
Juan Manuel Cerundolo,33,1229,0,0,0,0
Juan Manuel Cerundolo,34,1230,0,0,0,0
Juan Manuel Cerundolo,38,1234,0,0,20,0
Juan Manuel Cerundolo,39,1235,0,0,0,0
Juan Pablo Ficovich,52,1196,0,0,0,0
Juan Pablo Ficovich,1,1196,0,0,0,0
Juan Pablo Ficovich,2,1197,0,0,0,0
Juan Pablo Ficovich,2,1198,0,0,0,0
Juan Pablo Ficovich,5,1200,0,0,0,0
Juan Pablo Ficovich,6,1201,0,0,0,0
Juan Pablo Ficovich,7,1202,0,0,0,0
Juan Pablo Ficovich,8,1203,0,0,0,0
Juan Pablo Ficovich,9,1204,20,0,0,0
Juan Pablo Ficovich,10,1206,0,0,0,0
Juan Pablo Ficovich,12,1208,0,0,0,0
Juan Pablo Ficovich,14,1209,0,0,0,0
Juan Pablo Ficovich,14,1210,0,0,0,0
Juan Pablo Ficovich,16,1211,0,0,0,0
Juan Pablo Ficovich,17,1213,0,0,0,0
Juan Pablo Ficovich,19,1215,0,0,0,0
Juan Pablo Ficovich,20,1216,0,0,0,0
Juan Pablo Ficovich,21,1217,0,0,0,0
Juan Pablo Ficovich,24,1219,0,0,0,0
Juan Pablo Ficovich,25,1220,0,0,0,0
Juan Pablo Ficovich,26,1221,0,0,0,0
Juan Pablo Ficovich,25,1221,0,0,0,0
Juan Pablo Ficovich,27,1222,0,0,0,0
Juan Pablo Ficovich,29,1224,0,0,90,0
Juan Pablo Ficovich,30,1225,0,0,0,0
Juan Pablo Ficovich,29,1225,0,0,0,0
Juan Pablo Ficovich,30,1226,0,0,25,0
Juan Pablo Ficovich,32,1228,0,0,0,0
Juan Pablo Ficovich,33,1229,0,0,0,0
Juan Pablo Ficovich,34,1230,0,0,0,0
Juan Pablo Ficovich,38,1234,0,0,0,0
Juan Pablo Ficovich,39,1235,0,0,0,0
Juncheng Shang,52,1196,0,0,0,0
Juncheng Shang,1,1196,0,0,180,0
Juncheng Shang,2,1197,0,0,0,0
Juncheng Shang,2,1198,0,0,10,0
Juncheng Shang,5,1200,0,0,0,0
Juncheng Shang,6,1201,0,0,0,0
Juncheng Shang,7,1202,0,0,0,0
Juncheng Shang,8,1203,0,0,0,0
Juncheng Shang,9,1204,0,0,0,0
Juncheng Shang,10,1206,0,0,0,0
Juncheng Shang,12,1208,0,0,0,0
Juncheng Shang,14,1209,0,0,0,0
Juncheng Shang,14,1210,0,0,0,0
Juncheng Shang,16,1211,0,0,0,0
Juncheng Shang,17,1213,0,0,0,0
Juncheng Shang,19,1215,0,0,0,0
Juncheng Shang,20,1216,0,0,0,0
Juncheng Shang,21,1217,0,0,0,0
Juncheng Shang,24,1219,0,0,0,0
Juncheng Shang,25,1220,0,0,0,0
Juncheng Shang,26,1221,0,0,0,0
Juncheng Shang,25,1221,0,0,0,0
Juncheng Shang,27,1222,0,0,0,0
Juncheng Shang,29,1224,0,0,0,0
Juncheng Shang,30,1225,0,0,0,0
Juncheng Shang,29,1225,0,0,0,0
Juncheng Shang,30,1226,0,0,10,0
Juncheng Shang,32,1228,0,0,10,0
Juncheng Shang,33,1229,0,0,0,0
Juncheng Shang,34,1230,0,0,10,0
Juncheng Shang,38,1234,0,0,45,0
Juncheng Shang,39,1235,0,0,20,0
Justin Engel,52,1196,0,0,0,0
Justin Engel,1,1196,0,0,0,0
Justin Engel,2,1197,0,0,0,0
Justin Engel,2,1198,0,0,0,0
Justin Engel,5,1200,0,0,0,0
Justin Engel,6,1201,0,0,0,0
Justin Engel,7,1202,0,0,0,0
Justin Engel,8,1203,0,0,0,0
Justin Engel,9,1204,0,0,0,0
Justin Engel,10,1206,0,0,0,0
Justin Engel,12,1208,0,0,0,0
Justin Engel,14,1209,0,0,0,0
Justin Engel,14,1210,0,0,0,0
Justin Engel,16,1211,20,0,0,0
Justin Engel,17,1213,0,0,0,0
Justin Engel,19,1215,0,0,0,0
Justin Engel,20,1216,45,0,0,0
Justin Engel,21,1217,0,0,0,0
Justin Engel,24,1219,0,90,0,0
Justin Engel,25,1220,0,0,0,0
Justin Engel,26,1221,0,0,0,0
Justin Engel,25,1221,0,20,0,0
Justin Engel,27,1222,0,0,0,0
Justin Engel,29,1224,0,0,0,0
Justin Engel,30,1225,20,0,0,0
Justin Engel,29,1225,0,0,0,0
Justin Engel,30,1226,0,0,0,0
Justin Engel,32,1228,0,0,0,0
Justin Engel,33,1229,0,0,0,0
Justin Engel,34,1230,0,0,0,0
Justin Engel,38,1234,0,0,0,0
Justin Engel,39,1235,0,0,0,0
Kamil Majchrzak,52,1196,0,0,0,0
Kamil Majchrzak,1,1196,0,0,0,0
Kamil Majchrzak,2,1197,0,0,0,0
Kamil Majchrzak,2,1198,0,0,10,0
Kamil Majchrzak,5,1200,0,0,0,0
Kamil Majchrzak,6,1201,0,0,0,0
Kamil Majchrzak,7,1202,0,0,0,0
Kamil Majchrzak,8,1203,0,0,0,0
Kamil Majchrzak,9,1204,0,0,0,0
Kamil Majchrzak,10,1206,0,0,0,0
Kamil Majchrzak,12,1208,0,0,0,0
Kamil Majchrzak,14,1209,180,0,0,0
Kamil Majchrzak,14,1210,0,0,0,0
Kamil Majchrzak,16,1211,0,0,0,0
Kamil Majchrzak,17,1213,25,0,0,0
Kamil Majchrzak,19,1215,0,0,0,0
Kamil Majchrzak,20,1216,0,0,0,0
Kamil Majchrzak,21,1217,10,0,0,0
Kamil Majchrzak,24,1219,0,0,0,0
Kamil Majchrzak,25,1220,0,0,0,0
Kamil Majchrzak,26,1221,0,0,0,0
Kamil Majchrzak,25,1221,0,0,0,0
Kamil Majchrzak,27,1222,0,180,0,0
Kamil Majchrzak,29,1224,45,0,0,0
Kamil Majchrzak,30,1225,0,0,0,0
Kamil Majchrzak,29,1225,20,0,0,0
Kamil Majchrzak,30,1226,0,0,0,0
Kamil Majchrzak,32,1228,0,0,0,0
Kamil Majchrzak,33,1229,0,0,45,0
Kamil Majchrzak,34,1230,0,0,90,0
Kamil Majchrzak,38,1234,0,0,0,0
Kamil Majchrzak,39,1235,0,0,0,0
Karen Khachanov,52,1196,0,0,0,0
Karen Khachanov,1,1196,0,0,45,0
Karen Khachanov,2,1197,0,0,0,0
Karen Khachanov,2,1198,0,0,90,0
Karen Khachanov,5,1200,0,0,0,0
Karen Khachanov,6,1201,0,0,0,0
Karen Khachanov,7,1202,0,0,45,0
Karen Khachanov,8,1203,0,0,20,0
Karen Khachanov,9,1204,0,0,45,0
Karen Khachanov,10,1206,0,0,45,0
Karen Khachanov,12,1208,0,0,45,0
Karen Khachanov,14,1209,0,0,0,0
Karen Khachanov,14,1210,25,0,0,0
Karen Khachanov,16,1211,180,0,0,0
Karen Khachanov,17,1213,45,0,0,0
Karen Khachanov,19,1215,90,0,0,0
Karen Khachanov,20,1216,90,0,0,0
Karen Khachanov,21,1217,90,0,0,0
Karen Khachanov,24,1219,0,90,0,0
Karen Khachanov,25,1220,0,180,0,0
Karen Khachanov,26,1221,0,0,0,0
Karen Khachanov,25,1221,0,0,0,0
Karen Khachanov,27,1222,0,360,0,0
Karen Khachanov,29,1224,0,0,0,0
Karen Khachanov,30,1225,0,0,0,0
Karen Khachanov,29,1225,0,0,0,0
Karen Khachanov,30,1226,0,0,600,0
Karen Khachanov,32,1228,0,0,90,0
Karen Khachanov,33,1229,0,0,0,0
Karen Khachanov,34,1230,0,0,45,0
Karen Khachanov,38,1234,0,0,0,0
Karen Khachanov,39,1235,0,0,20,0
Karue Sell,52,1196,0,0,0,0
Karue Sell,1,1196,0,0,0,0
Karue Sell,2,1197,0,0,0,0
Karue Sell,2,1198,0,0,0,0
Karue Sell,5,1200,0,0,0,0
Karue Sell,6,1201,0,0,0,0
Karue Sell,7,1202,0,0,0,0
Karue Sell,8,1203,0,0,0,0
Karue Sell,9,1204,0,0,0,0
Karue Sell,10,1206,0,0,0,0
Karue Sell,12,1208,0,0,0,0
Karue Sell,14,1209,0,0,0,0
Karue Sell,14,1210,0,0,0,0
Karue Sell,16,1211,0,0,0,0
Karue Sell,17,1213,0,0,0,0
Karue Sell,19,1215,0,0,0,0
Karue Sell,20,1216,20,0,0,0
Karue Sell,21,1217,0,0,0,0
Karue Sell,24,1219,0,0,0,0
Karue Sell,25,1220,0,0,0,0
Karue Sell,26,1221,0,0,0,0
Karue Sell,25,1221,0,0,0,0
Karue Sell,27,1222,0,0,0,0
Karue Sell,29,1224,0,0,0,0
Karue Sell,30,1225,0,0,0,0
Karue Sell,29,1225,0,0,0,0
Karue Sell,30,1226,0,0,0,0
Karue Sell,32,1228,0,0,0,0
Karue Sell,33,1229,0,0,0,0
Karue Sell,34,1230,0,0,0,0
Karue Sell,38,1234,0,0,0,0
Karue Sell,39,1235,0,0,0,0
Kasidit Samrej,52,1196,0,0,0,0
Kasidit Samrej,1,1196,0,0,0,0
Kasidit Samrej,2,1197,0,0,0,0
Kasidit Samrej,2,1198,0,0,10,0
Kasidit Samrej,5,1200,0,0,0,0
Kasidit Samrej,6,1201,0,0,0,0
Kasidit Samrej,7,1202,0,0,0,0
Kasidit Samrej,8,1203,0,0,0,0
Kasidit Samrej,9,1204,0,0,0,0
Kasidit Samrej,10,1206,0,0,0,0
Kasidit Samrej,12,1208,0,0,0,0
Kasidit Samrej,14,1209,0,0,0,0
Kasidit Samrej,14,1210,0,0,0,0
Kasidit Samrej,16,1211,0,0,0,0
Kasidit Samrej,17,1213,0,0,0,0
Kasidit Samrej,19,1215,0,0,0,0
Kasidit Samrej,20,1216,0,0,0,0
Kasidit Samrej,21,1217,0,0,0,0
Kasidit Samrej,24,1219,0,0,0,0
Kasidit Samrej,25,1220,0,0,0,0
Kasidit Samrej,26,1221,0,0,0,0
Kasidit Samrej,25,1221,0,0,0,0
Kasidit Samrej,27,1222,0,0,0,0
Kasidit Samrej,29,1224,0,0,0,0
Kasidit Samrej,30,1225,0,0,0,0
Kasidit Samrej,29,1225,0,0,0,0
Kasidit Samrej,30,1226,0,0,0,0
Kasidit Samrej,32,1228,0,0,0,0
Kasidit Samrej,33,1229,0,0,0,0
Kasidit Samrej,34,1230,0,0,0,0
Kasidit Samrej,38,1234,0,0,0,0
Kasidit Samrej,39,1235,0,0,0,0
Kei Nishikori,52,1196,0,0,0,0
Kei Nishikori,1,1196,0,0,300,0
Kei Nishikori,2,1197,0,0,0,0
Kei Nishikori,2,1198,0,0,45,0
Kei Nishikori,5,1200,0,0,0,0
Kei Nishikori,6,1201,0,0,20,0
Kei Nishikori,7,1202,0,0,20,0
Kei Nishikori,8,1203,0,0,0,0
Kei Nishikori,9,1204,0,0,0,0
Kei Nishikori,10,1206,0,0,25,0
Kei Nishikori,12,1208,0,0,0,0
Kei Nishikori,14,1209,45,0,0,0
Kei Nishikori,14,1210,0,0,0,0
Kei Nishikori,16,1211,0,0,0,0
Kei Nishikori,17,1213,25,0,0,0
Kei Nishikori,19,1215,0,0,0,0
Kei Nishikori,20,1216,45,0,0,0
Kei Nishikori,21,1217,0,0,0,0
Kei Nishikori,24,1219,0,0,0,0
Kei Nishikori,25,1220,0,0,0,0
Kei Nishikori,26,1221,0,0,0,0
Kei Nishikori,25,1221,0,0,0,0
Kei Nishikori,27,1222,0,0,0,0
Kei Nishikori,29,1224,0,0,0,0
Kei Nishikori,30,1225,0,0,0,0
Kei Nishikori,29,1225,0,0,0,0
Kei Nishikori,30,1226,0,0,0,0
Kei Nishikori,32,1228,0,0,10,0
Kei Nishikori,33,1229,0,0,0,0
Kei Nishikori,34,1230,0,0,0,0
Kei Nishikori,38,1234,0,0,0,0
Kei Nishikori,39,1235,0,0,0,0
Kyrian Jacquet,52,1196,0,0,0,0
Kyrian Jacquet,1,1196,0,0,0,0
Kyrian Jacquet,2,1197,0,0,0,0
Kyrian Jacquet,2,1198,0,0,0,0
Kyrian Jacquet,5,1200,0,0,0,0
Kyrian Jacquet,6,1201,0,0,0,0
Kyrian Jacquet,7,1202,0,0,0,0
Kyrian Jacquet,8,1203,0,0,0,0
Kyrian Jacquet,9,1204,0,0,0,0
Kyrian Jacquet,10,1206,0,0,0,0
Kyrian Jacquet,12,1208,0,0,0,0
Kyrian Jacquet,14,1209,0,0,0,0
Kyrian Jacquet,14,1210,0,0,0,0
Kyrian Jacquet,16,1211,0,0,0,0
Kyrian Jacquet,17,1213,0,0,0,0
Kyrian Jacquet,19,1215,0,0,0,0
Kyrian Jacquet,20,1216,0,0,0,0
Kyrian Jacquet,21,1217,10,0,0,0
Kyrian Jacquet,24,1219,0,0,0,0
Kyrian Jacquet,25,1220,0,0,0,0
Kyrian Jacquet,26,1221,0,0,0,0
Kyrian Jacquet,25,1221,0,0,0,0
Kyrian Jacquet,27,1222,0,0,0,0
Kyrian Jacquet,29,1224,0,0,0,0
Kyrian Jacquet,30,1225,0,0,0,0
Kyrian Jacquet,29,1225,0,0,0,0
Kyrian Jacquet,30,1226,0,0,0,0
Kyrian Jacquet,32,1228,0,0,0,0
Kyrian Jacquet,33,1229,0,0,0,0
Kyrian Jacquet,34,1230,0,0,0,0
Kyrian Jacquet,38,1234,0,0,0,0
Kyrian Jacquet,39,1235,0,0,0,0
Laslo Djere,52,1196,0,0,0,0
Laslo Djere,1,1196,0,0,0,0
Laslo Djere,2,1197,0,0,0,0
Laslo Djere,2,1198,0,0,0,0
Laslo Djere,5,1200,0,0,0,0
Laslo Djere,6,1201,0,0,0,0
Laslo Djere,7,1202,180,0,0,0
Laslo Djere,8,1203,0,0,0,0
Laslo Djere,9,1204,500,0,0,0
Laslo Djere,10,1206,0,0,0,0
Laslo Djere,12,1208,0,0,0,0
Laslo Djere,14,1209,20,0,0,0
Laslo Djere,14,1210,0,0,0,0
Laslo Djere,16,1211,45,0,0,0
Laslo Djere,17,1213,25,0,0,0
Laslo Djere,19,1215,45,0,0,0
Laslo Djere,20,1216,0,0,0,0
Laslo Djere,21,1217,10,0,0,0
Laslo Djere,24,1219,0,20,0,0
Laslo Djere,25,1220,0,20,0,0
Laslo Djere,26,1221,0,0,0,0
Laslo Djere,25,1221,0,45,0,0
Laslo Djere,27,1222,0,10,0,0
Laslo Djere,29,1224,20,0,0,0
Laslo Djere,30,1225,0,0,0,0
Laslo Djere,29,1225,0,0,0,0
Laslo Djere,30,1226,0,0,0,0
Laslo Djere,32,1228,0,0,0,0
Laslo Djere,33,1229,0,0,0,0
Laslo Djere,34,1230,0,0,0,0
Laslo Djere,38,1234,0,0,0,0
Laslo Djere,39,1235,0,0,0,0
Leandro Riedi,52,1196,0,0,0,0
Leandro Riedi,1,1196,0,0,0,0
Leandro Riedi,2,1197,0,0,0,0
Leandro Riedi,2,1198,0,0,0,0
Leandro Riedi,5,1200,0,0,0,0
Leandro Riedi,6,1201,0,0,0,0
Leandro Riedi,7,1202,0,0,0,0
Leandro Riedi,8,1203,0,0,0,0
Leandro Riedi,9,1204,0,0,0,0
Leandro Riedi,10,1206,0,0,0,0
Leandro Riedi,12,1208,0,0,0,0
Leandro Riedi,14,1209,0,0,0,0
Leandro Riedi,14,1210,0,0,0,0
Leandro Riedi,16,1211,0,0,0,0
Leandro Riedi,17,1213,0,0,0,0
Leandro Riedi,19,1215,0,0,0,0
Leandro Riedi,20,1216,0,0,0,0
Leandro Riedi,21,1217,0,0,0,0
Leandro Riedi,24,1219,0,0,0,0
Leandro Riedi,25,1220,0,0,0,0
Leandro Riedi,26,1221,0,0,0,0
Leandro Riedi,25,1221,0,0,0,0
Leandro Riedi,27,1222,0,10,0,0
Leandro Riedi,29,1224,0,0,0,0
Leandro Riedi,30,1225,0,0,0,0
Leandro Riedi,29,1225,0,0,0,0
Leandro Riedi,30,1226,0,0,0,0
Leandro Riedi,32,1228,0,0,10,0
Leandro Riedi,33,1229,0,0,0,0
Leandro Riedi,34,1230,0,0,180,0
Leandro Riedi,38,1234,0,0,0,0
Leandro Riedi,39,1235,0,0,0,0
Learner Tien,52,1196,0,0,0,0
Learner Tien,1,1196,0,0,20,0
Learner Tien,2,1197,0,0,0,0
Learner Tien,2,1198,0,0,180,0
Learner Tien,5,1200,0,0,0,0
Learner Tien,6,1201,0,0,0,0
Learner Tien,7,1202,0,0,45,0
Learner Tien,8,1203,0,0,0,0
Learner Tien,9,1204,0,0,90,0
Learner Tien,10,1206,0,0,10,0
Learner Tien,12,1208,0,0,10,0
Learner Tien,14,1209,20,0,0,0
Learner Tien,14,1210,0,0,0,0
Learner Tien,16,1211,20,0,0,0
Learner Tien,17,1213,10,0,0,0
Learner Tien,19,1215,25,0,0,0
Learner Tien,20,1216,20,0,0,0
Learner Tien,21,1217,10,0,0,0
Learner Tien,24,1219,0,45,0,0
Learner Tien,25,1220,0,0,0,0
Learner Tien,26,1221,0,0,0,0
Learner Tien,25,1221,0,90,0,0
Learner Tien,27,1222,0,45,0,0
Learner Tien,29,1224,0,0,0,0
Learner Tien,30,1225,0,0,45,0
Learner Tien,29,1225,0,0,0,0
Learner Tien,30,1226,0,0,90,0
Learner Tien,32,1228,0,0,25,0
Learner Tien,33,1229,0,0,0,0
Learner Tien,34,1230,0,0,10,0
Learner Tien,38,1234,0,0,90,0
Learner Tien,39,1235,0,0,300,0
Li Tu,52,1196,0,0,0,0
Li Tu,1,1196,0,0,0,0
Li Tu,2,1197,0,0,45,0
Li Tu,2,1198,0,0,10,0
Li Tu,5,1200,0,0,0,0
Li Tu,6,1201,0,0,0,0
Li Tu,7,1202,0,0,0,0
Li Tu,8,1203,0,0,0,0
Li Tu,9,1204,0,0,0,0
Li Tu,10,1206,0,0,10,0
Li Tu,12,1208,0,0,0,0
Li Tu,14,1209,0,0,0,0
Li Tu,14,1210,0,0,0,0
Li Tu,16,1211,0,0,0,0
Li Tu,17,1213,0,0,0,0
Li Tu,19,1215,0,0,0,0
Li Tu,20,1216,0,0,0,0
Li Tu,21,1217,0,0,0,0
Li Tu,24,1219,0,0,0,0
Li Tu,25,1220,0,0,0,0
Li Tu,26,1221,0,0,0,0
Li Tu,25,1221,0,0,0,0
Li Tu,27,1222,0,0,0,0
Li Tu,29,1224,0,0,0,0
Li Tu,30,1225,0,0,0,0
Li Tu,29,1225,0,0,0,0
Li Tu,30,1226,0,0,0,0
Li Tu,32,1228,0,0,0,0
Li Tu,33,1229,0,0,0,0
Li Tu,34,1230,0,0,0,0
Li Tu,38,1234,0,0,0,0
Li Tu,39,1235,0,0,0,0
Liam Draxl,52,1196,0,0,0,0
Liam Draxl,1,1196,0,0,0,0
Liam Draxl,2,1197,0,0,0,0
Liam Draxl,2,1198,0,0,0,0
Liam Draxl,5,1200,0,0,0,0
Liam Draxl,6,1201,0,0,0,0
Liam Draxl,7,1202,0,0,0,0
Liam Draxl,8,1203,0,0,0,0
Liam Draxl,9,1204,0,0,0,0
Liam Draxl,10,1206,0,0,0,0
Liam Draxl,12,1208,0,0,0,0
Liam Draxl,14,1209,0,0,0,0
Liam Draxl,14,1210,0,0,0,0
Liam Draxl,16,1211,0,0,0,0
Liam Draxl,17,1213,0,0,0,0
Liam Draxl,19,1215,0,0,0,0
Liam Draxl,20,1216,0,0,0,0
Liam Draxl,21,1217,0,0,0,0
Liam Draxl,24,1219,0,0,0,0
Liam Draxl,25,1220,0,0,0,0
Liam Draxl,26,1221,0,0,0,0
Liam Draxl,25,1221,0,0,0,0
Liam Draxl,27,1222,0,0,0,0
Liam Draxl,29,1224,0,0,0,0
Liam Draxl,30,1225,0,0,0,0
Liam Draxl,29,1225,0,0,0,0
Liam Draxl,30,1226,0,0,10,0
Liam Draxl,32,1228,0,0,0,0
Liam Draxl,33,1229,0,0,0,0
Liam Draxl,34,1230,0,0,0,0
Liam Draxl,38,1234,0,0,0,0
Liam Draxl,39,1235,0,0,0,0
Lloyd Harris,52,1196,0,0,0,0
Lloyd Harris,1,1196,0,0,0,0
Lloyd Harris,2,1197,0,0,0,0
Lloyd Harris,2,1198,0,0,0,0
Lloyd Harris,5,1200,0,0,0,0
Lloyd Harris,6,1201,0,0,0,0
Lloyd Harris,7,1202,0,0,0,0
Lloyd Harris,8,1203,0,0,0,0
Lloyd Harris,9,1204,0,0,0,0
Lloyd Harris,10,1206,0,0,0,0
Lloyd Harris,12,1208,0,0,0,0
Lloyd Harris,14,1209,0,0,0,0
Lloyd Harris,14,1210,0,0,0,0
Lloyd Harris,16,1211,0,0,0,0
Lloyd Harris,17,1213,0,0,0,0
Lloyd Harris,19,1215,0,0,0,0
Lloyd Harris,20,1216,0,0,0,0
Lloyd Harris,21,1217,10,0,0,0
Lloyd Harris,24,1219,0,0,0,0
Lloyd Harris,25,1220,0,0,0,0
Lloyd Harris,26,1221,0,0,0,0
Lloyd Harris,25,1221,0,0,0,0
Lloyd Harris,27,1222,0,45,0,0
Lloyd Harris,29,1224,0,0,0,0
Lloyd Harris,30,1225,0,0,0,0
Lloyd Harris,29,1225,0,0,0,0
Lloyd Harris,30,1226,0,0,0,0
Lloyd Harris,32,1228,0,0,0,0
Lloyd Harris,33,1229,0,0,0,0
Lloyd Harris,34,1230,0,0,45,0
Lloyd Harris,38,1234,0,0,0,0
Lloyd Harris,39,1235,0,0,0,0
Lorenzo Musetti,52,1196,0,0,0,0
Lorenzo Musetti,1,1196,0,0,90,0
Lorenzo Musetti,2,1197,0,0,0,0
Lorenzo Musetti,2,1198,0,0,90,0
Lorenzo Musetti,5,1200,0,0,0,0
Lorenzo Musetti,6,1201,0,0,0,0
Lorenzo Musetti,7,1202,0,0,0,0
Lorenzo Musetti,8,1203,0,0,0,0
Lorenzo Musetti,9,1204,0,0,0,0
Lorenzo Musetti,10,1206,0,0,45,0
Lorenzo Musetti,12,1208,0,0,90,0
Lorenzo Musetti,14,1209,0,0,0,0
Lorenzo Musetti,14,1210,600,0,0,0
Lorenzo Musetti,16,1211,0,0,0,0
Lorenzo Musetti,17,1213,360,0,0,0
Lorenzo Musetti,19,1215,360,0,0,0
Lorenzo Musetti,20,1216,0,0,0,0
Lorenzo Musetti,21,1217,720,0,0,0
Lorenzo Musetti,24,1219,0,0,0,0
Lorenzo Musetti,25,1220,0,0,0,0
Lorenzo Musetti,26,1221,0,0,0,0
Lorenzo Musetti,25,1221,0,0,0,0
Lorenzo Musetti,27,1222,0,10,0,0
Lorenzo Musetti,29,1224,0,0,0,0
Lorenzo Musetti,30,1225,0,0,20,0
Lorenzo Musetti,29,1225,0,0,0,0
Lorenzo Musetti,30,1226,0,0,45,0
Lorenzo Musetti,32,1228,0,0,25,0
Lorenzo Musetti,33,1229,0,0,0,0
Lorenzo Musetti,34,1230,0,0,360,0
Lorenzo Musetti,38,1234,0,0,300,0
Lorenzo Musetti,39,1235,0,0,90,0
Lorenzo Sonego,52,1196,0,0,0,0
Lorenzo Sonego,1,1196,0,0,45,0
Lorenzo Sonego,2,1197,0,0,45,0
Lorenzo Sonego,2,1198,0,0,360,0
Lorenzo Sonego,5,1200,0,0,0,0
Lorenzo Sonego,6,1201,0,0,20,0
Lorenzo Sonego,7,1202,0,0,90,0
Lorenzo Sonego,8,1203,0,0,0,0
Lorenzo Sonego,9,1204,0,0,20,0
Lorenzo Sonego,10,1206,0,0,10,0
Lorenzo Sonego,12,1208,0,0,25,0
Lorenzo Sonego,14,1209,45,0,0,0
Lorenzo Sonego,14,1210,25,0,0,0
Lorenzo Sonego,16,1211,0,0,0,0
Lorenzo Sonego,17,1213,25,0,0,0
Lorenzo Sonego,19,1215,10,0,0,0
Lorenzo Sonego,20,1216,0,0,0,0
Lorenzo Sonego,21,1217,10,0,0,0
Lorenzo Sonego,24,1219,0,20,0,0
Lorenzo Sonego,25,1220,0,45,0,0
Lorenzo Sonego,26,1221,0,45,0,0
Lorenzo Sonego,25,1221,0,0,0,0
Lorenzo Sonego,27,1222,0,180,0,0
Lorenzo Sonego,29,1224,0,0,0,0
Lorenzo Sonego,30,1225,0,0,20,0
Lorenzo Sonego,29,1225,0,0,0,0
Lorenzo Sonego,30,1226,0,0,45,0
Lorenzo Sonego,32,1228,0,0,45,0
Lorenzo Sonego,33,1229,0,0,45,0
Lorenzo Sonego,34,1230,0,0,10,0
Lorenzo Sonego,38,1234,0,0,45,0
Lorenzo Sonego,39,1235,0,0,20,0
Luca Nardi,52,1196,0,0,0,0
Luca Nardi,1,1196,0,0,0,0
Luca Nardi,2,1197,0,0,45,0
Luca Nardi,2,1198,0,0,10,0
Luca Nardi,5,1200,0,0,0,0
Luca Nardi,6,1201,0,0,0,0
Luca Nardi,7,1202,0,0,20,0
Luca Nardi,8,1203,0,0,45,0
Luca Nardi,9,1204,0,0,90,0
Luca Nardi,10,1206,0,0,10,0
Luca Nardi,12,1208,0,0,0,0
Luca Nardi,14,1209,20,0,0,0
Luca Nardi,14,1210,0,0,0,0
Luca Nardi,16,1211,0,0,0,0
Luca Nardi,17,1213,0,0,0,0
Luca Nardi,19,1215,25,0,0,0
Luca Nardi,20,1216,0,0,0,0
Luca Nardi,21,1217,10,0,0,0
Luca Nardi,24,1219,0,0,0,0
Luca Nardi,25,1220,0,0,0,0
Luca Nardi,26,1221,0,0,0,0
Luca Nardi,25,1221,0,0,0,0
Luca Nardi,27,1222,0,10,0,0
Luca Nardi,29,1224,0,0,0,0
Luca Nardi,30,1225,0,0,0,0
Luca Nardi,29,1225,0,0,0,0
Luca Nardi,30,1226,0,0,0,0
Luca Nardi,32,1228,0,0,90,0
Luca Nardi,33,1229,0,0,0,0
Luca Nardi,34,1230,0,0,10,0
Luca Nardi,38,1234,0,0,0,0
Luca Nardi,39,1235,0,0,0,0
Luca Van Assche,52,1196,0,0,0,0
Luca Van Assche,1,1196,0,0,0,0
Luca Van Assche,2,1197,0,0,0,0
Luca Van Assche,2,1198,0,0,0,0
Luca Van Assche,5,1200,0,0,0,0
Luca Van Assche,6,1201,0,0,0,0
Luca Van Assche,7,1202,0,0,45,0
Luca Van Assche,8,1203,0,0,0,0
Luca Van Assche,9,1204,0,0,0,0
Luca Van Assche,10,1206,0,0,0,0
Luca Van Assche,12,1208,0,0,0,0
Luca Van Assche,14,1209,0,0,0,0
Luca Van Assche,14,1210,0,0,0,0
Luca Van Assche,16,1211,0,0,0,0
Luca Van Assche,17,1213,0,0,0,0
Luca Van Assche,19,1215,0,0,0,0
Luca Van Assche,20,1216,0,0,0,0
Luca Van Assche,21,1217,0,0,0,0
Luca Van Assche,24,1219,0,0,0,0
Luca Van Assche,25,1220,0,0,0,0
Luca Van Assche,26,1221,0,0,0,0
Luca Van Assche,25,1221,0,0,0,0
Luca Van Assche,27,1222,0,0,0,0
Luca Van Assche,29,1224,0,0,0,0
Luca Van Assche,30,1225,0,0,0,0
Luca Van Assche,29,1225,0,0,0,0
Luca Van Assche,30,1226,0,0,0,0
Luca Van Assche,32,1228,0,0,0,0
Luca Van Assche,33,1229,0,0,0,0
Luca Van Assche,34,1230,0,0,0,0
Luca Van Assche,38,1234,0,0,0,0
Luca Van Assche,39,1235,0,0,0,0
Lucas Pouille,52,1196,0,0,0,0
Lucas Pouille,1,1196,0,0,0,0
Lucas Pouille,2,1197,0,0,0,0
Lucas Pouille,2,1198,0,0,10,0
Lucas Pouille,5,1200,0,0,20,0
Lucas Pouille,6,1201,0,0,0,0
Lucas Pouille,7,1202,0,0,0,0
Lucas Pouille,8,1203,0,0,0,0
Lucas Pouille,9,1204,0,0,0,0
Lucas Pouille,10,1206,0,0,0,0
Lucas Pouille,12,1208,0,0,0,0
Lucas Pouille,14,1209,0,0,0,0
Lucas Pouille,14,1210,0,0,0,0
Lucas Pouille,16,1211,0,0,0,0
Lucas Pouille,17,1213,0,0,0,0
Lucas Pouille,19,1215,0,0,0,0
Lucas Pouille,20,1216,0,0,0,0
Lucas Pouille,21,1217,0,0,0,0
Lucas Pouille,24,1219,0,0,0,0
Lucas Pouille,25,1220,0,0,0,0
Lucas Pouille,26,1221,0,0,0,0
Lucas Pouille,25,1221,0,0,0,0
Lucas Pouille,27,1222,0,0,0,0
Lucas Pouille,29,1224,0,0,0,0
Lucas Pouille,30,1225,0,0,0,0
Lucas Pouille,29,1225,0,0,0,0
Lucas Pouille,30,1226,0,0,0,0
Lucas Pouille,32,1228,0,0,0,0
Lucas Pouille,33,1229,0,0,0,0
Lucas Pouille,34,1230,0,0,0,0
Lucas Pouille,38,1234,0,0,0,0
Lucas Pouille,39,1235,0,0,0,0
Luciano Darderi,52,1196,0,0,0,0
Luciano Darderi,1,1196,0,0,20,0
Luciano Darderi,2,1197,0,0,20,0
Luciano Darderi,2,1198,0,0,10,0
Luciano Darderi,5,1200,0,0,0,0
Luciano Darderi,6,1201,0,0,0,0
Luciano Darderi,7,1202,20,0,0,0
Luciano Darderi,8,1203,45,0,0,0
Luciano Darderi,9,1204,20,0,0,0
Luciano Darderi,10,1206,0,0,10,0
Luciano Darderi,12,1208,0,0,25,0
Luciano Darderi,14,1209,500,0,0,0
Luciano Darderi,14,1210,0,0,0,0
Luciano Darderi,16,1211,90,0,0,0
Luciano Darderi,17,1213,25,0,0,0
Luciano Darderi,19,1215,25,0,0,0
Luciano Darderi,20,1216,90,0,0,0
Luciano Darderi,21,1217,10,0,0,0
Luciano Darderi,24,1219,0,20,0,0
Luciano Darderi,25,1220,0,20,0,0
Luciano Darderi,26,1221,0,20,0,0
Luciano Darderi,25,1221,0,0,0,0
Luciano Darderi,27,1222,0,90,0,0
Luciano Darderi,29,1224,500,0,0,0
Luciano Darderi,30,1225,0,0,0,0
Luciano Darderi,29,1225,500,0,0,0
Luciano Darderi,30,1226,0,0,0,0
Luciano Darderi,32,1228,0,0,25,0
Luciano Darderi,33,1229,0,0,45,0
Luciano Darderi,34,1230,0,0,90,0
Luciano Darderi,38,1234,0,0,45,0
Luciano Darderi,39,1235,0,0,45,0
Luis Carlos Alvarez,52,1196,0,0,0,0
Luis Carlos Alvarez,1,1196,0,0,0,0
Luis Carlos Alvarez,2,1197,0,0,0,0
Luis Carlos Alvarez,2,1198,0,0,0,0
Luis Carlos Alvarez,5,1200,0,0,0,0
Luis Carlos Alvarez,6,1201,0,0,0,0
Luis Carlos Alvarez,7,1202,0,0,0,0
Luis Carlos Alvarez,8,1203,0,0,0,0
Luis Carlos Alvarez,9,1204,0,0,0,0
Luis Carlos Alvarez,10,1206,0,0,0,0
Luis Carlos Alvarez,12,1208,0,0,0,0
Luis Carlos Alvarez,14,1209,0,0,0,0
Luis Carlos Alvarez,14,1210,0,0,0,0
Luis Carlos Alvarez,16,1211,0,0,0,0
Luis Carlos Alvarez,17,1213,0,0,0,0
Luis Carlos Alvarez,19,1215,0,0,0,0
Luis Carlos Alvarez,20,1216,0,0,0,0
Luis Carlos Alvarez,21,1217,0,0,0,0
Luis Carlos Alvarez,24,1219,0,0,0,0
Luis Carlos Alvarez,25,1220,0,0,0,0
Luis Carlos Alvarez,26,1221,0,0,0,0
Luis Carlos Alvarez,25,1221,0,0,0,0
Luis Carlos Alvarez,27,1222,0,0,0,0
Luis Carlos Alvarez,29,1224,0,0,45,0
Luis Carlos Alvarez,30,1225,0,0,0,0
Luis Carlos Alvarez,29,1225,0,0,0,0
Luis Carlos Alvarez,30,1226,0,0,0,0
Luis Carlos Alvarez,32,1228,0,0,0,0
Luis Carlos Alvarez,33,1229,0,0,0,0
Luis Carlos Alvarez,34,1230,0,0,0,0
Luis Carlos Alvarez,38,1234,0,0,0,0
Luis Carlos Alvarez,39,1235,0,0,0,0
Lukas Klein,52,1196,0,0,0,0
Lukas Klein,1,1196,0,0,0,0
Lukas Klein,2,1197,0,0,0,0
Lukas Klein,2,1198,0,0,10,0
Lukas Klein,5,1200,0,0,0,0
Lukas Klein,6,1201,0,0,0,0
Lukas Klein,7,1202,0,0,0,0
Lukas Klein,8,1203,0,0,0,0
Lukas Klein,9,1204,0,0,0,0
Lukas Klein,10,1206,0,0,0,0
Lukas Klein,12,1208,0,0,0,0
Lukas Klein,14,1209,0,0,0,0
Lukas Klein,14,1210,0,0,0,0
Lukas Klein,16,1211,0,0,0,0
Lukas Klein,17,1213,0,0,0,0
Lukas Klein,19,1215,0,0,0,0
Lukas Klein,20,1216,0,0,0,0
Lukas Klein,21,1217,0,0,0,0
Lukas Klein,24,1219,0,0,0,0
Lukas Klein,25,1220,0,0,0,0
Lukas Klein,26,1221,0,0,0,0
Lukas Klein,25,1221,0,0,0,0
Lukas Klein,27,1222,0,0,0,0
Lukas Klein,29,1224,0,0,0,0
Lukas Klein,30,1225,0,0,0,0
Lukas Klein,29,1225,0,0,0,0
Lukas Klein,30,1226,0,0,0,0
Lukas Klein,32,1228,0,0,0,0
Lukas Klein,33,1229,0,0,0,0
Lukas Klein,34,1230,0,0,0,0
Lukas Klein,38,1234,0,0,0,0
Lukas Klein,39,1235,0,0,0,0
Lukas Neumayer,52,1196,0,0,0,0
Lukas Neumayer,1,1196,0,0,0,0
Lukas Neumayer,2,1197,0,0,0,0
Lukas Neumayer,2,1198,0,0,0,0
Lukas Neumayer,5,1200,0,0,0,0
Lukas Neumayer,6,1201,0,0,0,0
Lukas Neumayer,7,1202,0,0,0,0
Lukas Neumayer,8,1203,0,0,0,0
Lukas Neumayer,9,1204,0,0,0,0
Lukas Neumayer,10,1206,0,0,0,0
Lukas Neumayer,12,1208,0,0,0,0
Lukas Neumayer,14,1209,0,0,0,0
Lukas Neumayer,14,1210,0,0,0,0
Lukas Neumayer,16,1211,0,0,0,0
Lukas Neumayer,17,1213,0,0,0,0
Lukas Neumayer,19,1215,0,0,0,0
Lukas Neumayer,20,1216,0,0,0,0
Lukas Neumayer,21,1217,0,0,0,0
Lukas Neumayer,24,1219,0,0,0,0
Lukas Neumayer,25,1220,0,0,0,0
Lukas Neumayer,26,1221,0,0,0,0
Lukas Neumayer,25,1221,0,0,0,0
Lukas Neumayer,27,1222,0,0,0,0
Lukas Neumayer,29,1224,0,0,0,0
Lukas Neumayer,30,1225,20,0,0,0
Lukas Neumayer,29,1225,0,0,0,0
Lukas Neumayer,30,1226,0,0,0,0
Lukas Neumayer,32,1228,0,0,0,0
Lukas Neumayer,33,1229,0,0,0,0
Lukas Neumayer,34,1230,0,0,0,0
Lukas Neumayer,38,1234,0,0,0,0
Lukas Neumayer,39,1235,0,0,0,0
Mackenzie McDonald,52,1196,0,0,0,0
Mackenzie McDonald,1,1196,0,0,0,0
Mackenzie McDonald,2,1197,0,0,0,0
Mackenzie McDonald,2,1198,0,0,0,0
Mackenzie McDonald,5,1200,0,0,0,0
Mackenzie McDonald,6,1201,0,0,0,0
Mackenzie McDonald,7,1202,0,0,45,0
Mackenzie McDonald,8,1203,0,0,0,0
Mackenzie McDonald,9,1204,0,0,0,0
Mackenzie McDonald,10,1206,0,0,25,0
Mackenzie McDonald,12,1208,0,0,10,0
Mackenzie McDonald,14,1209,45,0,0,0
Mackenzie McDonald,14,1210,0,0,0,0
Mackenzie McDonald,16,1211,0,0,0,0
Mackenzie McDonald,17,1213,0,0,0,0
Mackenzie McDonald,19,1215,0,0,0,0
Mackenzie McDonald,20,1216,0,0,0,0
Mackenzie McDonald,21,1217,10,0,0,0
Mackenzie McDonald,24,1219,0,45,0,0
Mackenzie McDonald,25,1220,0,45,0,0
Mackenzie McDonald,26,1221,0,0,0,0
Mackenzie McDonald,25,1221,0,0,0,0
Mackenzie McDonald,27,1222,0,10,0,0
Mackenzie McDonald,29,1224,0,0,0,0
Mackenzie McDonald,30,1225,0,0,20,0
Mackenzie McDonald,29,1225,0,0,0,0
Mackenzie McDonald,30,1226,0,0,25,0
Mackenzie McDonald,32,1228,0,0,10,0
Mackenzie McDonald,33,1229,0,0,20,0
Mackenzie McDonald,34,1230,0,0,10,0
Mackenzie McDonald,38,1234,0,0,45,0
Mackenzie McDonald,39,1235,0,0,0,0
Manuel Guinard,52,1196,0,0,0,0
Manuel Guinard,1,1196,0,0,0,0
Manuel Guinard,2,1197,0,0,45,0
Manuel Guinard,2,1198,0,0,0,0
Manuel Guinard,5,1200,0,0,0,0
Manuel Guinard,6,1201,0,0,0,0
Manuel Guinard,7,1202,0,0,20,0
Manuel Guinard,8,1203,0,0,0,0
Manuel Guinard,9,1204,0,0,0,0
Manuel Guinard,10,1206,0,0,0,0
Manuel Guinard,12,1208,0,0,0,0
Manuel Guinard,14,1209,0,0,0,0
Manuel Guinard,14,1210,0,0,0,0
Manuel Guinard,16,1211,0,0,0,0
Manuel Guinard,17,1213,0,0,0,0
Manuel Guinard,19,1215,0,0,0,0
Manuel Guinard,20,1216,0,0,0,0
Manuel Guinard,21,1217,0,0,0,0
Manuel Guinard,24,1219,0,0,0,0
Manuel Guinard,25,1220,0,0,0,0
Manuel Guinard,26,1221,0,0,0,0
Manuel Guinard,25,1221,0,0,0,0
Manuel Guinard,27,1222,0,0,0,0
Manuel Guinard,29,1224,0,0,0,0
Manuel Guinard,30,1225,0,0,0,0
Manuel Guinard,29,1225,0,0,0,0
Manuel Guinard,30,1226,0,0,0,0
Manuel Guinard,32,1228,0,0,0,0
Manuel Guinard,33,1229,0,0,0,0
Manuel Guinard,34,1230,0,0,0,0
Manuel Guinard,38,1234,0,0,0,0
Manuel Guinard,39,1235,0,0,0,0
Marc-Andrea Huesler,52,1196,0,0,0,0
Marc-Andrea Huesler,1,1196,0,0,20,0
Marc-Andrea Huesler,2,1197,0,0,0,0
Marc-Andrea Huesler,2,1198,0,0,0,0
Marc-Andrea Huesler,5,1200,0,0,0,0
Marc-Andrea Huesler,6,1201,0,0,0,0
Marc-Andrea Huesler,7,1202,0,0,0,0
Marc-Andrea Huesler,8,1203,0,0,0,0
Marc-Andrea Huesler,9,1204,0,0,0,0
Marc-Andrea Huesler,10,1206,0,0,0,0
Marc-Andrea Huesler,12,1208,0,0,0,0
Marc-Andrea Huesler,14,1209,0,0,0,0
Marc-Andrea Huesler,14,1210,0,0,0,0
Marc-Andrea Huesler,16,1211,0,0,0,0
Marc-Andrea Huesler,17,1213,0,0,0,0
Marc-Andrea Huesler,19,1215,0,0,0,0
Marc-Andrea Huesler,20,1216,0,0,0,0
Marc-Andrea Huesler,21,1217,0,0,0,0
Marc-Andrea Huesler,24,1219,0,0,0,0
Marc-Andrea Huesler,25,1220,0,0,0,0
Marc-Andrea Huesler,26,1221,0,0,0,0
Marc-Andrea Huesler,25,1221,0,0,0,0
Marc-Andrea Huesler,27,1222,0,0,0,0
Marc-Andrea Huesler,29,1224,0,0,0,0
Marc-Andrea Huesler,30,1225,0,0,0,0
Marc-Andrea Huesler,29,1225,0,0,0,0
Marc-Andrea Huesler,30,1226,0,0,0,0
Marc-Andrea Huesler,32,1228,0,0,0,0
Marc-Andrea Huesler,33,1229,0,0,0,0
Marc-Andrea Huesler,34,1230,0,0,0,0
Marc-Andrea Huesler,38,1234,0,0,0,0
Marc-Andrea Huesler,39,1235,0,0,0,0
Marco Trungelliti,52,1196,0,0,0,0
Marco Trungelliti,1,1196,0,0,0,0
Marco Trungelliti,2,1197,0,0,0,0
Marco Trungelliti,2,1198,0,0,0,0
Marco Trungelliti,5,1200,0,0,0,0
Marco Trungelliti,6,1201,0,0,0,0
Marco Trungelliti,7,1202,0,0,0,0
Marco Trungelliti,8,1203,0,0,0,0
Marco Trungelliti,9,1204,0,0,0,0
Marco Trungelliti,10,1206,0,0,0,0
Marco Trungelliti,12,1208,0,0,0,0
Marco Trungelliti,14,1209,0,0,0,0
Marco Trungelliti,14,1210,0,0,0,0
Marco Trungelliti,16,1211,0,0,0,0
Marco Trungelliti,17,1213,0,0,0,0
Marco Trungelliti,19,1215,0,0,0,0
Marco Trungelliti,20,1216,0,0,0,0
Marco Trungelliti,21,1217,0,0,0,0
Marco Trungelliti,24,1219,0,0,0,0
Marco Trungelliti,25,1220,0,0,0,0
Marco Trungelliti,26,1221,0,0,0,0
Marco Trungelliti,25,1221,0,0,0,0
Marco Trungelliti,27,1222,0,0,0,0
Marco Trungelliti,29,1224,20,0,0,0
Marco Trungelliti,30,1225,0,0,0,0
Marco Trungelliti,29,1225,0,0,0,0
Marco Trungelliti,30,1226,0,0,0,0
Marco Trungelliti,32,1228,0,0,0,0
Marco Trungelliti,33,1229,0,0,0,0
Marco Trungelliti,34,1230,0,0,0,0
Marco Trungelliti,38,1234,0,0,0,0
Marco Trungelliti,39,1235,0,0,0,0
Marcos Giron,52,1196,0,0,0,0
Marcos Giron,1,1196,0,0,0,0
Marcos Giron,2,1197,0,0,90,0
Marcos Giron,2,1198,0,0,90,0
Marcos Giron,5,1200,0,0,0,0
Marcos Giron,6,1201,0,0,0,0
Marcos Giron,7,1202,0,0,90,0
Marcos Giron,8,1203,0,0,0,0
Marcos Giron,9,1204,0,0,90,0
Marcos Giron,10,1206,0,0,90,0
Marcos Giron,12,1208,0,0,10,0
Marcos Giron,14,1209,0,0,0,0
Marcos Giron,14,1210,45,0,0,0
Marcos Giron,16,1211,20,0,0,0
Marcos Giron,17,1213,25,0,0,0
Marcos Giron,19,1215,45,0,0,0
Marcos Giron,20,1216,20,0,0,0
Marcos Giron,21,1217,10,0,0,0
Marcos Giron,24,1219,0,0,0,0
Marcos Giron,25,1220,0,20,0,0
Marcos Giron,26,1221,0,90,0,0
Marcos Giron,25,1221,0,0,0,0
Marcos Giron,27,1222,0,45,0,0
Marcos Giron,29,1224,0,0,0,0
Marcos Giron,30,1225,0,0,0,0
Marcos Giron,29,1225,0,0,0,0
Marcos Giron,30,1226,0,0,10,0
Marcos Giron,32,1228,0,0,10,0
Marcos Giron,33,1229,0,0,20,0
Marcos Giron,34,1230,0,0,45,0
Marcos Giron,38,1234,0,0,90,0
Marcos Giron,39,1235,0,0,20,0
Mariano Navone,52,1196,0,0,20,0
Mariano Navone,1,1196,0,0,0,0
Mariano Navone,2,1197,0,0,45,0
Mariano Navone,2,1198,0,0,10,0
Mariano Navone,5,1200,0,0,0,0
Mariano Navone,6,1201,0,0,0,0
Mariano Navone,7,1202,90,0,0,0
Mariano Navone,8,1203,45,0,0,0
Mariano Navone,9,1204,45,0,0,0
Mariano Navone,10,1206,0,0,25,0
Mariano Navone,12,1208,0,0,10,0
Mariano Navone,14,1209,45,0,0,0
Mariano Navone,14,1210,25,0,0,0
Mariano Navone,16,1211,45,0,0,0
Mariano Navone,17,1213,25,0,0,0
Mariano Navone,19,1215,25,0,0,0
Mariano Navone,20,1216,0,0,0,0
Mariano Navone,21,1217,90,0,0,0
Mariano Navone,24,1219,0,0,0,0
Mariano Navone,25,1220,0,0,0,0
Mariano Navone,26,1221,0,0,0,0
Mariano Navone,25,1221,0,0,0,0
Mariano Navone,27,1222,0,45,0,0
Mariano Navone,29,1224,45,0,0,0
Mariano Navone,30,1225,0,0,0,0
Mariano Navone,29,1225,45,0,0,0
Mariano Navone,30,1226,0,0,0,0
Mariano Navone,32,1228,0,0,10,0
Mariano Navone,33,1229,0,0,45,0
Mariano Navone,34,1230,0,0,10,0
Mariano Navone,38,1234,0,0,20,0
Mariano Navone,39,1235,0,0,0,0
Marin Cilic,52,1196,0,0,0,0
Marin Cilic,1,1196,0,0,0,0
Marin Cilic,2,1197,0,0,0,0
Marin Cilic,2,1198,0,0,0,0
Marin Cilic,5,1200,0,0,0,0
Marin Cilic,6,1201,0,0,0,0
Marin Cilic,7,1202,0,0,0,0
Marin Cilic,8,1203,0,0,20,0
Marin Cilic,9,1204,0,0,90,0
Marin Cilic,10,1206,0,0,0,0
Marin Cilic,12,1208,0,0,0,0
Marin Cilic,14,1209,0,0,0,0
Marin Cilic,14,1210,0,0,0,0
Marin Cilic,16,1211,0,0,0,0
Marin Cilic,17,1213,10,0,0,0
Marin Cilic,19,1215,0,0,0,0
Marin Cilic,20,1216,0,0,0,0
Marin Cilic,21,1217,10,0,0,0
Marin Cilic,24,1219,0,0,0,0
Marin Cilic,25,1220,0,0,0,0
Marin Cilic,26,1221,0,0,0,0
Marin Cilic,25,1221,0,0,0,0
Marin Cilic,27,1222,0,180,0,0
Marin Cilic,29,1224,0,0,0,0
Marin Cilic,30,1225,0,0,0,0
Marin Cilic,29,1225,0,0,0,0
Marin Cilic,30,1226,0,0,0,0
Marin Cilic,32,1228,0,0,0,0
Marin Cilic,33,1229,0,0,0,0
Marin Cilic,34,1230,0,0,10,0
Marin Cilic,38,1234,0,0,20,0
Marin Cilic,39,1235,0,0,20,0
Mark Lajal,52,1196,0,0,0,0
Mark Lajal,1,1196,0,0,0,0
Mark Lajal,2,1197,0,0,0,0
Mark Lajal,2,1198,0,0,0,0
Mark Lajal,5,1200,0,0,0,0
Mark Lajal,6,1201,0,0,0,0
Mark Lajal,7,1202,0,0,0,0
Mark Lajal,8,1203,0,0,0,0
Mark Lajal,9,1204,0,0,0,0
Mark Lajal,10,1206,0,0,0,0
Mark Lajal,12,1208,0,0,0,0
Mark Lajal,14,1209,0,0,0,0
Mark Lajal,14,1210,0,0,0,0
Mark Lajal,16,1211,0,0,0,0
Mark Lajal,17,1213,0,0,0,0
Mark Lajal,19,1215,0,0,0,0
Mark Lajal,20,1216,0,0,0,0
Mark Lajal,21,1217,0,0,0,0
Mark Lajal,24,1219,0,90,0,0
Mark Lajal,25,1220,0,0,0,0
Mark Lajal,26,1221,0,0,0,0
Mark Lajal,25,1221,0,0,0,0
Mark Lajal,27,1222,0,0,0,0
Mark Lajal,29,1224,0,0,0,0
Mark Lajal,30,1225,0,0,0,0
Mark Lajal,29,1225,0,0,0,0
Mark Lajal,30,1226,0,0,0,0
Mark Lajal,32,1228,0,0,0,0
Mark Lajal,33,1229,0,0,0,0
Mark Lajal,34,1230,0,0,0,0
Mark Lajal,38,1234,0,0,0,0
Mark Lajal,39,1235,0,0,0,0
Martin Damm,52,1196,0,0,0,0
Martin Damm,1,1196,0,0,0,0
Martin Damm,2,1197,0,0,0,0
Martin Damm,2,1198,0,0,0,0
Martin Damm,5,1200,0,0,0,0
Martin Damm,6,1201,0,0,0,0
Martin Damm,7,1202,0,0,0,0
Martin Damm,8,1203,0,0,0,0
Martin Damm,9,1204,0,0,0,0
Martin Damm,10,1206,0,0,0,0
Martin Damm,12,1208,0,0,0,0
Martin Damm,14,1209,0,0,0,0
Martin Damm,14,1210,0,0,0,0
Martin Damm,16,1211,0,0,0,0
Martin Damm,17,1213,0,0,0,0
Martin Damm,19,1215,0,0,0,0
Martin Damm,20,1216,0,0,0,0
Martin Damm,21,1217,0,0,0,0
Martin Damm,24,1219,0,0,0,0
Martin Damm,25,1220,0,0,0,0
Martin Damm,26,1221,0,0,0,0
Martin Damm,25,1221,0,0,0,0
Martin Damm,27,1222,0,0,0,0
Martin Damm,29,1224,0,0,0,0
Martin Damm,30,1225,0,0,0,0
Martin Damm,29,1225,0,0,0,0
Martin Damm,30,1226,0,0,0,0
Martin Damm,32,1228,0,0,0,0
Martin Damm,33,1229,0,0,0,0
Martin Damm,34,1230,0,0,45,0
Martin Damm,38,1234,0,0,0,0
Martin Damm,39,1235,0,0,0,0
Martin Klizan,52,1196,0,0,0,0
Martin Klizan,1,1196,0,0,0,0
Martin Klizan,2,1197,0,0,0,0
Martin Klizan,2,1198,0,0,0,0
Martin Klizan,5,1200,0,0,0,0
Martin Klizan,6,1201,0,0,0,0
Martin Klizan,7,1202,0,0,0,0
Martin Klizan,8,1203,0,0,0,0
Martin Klizan,9,1204,0,0,0,0
Martin Klizan,10,1206,0,0,0,0
Martin Klizan,12,1208,0,0,0,0
Martin Klizan,14,1209,20,0,0,0
Martin Klizan,14,1210,0,0,0,0
Martin Klizan,16,1211,0,0,0,0
Martin Klizan,17,1213,0,0,0,0
Martin Klizan,19,1215,0,0,0,0
Martin Klizan,20,1216,0,0,0,0
Martin Klizan,21,1217,0,0,0,0
Martin Klizan,24,1219,0,0,0,0
Martin Klizan,25,1220,0,0,0,0
Martin Klizan,26,1221,0,0,0,0
Martin Klizan,25,1221,0,0,0,0
Martin Klizan,27,1222,0,0,0,0
Martin Klizan,29,1224,0,0,0,0
Martin Klizan,30,1225,0,0,0,0
Martin Klizan,29,1225,0,0,0,0
Martin Klizan,30,1226,0,0,0,0
Martin Klizan,32,1228,0,0,0,0
Martin Klizan,33,1229,0,0,0,0
Martin Klizan,34,1230,0,0,0,0
Martin Klizan,38,1234,0,0,0,0
Martin Klizan,39,1235,0,0,0,0
Martin Landaluce,52,1196,0,0,0,0
Martin Landaluce,1,1196,0,0,0,0
Martin Landaluce,2,1197,0,0,0,0
Martin Landaluce,2,1198,0,0,10,0
Martin Landaluce,5,1200,0,0,0,0
Martin Landaluce,6,1201,0,0,0,0
Martin Landaluce,7,1202,0,0,0,0
Martin Landaluce,8,1203,0,0,0,0
Martin Landaluce,9,1204,0,0,0,0
Martin Landaluce,10,1206,0,0,0,0
Martin Landaluce,12,1208,0,0,0,0
Martin Landaluce,14,1209,0,0,0,0
Martin Landaluce,14,1210,0,0,0,0
Martin Landaluce,16,1211,0,0,0,0
Martin Landaluce,17,1213,10,0,0,0
Martin Landaluce,19,1215,0,0,0,0
Martin Landaluce,20,1216,0,0,0,0
Martin Landaluce,21,1217,0,0,0,0
Martin Landaluce,24,1219,0,0,0,0
Martin Landaluce,25,1220,0,0,0,0
Martin Landaluce,26,1221,0,0,0,0
Martin Landaluce,25,1221,0,0,0,0
Martin Landaluce,27,1222,0,0,0,0
Martin Landaluce,29,1224,20,0,0,0
Martin Landaluce,30,1225,0,0,0,0
Martin Landaluce,29,1225,0,0,0,0
Martin Landaluce,30,1226,0,0,0,0
Martin Landaluce,32,1228,0,0,25,0
Martin Landaluce,33,1229,0,0,0,0
Martin Landaluce,34,1230,0,0,0,0
Martin Landaluce,38,1234,0,0,0,0
Martin Landaluce,39,1235,0,0,0,0
Marton Fucsovics,52,1196,0,0,0,0
Marton Fucsovics,1,1196,0,0,0,0
Marton Fucsovics,2,1197,0,0,0,0
Marton Fucsovics,2,1198,0,0,0,0
Marton Fucsovics,5,1200,0,0,0,0
Marton Fucsovics,6,1201,0,0,0,0
Marton Fucsovics,7,1202,0,0,0,0
Marton Fucsovics,8,1203,0,0,0,0
Marton Fucsovics,9,1204,0,0,20,0
Marton Fucsovics,10,1206,0,0,0,0
Marton Fucsovics,12,1208,0,0,0,0
Marton Fucsovics,14,1209,180,0,0,0
Marton Fucsovics,14,1210,0,0,0,0
Marton Fucsovics,16,1211,0,0,0,0
Marton Fucsovics,17,1213,0,0,0,0
Marton Fucsovics,19,1215,0,0,0,0
Marton Fucsovics,20,1216,45,0,0,0
Marton Fucsovics,21,1217,45,0,0,0
Marton Fucsovics,24,1219,0,90,0,0
Marton Fucsovics,25,1220,0,0,0,0
Marton Fucsovics,26,1221,0,0,0,0
Marton Fucsovics,25,1221,0,0,0,0
Marton Fucsovics,27,1222,0,90,0,0
Marton Fucsovics,29,1224,0,0,0,0
Marton Fucsovics,30,1225,45,0,0,0
Marton Fucsovics,29,1225,0,0,0,0
Marton Fucsovics,30,1226,0,0,0,0
Marton Fucsovics,32,1228,0,0,0,0
Marton Fucsovics,33,1229,0,0,500,0
Marton Fucsovics,34,1230,0,0,10,0
Marton Fucsovics,38,1234,0,0,0,0
Marton Fucsovics,39,1235,0,0,45,0
Matej Dodig,52,1196,0,0,0,0
Matej Dodig,1,1196,0,0,0,0
Matej Dodig,2,1197,0,0,0,0
Matej Dodig,2,1198,0,0,0,0
Matej Dodig,5,1200,0,0,0,0
Matej Dodig,6,1201,0,0,0,0
Matej Dodig,7,1202,0,0,0,0
Matej Dodig,8,1203,0,0,0,0
Matej Dodig,9,1204,0,0,0,0
Matej Dodig,10,1206,0,0,0,0
Matej Dodig,12,1208,0,0,0,0
Matej Dodig,14,1209,0,0,0,0
Matej Dodig,14,1210,0,0,0,0
Matej Dodig,16,1211,0,0,0,0
Matej Dodig,17,1213,0,0,0,0
Matej Dodig,19,1215,0,0,0,0
Matej Dodig,20,1216,0,0,0,0
Matej Dodig,21,1217,0,0,0,0
Matej Dodig,24,1219,0,0,0,0
Matej Dodig,25,1220,0,0,0,0
Matej Dodig,26,1221,0,0,0,0
Matej Dodig,25,1221,0,0,0,0
Matej Dodig,27,1222,0,0,0,0
Matej Dodig,29,1224,0,0,0,0
Matej Dodig,30,1225,0,0,0,0
Matej Dodig,29,1225,20,0,0,0
Matej Dodig,30,1226,0,0,0,0
Matej Dodig,32,1228,0,0,0,0
Matej Dodig,33,1229,0,0,0,0
Matej Dodig,34,1230,0,0,0,0
Matej Dodig,38,1234,0,0,0,0
Matej Dodig,39,1235,0,0,0,0
Matteo Arnaldi,52,1196,0,0,45,0
Matteo Arnaldi,1,1196,0,0,0,0
Matteo Arnaldi,2,1197,0,0,0,0
Matteo Arnaldi,2,1198,0,0,10,0
Matteo Arnaldi,5,1200,0,0,0,0
Matteo Arnaldi,6,1201,0,0,90,0
Matteo Arnaldi,7,1202,0,0,180,0
Matteo Arnaldi,8,1203,0,0,0,0
Matteo Arnaldi,9,1204,0,0,20,0
Matteo Arnaldi,10,1206,0,0,45,0
Matteo Arnaldi,12,1208,0,0,25,0
Matteo Arnaldi,14,1209,0,0,0,0
Matteo Arnaldi,14,1210,25,0,0,0
Matteo Arnaldi,16,1211,20,0,0,0
Matteo Arnaldi,17,1213,180,0,0,0
Matteo Arnaldi,19,1215,10,0,0,0
Matteo Arnaldi,20,1216,90,0,0,0
Matteo Arnaldi,21,1217,45,0,0,0
Matteo Arnaldi,24,1219,0,20,0,0
Matteo Arnaldi,25,1220,0,0,0,0
Matteo Arnaldi,26,1221,0,0,0,0
Matteo Arnaldi,25,1221,0,0,0,0
Matteo Arnaldi,27,1222,0,10,0,0
Matteo Arnaldi,29,1224,0,0,0,0
Matteo Arnaldi,30,1225,0,0,45,0
Matteo Arnaldi,29,1225,0,0,0,0
Matteo Arnaldi,30,1226,0,0,45,0
Matteo Arnaldi,32,1228,0,0,10,0
Matteo Arnaldi,33,1229,0,0,20,0
Matteo Arnaldi,34,1230,0,0,10,0
Matteo Arnaldi,38,1234,0,0,20,0
Matteo Arnaldi,39,1235,0,0,0,0
Matteo Berrettini,52,1196,0,0,20,0
Matteo Berrettini,1,1196,0,0,0,0
Matteo Berrettini,2,1197,0,0,0,0
Matteo Berrettini,2,1198,0,0,45,0
Matteo Berrettini,5,1200,0,0,0,0
Matteo Berrettini,6,1201,0,0,20,0
Matteo Berrettini,7,1202,0,0,0,0
Matteo Berrettini,8,1203,0,0,90,0
Matteo Berrettini,9,1204,0,0,90,0
Matteo Berrettini,10,1206,0,0,45,0
Matteo Berrettini,12,1208,0,0,180,0
Matteo Berrettini,14,1209,0,0,0,0
Matteo Berrettini,14,1210,90,0,0,0
Matteo Berrettini,16,1211,0,0,0,0
Matteo Berrettini,17,1213,45,0,0,0
Matteo Berrettini,19,1215,45,0,0,0
Matteo Berrettini,20,1216,0,0,0,0
Matteo Berrettini,21,1217,0,0,0,0
Matteo Berrettini,24,1219,0,0,0,0
Matteo Berrettini,25,1220,0,0,0,0
Matteo Berrettini,26,1221,0,0,0,0
Matteo Berrettini,25,1221,0,0,0,0
Matteo Berrettini,27,1222,0,10,0,0
Matteo Berrettini,29,1224,0,0,0,0
Matteo Berrettini,30,1225,0,0,0,0
Matteo Berrettini,29,1225,0,0,0,0
Matteo Berrettini,30,1226,0,0,0,0
Matteo Berrettini,32,1228,0,0,0,0
Matteo Berrettini,33,1229,0,0,0,0
Matteo Berrettini,34,1230,0,0,0,0
Matteo Berrettini,38,1234,0,0,20,0
Matteo Berrettini,39,1235,0,0,45,0
Matteo Gigante,52,1196,0,0,0,0
Matteo Gigante,1,1196,0,0,0,0
Matteo Gigante,2,1197,0,0,0,0
Matteo Gigante,2,1198,0,0,10,0
Matteo Gigante,5,1200,0,0,0,0
Matteo Gigante,6,1201,0,0,0,0
Matteo Gigante,7,1202,0,0,0,0
Matteo Gigante,8,1203,0,0,0,0
Matteo Gigante,9,1204,0,0,0,0
Matteo Gigante,10,1206,0,0,25,0
Matteo Gigante,12,1208,0,0,0,0
Matteo Gigante,14,1209,0,0,0,0
Matteo Gigante,14,1210,0,0,0,0
Matteo Gigante,16,1211,0,0,0,0
Matteo Gigante,17,1213,0,0,0,0
Matteo Gigante,19,1215,25,0,0,0
Matteo Gigante,20,1216,0,0,0,0
Matteo Gigante,21,1217,90,0,0,0
Matteo Gigante,24,1219,0,0,0,0
Matteo Gigante,25,1220,0,0,0,0
Matteo Gigante,26,1221,0,0,0,0
Matteo Gigante,25,1221,0,0,0,0
Matteo Gigante,27,1222,0,0,0,0
Matteo Gigante,29,1224,0,0,0,0
Matteo Gigante,30,1225,0,0,0,0
Matteo Gigante,29,1225,0,0,0,0
Matteo Gigante,30,1226,0,0,25,0
Matteo Gigante,32,1228,0,0,0,0
Matteo Gigante,33,1229,0,0,0,0
Matteo Gigante,34,1230,0,0,0,0
Matteo Gigante,38,1234,0,0,0,0
Matteo Gigante,39,1235,0,0,0,0
Mattia Bellucci,52,1196,0,0,0,0
Mattia Bellucci,1,1196,0,0,0,0
Mattia Bellucci,2,1197,0,0,0,0
Mattia Bellucci,2,1198,0,0,0,0
Mattia Bellucci,5,1200,0,0,45,0
Mattia Bellucci,6,1201,0,0,180,0
Mattia Bellucci,7,1202,0,0,0,0
Mattia Bellucci,8,1203,0,0,0,0
Mattia Bellucci,9,1204,0,0,20,0
Mattia Bellucci,10,1206,0,0,0,0
Mattia Bellucci,12,1208,0,0,10,0
Mattia Bellucci,14,1209,90,0,0,0
Mattia Bellucci,14,1210,0,0,0,0
Mattia Bellucci,16,1211,0,0,0,0
Mattia Bellucci,17,1213,10,0,0,0
Mattia Bellucci,19,1215,10,0,0,0
Mattia Bellucci,20,1216,0,0,0,0
Mattia Bellucci,21,1217,10,0,0,0
Mattia Bellucci,24,1219,0,20,0,0
Mattia Bellucci,25,1220,0,0,0,0
Mattia Bellucci,26,1221,0,45,0,0
Mattia Bellucci,25,1221,0,0,0,0
Mattia Bellucci,27,1222,0,90,0,0
Mattia Bellucci,29,1224,0,0,0,0
Mattia Bellucci,30,1225,0,0,0,0
Mattia Bellucci,29,1225,0,0,0,0
Mattia Bellucci,30,1226,0,0,10,0
Mattia Bellucci,32,1228,0,0,10,0
Mattia Bellucci,33,1229,0,0,20,0
Mattia Bellucci,34,1230,0,0,45,0
Mattia Bellucci,38,1234,0,0,0,0
Mattia Bellucci,39,1235,0,0,0,0
Maximilian Marterer,52,1196,0,0,0,0
Maximilian Marterer,1,1196,0,0,0,0
Maximilian Marterer,2,1197,0,0,0,0
Maximilian Marterer,2,1198,0,0,0,0
Maximilian Marterer,5,1200,0,0,0,0
Maximilian Marterer,6,1201,0,0,0,0
Maximilian Marterer,7,1202,0,0,0,0
Maximilian Marterer,8,1203,0,0,0,0
Maximilian Marterer,9,1204,0,0,0,0
Maximilian Marterer,10,1206,0,0,0,0
Maximilian Marterer,12,1208,0,0,0,0
Maximilian Marterer,14,1209,0,0,0,0
Maximilian Marterer,14,1210,0,0,0,0
Maximilian Marterer,16,1211,0,0,0,0
Maximilian Marterer,17,1213,0,0,0,0
Maximilian Marterer,19,1215,0,0,0,0
Maximilian Marterer,20,1216,0,0,0,0
Maximilian Marterer,21,1217,10,0,0,0
Maximilian Marterer,24,1219,0,0,0,0
Maximilian Marterer,25,1220,0,0,0,0
Maximilian Marterer,26,1221,0,0,0,0
Maximilian Marterer,25,1221,0,0,0,0
Maximilian Marterer,27,1222,0,0,0,0
Maximilian Marterer,29,1224,0,0,0,0
Maximilian Marterer,30,1225,0,0,0,0
Maximilian Marterer,29,1225,0,0,0,0
Maximilian Marterer,30,1226,0,0,0,0
Maximilian Marterer,32,1228,0,0,0,0
Maximilian Marterer,33,1229,0,0,0,0
Maximilian Marterer,34,1230,0,0,0,0
Maximilian Marterer,38,1234,0,0,0,0
Maximilian Marterer,39,1235,0,0,0,0
Mees Rottgering,52,1196,0,0,0,0
Mees Rottgering,1,1196,0,0,0,0
Mees Rottgering,2,1197,0,0,0,0
Mees Rottgering,2,1198,0,0,0,0
Mees Rottgering,5,1200,0,0,0,0
Mees Rottgering,6,1201,0,0,20,0
Mees Rottgering,7,1202,0,0,0,0
Mees Rottgering,8,1203,0,0,0,0
Mees Rottgering,9,1204,0,0,0,0
Mees Rottgering,10,1206,0,0,0,0
Mees Rottgering,12,1208,0,0,0,0
Mees Rottgering,14,1209,0,0,0,0
Mees Rottgering,14,1210,0,0,0,0
Mees Rottgering,16,1211,0,0,0,0
Mees Rottgering,17,1213,0,0,0,0
Mees Rottgering,19,1215,0,0,0,0
Mees Rottgering,20,1216,0,0,0,0
Mees Rottgering,21,1217,0,0,0,0
Mees Rottgering,24,1219,0,0,0,0
Mees Rottgering,25,1220,0,0,0,0
Mees Rottgering,26,1221,0,0,0,0
Mees Rottgering,25,1221,0,0,0,0
Mees Rottgering,27,1222,0,0,0,0
Mees Rottgering,29,1224,0,0,0,0
Mees Rottgering,30,1225,0,0,0,0
Mees Rottgering,29,1225,0,0,0,0
Mees Rottgering,30,1226,0,0,0,0
Mees Rottgering,32,1228,0,0,0,0
Mees Rottgering,33,1229,0,0,0,0
Mees Rottgering,34,1230,0,0,0,0
Mees Rottgering,38,1234,0,0,0,0
Mees Rottgering,39,1235,0,0,0,0
Michael Mmoh,52,1196,0,0,0,0
Michael Mmoh,1,1196,0,0,0,0
Michael Mmoh,2,1197,0,0,0,0
Michael Mmoh,2,1198,0,0,0,0
Michael Mmoh,5,1200,0,0,0,0
Michael Mmoh,6,1201,0,0,45,0
Michael Mmoh,7,1202,0,0,45,0
Michael Mmoh,8,1203,0,0,0,0
Michael Mmoh,9,1204,0,0,0,0
Michael Mmoh,10,1206,0,0,0,0
Michael Mmoh,12,1208,0,0,0,0
Michael Mmoh,14,1209,20,0,0,0
Michael Mmoh,14,1210,0,0,0,0
Michael Mmoh,16,1211,0,0,0,0
Michael Mmoh,17,1213,0,0,0,0
Michael Mmoh,19,1215,0,0,0,0
Michael Mmoh,20,1216,0,0,0,0
Michael Mmoh,21,1217,0,0,0,0
Michael Mmoh,24,1219,0,0,0,0
Michael Mmoh,25,1220,0,0,0,0
Michael Mmoh,26,1221,0,0,0,0
Michael Mmoh,25,1221,0,0,0,0
Michael Mmoh,27,1222,0,0,0,0
Michael Mmoh,29,1224,0,0,0,0
Michael Mmoh,30,1225,0,0,0,0
Michael Mmoh,29,1225,0,0,0,0
Michael Mmoh,30,1226,0,0,0,0
Michael Mmoh,32,1228,0,0,0,0
Michael Mmoh,33,1229,0,0,0,0
Michael Mmoh,34,1230,0,0,0,0
Michael Mmoh,38,1234,0,0,0,0
Michael Mmoh,39,1235,0,0,0,0
Mikael Ymer,52,1196,0,0,0,0
Mikael Ymer,1,1196,0,0,0,0
Mikael Ymer,2,1197,0,0,0,0
Mikael Ymer,2,1198,0,0,0,0
Mikael Ymer,5,1200,0,0,0,0
Mikael Ymer,6,1201,0,0,0,0
Mikael Ymer,7,1202,0,0,0,0
Mikael Ymer,8,1203,0,0,0,0
Mikael Ymer,9,1204,0,0,0,0
Mikael Ymer,10,1206,0,0,0,0
Mikael Ymer,12,1208,0,0,0,0
Mikael Ymer,14,1209,0,0,0,0
Mikael Ymer,14,1210,0,0,0,0
Mikael Ymer,16,1211,0,0,0,0
Mikael Ymer,17,1213,0,0,0,0
Mikael Ymer,19,1215,0,0,0,0
Mikael Ymer,20,1216,0,0,0,0
Mikael Ymer,21,1217,0,0,0,0
Mikael Ymer,24,1219,0,0,0,0
Mikael Ymer,25,1220,0,0,0,0
Mikael Ymer,26,1221,0,0,0,0
Mikael Ymer,25,1221,0,0,0,0
Mikael Ymer,27,1222,0,0,0,0
Mikael Ymer,29,1224,20,0,0,0
Mikael Ymer,30,1225,0,0,0,0
Mikael Ymer,29,1225,0,0,0,0
Mikael Ymer,30,1226,0,0,0,0
Mikael Ymer,32,1228,0,0,0,0
Mikael Ymer,33,1229,0,0,0,0
Mikael Ymer,34,1230,0,0,0,0
Mikael Ymer,38,1234,0,0,0,0
Mikael Ymer,39,1235,0,0,0,0
Mikhail Kukushkin,52,1196,0,0,20,0
Mikhail Kukushkin,1,1196,0,0,0,0
Mikhail Kukushkin,2,1197,0,0,0,0
Mikhail Kukushkin,2,1198,0,0,0,0
Mikhail Kukushkin,5,1200,0,0,20,0
Mikhail Kukushkin,6,1201,0,0,0,0
Mikhail Kukushkin,7,1202,0,0,0,0
Mikhail Kukushkin,8,1203,0,0,0,0
Mikhail Kukushkin,9,1204,0,0,0,0
Mikhail Kukushkin,10,1206,0,0,0,0
Mikhail Kukushkin,12,1208,0,0,0,0
Mikhail Kukushkin,14,1209,0,0,0,0
Mikhail Kukushkin,14,1210,0,0,0,0
Mikhail Kukushkin,16,1211,0,0,0,0
Mikhail Kukushkin,17,1213,0,0,0,0
Mikhail Kukushkin,19,1215,0,0,0,0
Mikhail Kukushkin,20,1216,0,0,0,0
Mikhail Kukushkin,21,1217,0,0,0,0
Mikhail Kukushkin,24,1219,0,0,0,0
Mikhail Kukushkin,25,1220,0,0,0,0
Mikhail Kukushkin,26,1221,0,0,0,0
Mikhail Kukushkin,25,1221,0,0,0,0
Mikhail Kukushkin,27,1222,0,0,0,0
Mikhail Kukushkin,29,1224,0,0,0,0
Mikhail Kukushkin,30,1225,0,0,0,0
Mikhail Kukushkin,29,1225,0,0,0,0
Mikhail Kukushkin,30,1226,0,0,0,0
Mikhail Kukushkin,32,1228,0,0,0,0
Mikhail Kukushkin,33,1229,0,0,0,0
Mikhail Kukushkin,34,1230,0,0,0,0
Mikhail Kukushkin,38,1234,0,0,0,0
Mikhail Kukushkin,39,1235,0,0,0,0
Mili Poljicak,52,1196,0,0,0,0
Mili Poljicak,1,1196,0,0,0,0
Mili Poljicak,2,1197,0,0,0,0
Mili Poljicak,2,1198,0,0,0,0
Mili Poljicak,5,1200,0,0,0,0
Mili Poljicak,6,1201,0,0,0,0
Mili Poljicak,7,1202,0,0,0,0
Mili Poljicak,8,1203,0,0,0,0
Mili Poljicak,9,1204,0,0,0,0
Mili Poljicak,10,1206,0,0,0,0
Mili Poljicak,12,1208,0,0,0,0
Mili Poljicak,14,1209,0,0,0,0
Mili Poljicak,14,1210,0,0,0,0
Mili Poljicak,16,1211,0,0,0,0
Mili Poljicak,17,1213,0,0,0,0
Mili Poljicak,19,1215,0,0,0,0
Mili Poljicak,20,1216,0,0,0,0
Mili Poljicak,21,1217,0,0,0,0
Mili Poljicak,24,1219,0,0,0,0
Mili Poljicak,25,1220,0,0,0,0
Mili Poljicak,26,1221,0,0,0,0
Mili Poljicak,25,1221,0,0,0,0
Mili Poljicak,27,1222,0,0,0,0
Mili Poljicak,29,1224,0,0,0,0
Mili Poljicak,30,1225,0,0,0,0
Mili Poljicak,29,1225,20,0,0,0
Mili Poljicak,30,1226,0,0,0,0
Mili Poljicak,32,1228,0,0,0,0
Mili Poljicak,33,1229,0,0,0,0
Mili Poljicak,34,1230,0,0,0,0
Mili Poljicak,38,1234,0,0,0,0
Mili Poljicak,39,1235,0,0,0,0
Miomir Kecmanovic,52,1196,0,0,0,0
Miomir Kecmanovic,1,1196,0,0,45,0
Miomir Kecmanovic,2,1197,0,0,180,0
Miomir Kecmanovic,2,1198,0,0,90,0
Miomir Kecmanovic,5,1200,0,0,0,0
Miomir Kecmanovic,6,1201,0,0,20,0
Miomir Kecmanovic,7,1202,0,0,500,0
Miomir Kecmanovic,8,1203,0,0,0,0
Miomir Kecmanovic,9,1204,0,0,20,0
Miomir Kecmanovic,10,1206,0,0,10,0
Miomir Kecmanovic,12,1208,0,0,25,0
Miomir Kecmanovic,14,1209,0,0,0,0
Miomir Kecmanovic,14,1210,25,0,0,0
Miomir Kecmanovic,16,1211,45,0,0,0
Miomir Kecmanovic,17,1213,10,0,0,0
Miomir Kecmanovic,19,1215,10,0,0,0
Miomir Kecmanovic,20,1216,20,0,0,0
Miomir Kecmanovic,21,1217,45,0,0,0
Miomir Kecmanovic,24,1219,0,0,0,0
Miomir Kecmanovic,25,1220,0,20,0,0
Miomir Kecmanovic,26,1221,0,20,0,0
Miomir Kecmanovic,25,1221,0,0,0,0
Miomir Kecmanovic,27,1222,0,90,0,0
Miomir Kecmanovic,29,1224,0,0,0,0
Miomir Kecmanovic,30,1225,0,0,0,0
Miomir Kecmanovic,29,1225,0,0,0,0
Miomir Kecmanovic,30,1226,0,0,25,0
Miomir Kecmanovic,32,1228,0,0,10,0
Miomir Kecmanovic,33,1229,0,0,90,0
Miomir Kecmanovic,34,1230,0,0,10,0
Miomir Kecmanovic,38,1234,0,0,0,0
Miomir Kecmanovic,39,1235,0,0,20,0
Mitchell Krueger,52,1196,0,0,0,0
Mitchell Krueger,1,1196,0,0,0,0
Mitchell Krueger,2,1197,0,0,0,0
Mitchell Krueger,2,1198,0,0,45,0
Mitchell Krueger,5,1200,0,0,0,0
Mitchell Krueger,6,1201,0,0,0,0
Mitchell Krueger,7,1202,0,0,0,0
Mitchell Krueger,8,1203,0,0,0,0
Mitchell Krueger,9,1204,0,0,0,0
Mitchell Krueger,10,1206,0,0,0,0
Mitchell Krueger,12,1208,0,0,0,0
Mitchell Krueger,14,1209,20,0,0,0
Mitchell Krueger,14,1210,0,0,0,0
Mitchell Krueger,16,1211,0,0,0,0
Mitchell Krueger,17,1213,0,0,0,0
Mitchell Krueger,19,1215,0,0,0,0
Mitchell Krueger,20,1216,0,0,0,0
Mitchell Krueger,21,1217,0,0,0,0
Mitchell Krueger,24,1219,0,0,0,0
Mitchell Krueger,25,1220,0,0,0,0
Mitchell Krueger,26,1221,0,0,0,0
Mitchell Krueger,25,1221,0,0,0,0
Mitchell Krueger,27,1222,0,0,0,0
Mitchell Krueger,29,1224,0,0,20,0
Mitchell Krueger,30,1225,0,0,0,0
Mitchell Krueger,29,1225,0,0,0,0
Mitchell Krueger,30,1226,0,0,0,0
Mitchell Krueger,32,1228,0,0,0,0
Mitchell Krueger,33,1229,0,0,0,0
Mitchell Krueger,34,1230,0,0,0,0
Mitchell Krueger,38,1234,0,0,0,0
Mitchell Krueger,39,1235,0,0,0,0
Murphy Cassone,52,1196,0,0,0,0
Murphy Cassone,1,1196,0,0,0,0
Murphy Cassone,2,1197,0,0,0,0
Murphy Cassone,2,1198,0,0,0,0
Murphy Cassone,5,1200,0,0,0,0
Murphy Cassone,6,1201,0,0,0,0
Murphy Cassone,7,1202,0,0,0,0
Murphy Cassone,8,1203,0,0,0,0
Murphy Cassone,9,1204,0,0,0,0
Murphy Cassone,10,1206,0,0,0,0
Murphy Cassone,12,1208,0,0,0,0
Murphy Cassone,14,1209,0,0,0,0
Murphy Cassone,14,1210,0,0,0,0
Murphy Cassone,16,1211,0,0,0,0
Murphy Cassone,17,1213,0,0,0,0
Murphy Cassone,19,1215,0,0,0,0
Murphy Cassone,20,1216,0,0,0,0
Murphy Cassone,21,1217,0,0,0,0
Murphy Cassone,24,1219,0,0,0,0
Murphy Cassone,25,1220,0,0,0,0
Murphy Cassone,26,1221,0,0,0,0
Murphy Cassone,25,1221,0,0,0,0
Murphy Cassone,27,1222,0,0,0,0
Murphy Cassone,29,1224,0,0,0,0
Murphy Cassone,30,1225,0,0,0,0
Murphy Cassone,29,1225,0,0,0,0
Murphy Cassone,30,1226,0,0,0,0
Murphy Cassone,32,1228,0,0,0,0
Murphy Cassone,33,1229,0,0,0,0
Murphy Cassone,34,1230,0,0,0,0
Murphy Cassone,38,1234,0,0,0,0
Murphy Cassone,39,1235,0,0,0,0
Nick Kyrgios,52,1196,0,0,20,0
Nick Kyrgios,1,1196,0,0,0,0
Nick Kyrgios,2,1197,0,0,0,0
Nick Kyrgios,2,1198,0,0,10,0
Nick Kyrgios,5,1200,0,0,0,0
Nick Kyrgios,6,1201,0,0,0,0
Nick Kyrgios,7,1202,0,0,0,0
Nick Kyrgios,8,1203,0,0,0,0
Nick Kyrgios,9,1204,0,0,0,0
Nick Kyrgios,10,1206,0,0,10,0
Nick Kyrgios,12,1208,0,0,25,0
Nick Kyrgios,14,1209,0,0,0,0
Nick Kyrgios,14,1210,0,0,0,0
Nick Kyrgios,16,1211,0,0,0,0
Nick Kyrgios,17,1213,0,0,0,0
Nick Kyrgios,19,1215,0,0,0,0
Nick Kyrgios,20,1216,0,0,0,0
Nick Kyrgios,21,1217,0,0,0,0
Nick Kyrgios,24,1219,0,0,0,0
Nick Kyrgios,25,1220,0,0,0,0
Nick Kyrgios,26,1221,0,0,0,0
Nick Kyrgios,25,1221,0,0,0,0
Nick Kyrgios,27,1222,0,0,0,0
Nick Kyrgios,29,1224,0,0,0,0
Nick Kyrgios,30,1225,0,0,0,0
Nick Kyrgios,29,1225,0,0,0,0
Nick Kyrgios,30,1226,0,0,0,0
Nick Kyrgios,32,1228,0,0,0,0
Nick Kyrgios,33,1229,0,0,0,0
Nick Kyrgios,34,1230,0,0,0,0
Nick Kyrgios,38,1234,0,0,0,0
Nick Kyrgios,39,1235,0,0,0,0
Nicolai Budkov Kjaer,52,1196,0,0,0,0
Nicolai Budkov Kjaer,1,1196,0,0,0,0
Nicolai Budkov Kjaer,2,1197,0,0,0,0
Nicolai Budkov Kjaer,2,1198,0,0,0,0
Nicolai Budkov Kjaer,5,1200,0,0,0,0
Nicolai Budkov Kjaer,6,1201,0,0,0,0
Nicolai Budkov Kjaer,7,1202,0,0,0,0
Nicolai Budkov Kjaer,8,1203,0,0,0,0
Nicolai Budkov Kjaer,9,1204,0,0,0,0
Nicolai Budkov Kjaer,10,1206,0,0,0,0
Nicolai Budkov Kjaer,12,1208,0,0,0,0
Nicolai Budkov Kjaer,14,1209,0,0,0,0
Nicolai Budkov Kjaer,14,1210,0,0,0,0
Nicolai Budkov Kjaer,16,1211,0,0,0,0
Nicolai Budkov Kjaer,17,1213,0,0,0,0
Nicolai Budkov Kjaer,19,1215,0,0,0,0
Nicolai Budkov Kjaer,20,1216,0,0,0,0
Nicolai Budkov Kjaer,21,1217,0,0,0,0
Nicolai Budkov Kjaer,24,1219,0,0,0,0
Nicolai Budkov Kjaer,25,1220,0,0,0,0
Nicolai Budkov Kjaer,26,1221,0,0,0,0
Nicolai Budkov Kjaer,25,1221,0,0,0,0
Nicolai Budkov Kjaer,27,1222,0,0,0,0
Nicolai Budkov Kjaer,29,1224,45,0,0,0
Nicolai Budkov Kjaer,30,1225,0,0,0,0
Nicolai Budkov Kjaer,29,1225,0,0,0,0
Nicolai Budkov Kjaer,30,1226,0,0,0,0
Nicolai Budkov Kjaer,32,1228,0,0,0,0
Nicolai Budkov Kjaer,33,1229,0,0,0,0
Nicolai Budkov Kjaer,34,1230,0,0,0,0
Nicolai Budkov Kjaer,38,1234,0,0,0,0
Nicolai Budkov Kjaer,39,1235,0,0,0,0
Nicolas Arseneault,52,1196,0,0,0,0
Nicolas Arseneault,1,1196,0,0,0,0
Nicolas Arseneault,2,1197,0,0,0,0
Nicolas Arseneault,2,1198,0,0,0,0
Nicolas Arseneault,5,1200,0,0,0,0
Nicolas Arseneault,6,1201,0,0,0,0
Nicolas Arseneault,7,1202,0,0,0,0
Nicolas Arseneault,8,1203,0,0,0,0
Nicolas Arseneault,9,1204,0,0,0,0
Nicolas Arseneault,10,1206,0,0,0,0
Nicolas Arseneault,12,1208,0,0,0,0
Nicolas Arseneault,14,1209,0,0,0,0
Nicolas Arseneault,14,1210,0,0,0,0
Nicolas Arseneault,16,1211,0,0,0,0
Nicolas Arseneault,17,1213,0,0,0,0
Nicolas Arseneault,19,1215,0,0,0,0
Nicolas Arseneault,20,1216,0,0,0,0
Nicolas Arseneault,21,1217,0,0,0,0
Nicolas Arseneault,24,1219,0,0,0,0
Nicolas Arseneault,25,1220,0,0,0,0
Nicolas Arseneault,26,1221,0,0,0,0
Nicolas Arseneault,25,1221,0,0,0,0
Nicolas Arseneault,27,1222,0,0,0,0
Nicolas Arseneault,29,1224,0,0,0,0
Nicolas Arseneault,30,1225,0,0,0,0
Nicolas Arseneault,29,1225,0,0,0,0
Nicolas Arseneault,30,1226,0,0,25,0
Nicolas Arseneault,32,1228,0,0,0,0
Nicolas Arseneault,33,1229,0,0,0,0
Nicolas Arseneault,34,1230,0,0,0,0
Nicolas Arseneault,38,1234,0,0,0,0
Nicolas Arseneault,39,1235,0,0,0,0
Nicolas Jarry,52,1196,0,0,90,0
Nicolas Jarry,1,1196,0,0,0,0
Nicolas Jarry,2,1197,0,0,0,0
Nicolas Jarry,2,1198,0,0,10,0
Nicolas Jarry,5,1200,0,0,0,0
Nicolas Jarry,6,1201,0,0,0,0
Nicolas Jarry,7,1202,20,0,0,0
Nicolas Jarry,8,1203,45,0,0,0
Nicolas Jarry,9,1204,20,0,0,0
Nicolas Jarry,10,1206,0,0,0,0
Nicolas Jarry,12,1208,0,0,0,0
Nicolas Jarry,14,1209,45,0,0,0
Nicolas Jarry,14,1210,25,0,0,0
Nicolas Jarry,16,1211,20,0,0,0
Nicolas Jarry,17,1213,25,0,0,0
Nicolas Jarry,19,1215,25,0,0,0
Nicolas Jarry,20,1216,20,0,0,0
Nicolas Jarry,21,1217,10,0,0,0
Nicolas Jarry,24,1219,0,45,0,0
Nicolas Jarry,25,1220,0,0,0,0
Nicolas Jarry,26,1221,0,0,0,0
Nicolas Jarry,25,1221,0,0,0,0
Nicolas Jarry,27,1222,0,180,0,0
Nicolas Jarry,29,1224,0,0,0,0
Nicolas Jarry,30,1225,20,0,0,0
Nicolas Jarry,29,1225,0,0,0,0
Nicolas Jarry,30,1226,0,0,0,0
Nicolas Jarry,32,1228,0,0,10,0
Nicolas Jarry,33,1229,0,0,0,0
Nicolas Jarry,34,1230,0,0,10,0
Nicolas Jarry,38,1234,0,0,0,0
Nicolas Jarry,39,1235,0,0,0,0
Nicolas Mejia,52,1196,0,0,0,0
Nicolas Mejia,1,1196,0,0,0,0
Nicolas Mejia,2,1197,0,0,0,0
Nicolas Mejia,2,1198,0,0,0,0
Nicolas Mejia,5,1200,0,0,0,0
Nicolas Mejia,6,1201,0,0,0,0
Nicolas Mejia,7,1202,0,0,0,0
Nicolas Mejia,8,1203,0,0,0,0
Nicolas Mejia,9,1204,0,0,0,0
Nicolas Mejia,10,1206,0,0,0,0
Nicolas Mejia,12,1208,0,0,0,0
Nicolas Mejia,14,1209,0,0,0,0
Nicolas Mejia,14,1210,0,0,0,0
Nicolas Mejia,16,1211,0,0,0,0
Nicolas Mejia,17,1213,0,0,0,0
Nicolas Mejia,19,1215,0,0,0,0
Nicolas Mejia,20,1216,0,0,0,0
Nicolas Mejia,21,1217,0,0,0,0
Nicolas Mejia,24,1219,0,0,0,0
Nicolas Mejia,25,1220,0,0,0,0
Nicolas Mejia,26,1221,0,0,0,0
Nicolas Mejia,25,1221,0,0,0,0
Nicolas Mejia,27,1222,0,0,0,0
Nicolas Mejia,29,1224,0,0,20,0
Nicolas Mejia,30,1225,0,0,0,0
Nicolas Mejia,29,1225,0,0,0,0
Nicolas Mejia,30,1226,0,0,0,0
Nicolas Mejia,32,1228,0,0,0,0
Nicolas Mejia,33,1229,0,0,0,0
Nicolas Mejia,34,1230,0,0,0,0
Nicolas Mejia,38,1234,0,0,0,0
Nicolas Mejia,39,1235,0,0,0,0
Nicolas Moreno De Alboran,52,1196,0,0,0,0
Nicolas Moreno De Alboran,1,1196,0,0,0,0
Nicolas Moreno De Alboran,2,1197,0,0,0,0
Nicolas Moreno De Alboran,2,1198,0,0,0,0
Nicolas Moreno De Alboran,5,1200,0,0,0,0
Nicolas Moreno De Alboran,6,1201,0,0,0,0
Nicolas Moreno De Alboran,7,1202,0,0,0,0
Nicolas Moreno De Alboran,8,1203,0,0,0,0
Nicolas Moreno De Alboran,9,1204,0,0,0,0
Nicolas Moreno De Alboran,10,1206,0,0,0,0
Nicolas Moreno De Alboran,12,1208,0,0,0,0
Nicolas Moreno De Alboran,14,1209,0,0,0,0
Nicolas Moreno De Alboran,14,1210,0,0,0,0
Nicolas Moreno De Alboran,16,1211,0,0,0,0
Nicolas Moreno De Alboran,17,1213,0,0,0,0
Nicolas Moreno De Alboran,19,1215,10,0,0,0
Nicolas Moreno De Alboran,20,1216,0,0,0,0
Nicolas Moreno De Alboran,21,1217,0,0,0,0
Nicolas Moreno De Alboran,24,1219,0,0,0,0
Nicolas Moreno De Alboran,25,1220,0,0,0,0
Nicolas Moreno De Alboran,26,1221,0,0,0,0
Nicolas Moreno De Alboran,25,1221,0,0,0,0
Nicolas Moreno De Alboran,27,1222,0,0,0,0
Nicolas Moreno De Alboran,29,1224,0,0,0,0
Nicolas Moreno De Alboran,30,1225,0,0,0,0
Nicolas Moreno De Alboran,29,1225,0,0,0,0
Nicolas Moreno De Alboran,30,1226,0,0,0,0
Nicolas Moreno De Alboran,32,1228,0,0,0,0
Nicolas Moreno De Alboran,33,1229,0,0,0,0
Nicolas Moreno De Alboran,34,1230,0,0,0,0
Nicolas Moreno De Alboran,38,1234,0,0,0,0
Nicolas Moreno De Alboran,39,1235,0,0,0,0
Nikoloz Basilashvili,52,1196,0,0,0,0
Nikoloz Basilashvili,1,1196,0,0,0,0
Nikoloz Basilashvili,2,1197,0,0,0,0
Nikoloz Basilashvili,2,1198,0,0,10,0
Nikoloz Basilashvili,5,1200,0,0,90,0
Nikoloz Basilashvili,6,1201,0,0,0,0
Nikoloz Basilashvili,7,1202,0,0,0,0
Nikoloz Basilashvili,8,1203,0,0,0,0
Nikoloz Basilashvili,9,1204,0,0,0,0
Nikoloz Basilashvili,10,1206,0,0,10,0
Nikoloz Basilashvili,12,1208,0,0,0,0
Nikoloz Basilashvili,14,1209,0,0,0,0
Nikoloz Basilashvili,14,1210,0,0,0,0
Nikoloz Basilashvili,16,1211,0,0,0,0
Nikoloz Basilashvili,17,1213,0,0,0,0
Nikoloz Basilashvili,19,1215,0,0,0,0
Nikoloz Basilashvili,20,1216,0,0,0,0
Nikoloz Basilashvili,21,1217,10,0,0,0
Nikoloz Basilashvili,24,1219,0,0,0,0
Nikoloz Basilashvili,25,1220,0,0,0,0
Nikoloz Basilashvili,26,1221,0,0,0,0
Nikoloz Basilashvili,25,1221,0,0,0,0
Nikoloz Basilashvili,27,1222,0,45,0,0
Nikoloz Basilashvili,29,1224,20,0,0,0
Nikoloz Basilashvili,30,1225,0,0,0,0
Nikoloz Basilashvili,29,1225,45,0,0,0
Nikoloz Basilashvili,30,1226,0,0,0,0
Nikoloz Basilashvili,32,1228,0,0,0,0
Nikoloz Basilashvili,33,1229,0,0,0,0
Nikoloz Basilashvili,34,1230,0,0,0,0
Nikoloz Basilashvili,38,1234,0,0,90,0
Nikoloz Basilashvili,39,1235,0,0,0,0
Nishesh Basavareddy,52,1196,0,0,20,0
Nishesh Basavareddy,1,1196,0,0,0,0
Nishesh Basavareddy,2,1197,0,0,180,0
Nishesh Basavareddy,2,1198,0,0,10,0
Nishesh Basavareddy,5,1200,0,0,0,0
Nishesh Basavareddy,6,1201,0,0,0,0
Nishesh Basavareddy,7,1202,0,0,0,0
Nishesh Basavareddy,8,1203,0,0,0,0
Nishesh Basavareddy,9,1204,0,0,20,0
Nishesh Basavareddy,10,1206,0,0,10,0
Nishesh Basavareddy,12,1208,0,0,0,0
Nishesh Basavareddy,14,1209,20,0,0,0
Nishesh Basavareddy,14,1210,0,0,0,0
Nishesh Basavareddy,16,1211,0,0,0,0
Nishesh Basavareddy,17,1213,0,0,0,0
Nishesh Basavareddy,19,1215,0,0,0,0
Nishesh Basavareddy,20,1216,0,0,0,0
Nishesh Basavareddy,21,1217,0,0,0,0
Nishesh Basavareddy,24,1219,0,20,0,0
Nishesh Basavareddy,25,1220,0,0,0,0
Nishesh Basavareddy,26,1221,0,0,0,0
Nishesh Basavareddy,25,1221,0,20,0,0
Nishesh Basavareddy,27,1222,0,10,0,0
Nishesh Basavareddy,29,1224,0,0,45,0
Nishesh Basavareddy,30,1225,0,0,0,0
Nishesh Basavareddy,29,1225,0,0,0,0
Nishesh Basavareddy,30,1226,0,0,0,0
Nishesh Basavareddy,32,1228,0,0,25,0
Nishesh Basavareddy,33,1229,0,0,20,0
Nishesh Basavareddy,34,1230,0,0,10,0
Nishesh Basavareddy,38,1234,0,0,45,0
Nishesh Basavareddy,39,1235,0,0,0,0
Norbert Gombos,52,1196,0,0,0,0
Norbert Gombos,1,1196,0,0,0,0
Norbert Gombos,2,1197,0,0,0,0
Norbert Gombos,2,1198,0,0,0,0
Norbert Gombos,5,1200,0,0,0,0
Norbert Gombos,6,1201,0,0,0,0
Norbert Gombos,7,1202,0,0,0,0
Norbert Gombos,8,1203,0,0,0,0
Norbert Gombos,9,1204,0,0,0,0
Norbert Gombos,10,1206,0,0,0,0
Norbert Gombos,12,1208,0,0,0,0
Norbert Gombos,14,1209,0,0,0,0
Norbert Gombos,14,1210,0,0,0,0
Norbert Gombos,16,1211,0,0,0,0
Norbert Gombos,17,1213,0,0,0,0
Norbert Gombos,19,1215,0,0,0,0
Norbert Gombos,20,1216,0,0,0,0
Norbert Gombos,21,1217,0,0,0,0
Norbert Gombos,24,1219,0,0,0,0
Norbert Gombos,25,1220,0,0,0,0
Norbert Gombos,26,1221,0,0,0,0
Norbert Gombos,25,1221,0,0,0,0
Norbert Gombos,27,1222,0,0,0,0
Norbert Gombos,29,1224,0,0,0,0
Norbert Gombos,30,1225,45,0,0,0
Norbert Gombos,29,1225,0,0,0,0
Norbert Gombos,30,1226,0,0,0,0
Norbert Gombos,32,1228,0,0,0,0
Norbert Gombos,33,1229,0,0,0,0
Norbert Gombos,34,1230,0,0,0,0
Norbert Gombos,38,1234,0,0,0,0
Norbert Gombos,39,1235,0,0,0,0
Novak Djokovic,52,1196,0,0,90,0
Novak Djokovic,1,1196,0,0,0,0
Novak Djokovic,2,1197,0,0,0,0
Novak Djokovic,2,1198,0,0,720,0
Novak Djokovic,5,1200,0,0,0,0
Novak Djokovic,6,1201,0,0,0,0
Novak Djokovic,7,1202,0,0,0,0
Novak Djokovic,8,1203,0,0,20,0
Novak Djokovic,9,1204,0,0,0,0
Novak Djokovic,10,1206,0,0,25,0
Novak Djokovic,12,1208,0,0,600,0
Novak Djokovic,14,1209,0,0,0,0
Novak Djokovic,14,1210,45,0,0,0
Novak Djokovic,16,1211,0,0,0,0
Novak Djokovic,17,1213,25,0,0,0
Novak Djokovic,19,1215,0,0,0,0
Novak Djokovic,20,1216,500,0,0,0
Novak Djokovic,21,1217,720,0,0,0
Novak Djokovic,24,1219,0,0,0,0
Novak Djokovic,25,1220,0,0,0,0
Novak Djokovic,26,1221,0,0,0,0
Novak Djokovic,25,1221,0,0,0,0
Novak Djokovic,27,1222,0,720,0,0
Novak Djokovic,29,1224,0,0,0,0
Novak Djokovic,30,1225,0,0,0,0
Novak Djokovic,29,1225,0,0,0,0
Novak Djokovic,30,1226,0,0,0,0
Novak Djokovic,32,1228,0,0,0,0
Novak Djokovic,33,1229,0,0,0,0
Novak Djokovic,34,1230,0,0,720,0
Novak Djokovic,38,1234,0,0,0,0
Novak Djokovic,39,1235,0,0,0,0
Nuno Borges,52,1196,0,0,0,0
Nuno Borges,1,1196,0,0,45,0
Nuno Borges,2,1197,0,0,180,0
Nuno Borges,2,1198,0,0,90,0
Nuno Borges,5,1200,0,0,0,0
Nuno Borges,6,1201,0,0,0,0
Nuno Borges,7,1202,0,0,45,0
Nuno Borges,8,1203,0,0,45,0
Nuno Borges,9,1204,0,0,45,0
Nuno Borges,10,1206,0,0,25,0
Nuno Borges,12,1208,0,0,10,0
Nuno Borges,14,1209,90,0,0,0
Nuno Borges,14,1210,90,0,0,0
Nuno Borges,16,1211,0,0,0,0
Nuno Borges,17,1213,25,0,0,0
Nuno Borges,19,1215,10,0,0,0
Nuno Borges,20,1216,45,0,0,0
Nuno Borges,21,1217,90,0,0,0
Nuno Borges,24,1219,0,90,0,0
Nuno Borges,25,1220,0,20,0,0
Nuno Borges,26,1221,0,45,0,0
Nuno Borges,25,1221,0,0,0,0
Nuno Borges,27,1222,0,90,0,0
Nuno Borges,29,1224,45,0,0,0
Nuno Borges,30,1225,0,0,0,0
Nuno Borges,29,1225,0,0,0,0
Nuno Borges,30,1226,0,0,45,0
Nuno Borges,32,1228,0,0,10,0
Nuno Borges,33,1229,0,0,20,0
Nuno Borges,34,1230,0,0,45,0
Nuno Borges,38,1234,0,0,0,0
Nuno Borges,39,1235,0,0,45,0
Oliver Crawford,52,1196,0,0,0,0
Oliver Crawford,1,1196,0,0,0,0
Oliver Crawford,2,1197,0,0,0,0
Oliver Crawford,2,1198,0,0,0,0
Oliver Crawford,5,1200,0,0,0,0
Oliver Crawford,6,1201,0,0,0,0
Oliver Crawford,7,1202,0,0,0,0
Oliver Crawford,8,1203,0,0,0,0
Oliver Crawford,9,1204,0,0,0,0
Oliver Crawford,10,1206,0,0,0,0
Oliver Crawford,12,1208,0,0,0,0
Oliver Crawford,14,1209,0,0,0,0
Oliver Crawford,14,1210,0,0,0,0
Oliver Crawford,16,1211,0,0,0,0
Oliver Crawford,17,1213,0,0,0,0
Oliver Crawford,19,1215,0,0,0,0
Oliver Crawford,20,1216,0,0,0,0
Oliver Crawford,21,1217,0,0,0,0
Oliver Crawford,24,1219,0,0,0,0
Oliver Crawford,25,1220,0,0,0,0
Oliver Crawford,26,1221,0,0,0,0
Oliver Crawford,25,1221,0,0,0,0
Oliver Crawford,27,1222,0,10,0,0
Oliver Crawford,29,1224,0,0,0,0
Oliver Crawford,30,1225,0,0,0,0
Oliver Crawford,29,1225,0,0,0,0
Oliver Crawford,30,1226,0,0,0,0
Oliver Crawford,32,1228,0,0,0,0
Oliver Crawford,33,1229,0,0,0,0
Oliver Crawford,34,1230,0,0,0,0
Oliver Crawford,38,1234,0,0,0,0
Oliver Crawford,39,1235,0,0,0,0
Oliver Tarvet,52,1196,0,0,0,0
Oliver Tarvet,1,1196,0,0,0,0
Oliver Tarvet,2,1197,0,0,0,0
Oliver Tarvet,2,1198,0,0,0,0
Oliver Tarvet,5,1200,0,0,0,0
Oliver Tarvet,6,1201,0,0,0,0
Oliver Tarvet,7,1202,0,0,0,0
Oliver Tarvet,8,1203,0,0,0,0
Oliver Tarvet,9,1204,0,0,0,0
Oliver Tarvet,10,1206,0,0,0,0
Oliver Tarvet,12,1208,0,0,0,0
Oliver Tarvet,14,1209,0,0,0,0
Oliver Tarvet,14,1210,0,0,0,0
Oliver Tarvet,16,1211,0,0,0,0
Oliver Tarvet,17,1213,0,0,0,0
Oliver Tarvet,19,1215,0,0,0,0
Oliver Tarvet,20,1216,0,0,0,0
Oliver Tarvet,21,1217,0,0,0,0
Oliver Tarvet,24,1219,0,0,0,0
Oliver Tarvet,25,1220,0,0,0,0
Oliver Tarvet,26,1221,0,0,0,0
Oliver Tarvet,25,1221,0,0,0,0
Oliver Tarvet,27,1222,0,45,0,0
Oliver Tarvet,29,1224,0,0,0,0
Oliver Tarvet,30,1225,0,0,0,0
Oliver Tarvet,29,1225,0,0,0,0
Oliver Tarvet,30,1226,0,0,0,0
Oliver Tarvet,32,1228,0,0,0,0
Oliver Tarvet,33,1229,0,0,0,0
Oliver Tarvet,34,1230,0,0,0,0
Oliver Tarvet,38,1234,0,0,0,0
Oliver Tarvet,39,1235,0,0,0,0
Omar Jasika,52,1196,0,0,0,0
Omar Jasika,1,1196,0,0,0,0
Omar Jasika,2,1197,0,0,0,0
Omar Jasika,2,1198,0,0,10,0
Omar Jasika,5,1200,0,0,0,0
Omar Jasika,6,1201,0,0,0,0
Omar Jasika,7,1202,0,0,0,0
Omar Jasika,8,1203,0,0,0,0
Omar Jasika,9,1204,0,0,0,0
Omar Jasika,10,1206,0,0,0,0
Omar Jasika,12,1208,0,0,0,0
Omar Jasika,14,1209,0,0,0,0
Omar Jasika,14,1210,0,0,0,0
Omar Jasika,16,1211,0,0,0,0
Omar Jasika,17,1213,0,0,0,0
Omar Jasika,19,1215,0,0,0,0
Omar Jasika,20,1216,0,0,0,0
Omar Jasika,21,1217,0,0,0,0
Omar Jasika,24,1219,0,0,0,0
Omar Jasika,25,1220,0,0,0,0
Omar Jasika,26,1221,0,0,0,0
Omar Jasika,25,1221,0,0,0,0
Omar Jasika,27,1222,0,0,0,0
Omar Jasika,29,1224,0,0,0,0
Omar Jasika,30,1225,0,0,0,0
Omar Jasika,29,1225,0,0,0,0
Omar Jasika,30,1226,0,0,0,0
Omar Jasika,32,1228,0,0,0,0
Omar Jasika,33,1229,0,0,0,0
Omar Jasika,34,1230,0,0,0,0
Omar Jasika,38,1234,0,0,0,0
Omar Jasika,39,1235,0,0,0,0
Otto Virtanen,52,1196,0,0,0,0
Otto Virtanen,1,1196,0,0,0,0
Otto Virtanen,2,1197,0,0,0,0
Otto Virtanen,2,1198,0,0,10,0
Otto Virtanen,5,1200,0,0,0,0
Otto Virtanen,6,1201,0,0,0,0
Otto Virtanen,7,1202,0,0,45,0
Otto Virtanen,8,1203,0,0,20,0
Otto Virtanen,9,1204,0,0,0,0
Otto Virtanen,10,1206,0,0,0,0
Otto Virtanen,12,1208,0,0,0,0
Otto Virtanen,14,1209,45,0,0,0
Otto Virtanen,14,1210,0,0,0,0
Otto Virtanen,16,1211,0,0,0,0
Otto Virtanen,17,1213,0,0,0,0
Otto Virtanen,19,1215,25,0,0,0
Otto Virtanen,20,1216,0,0,0,0
Otto Virtanen,21,1217,0,0,0,0
Otto Virtanen,24,1219,0,0,0,0
Otto Virtanen,25,1220,0,0,0,0
Otto Virtanen,26,1221,0,0,0,0
Otto Virtanen,25,1221,0,0,0,0
Otto Virtanen,27,1222,0,0,0,0
Otto Virtanen,29,1224,0,0,0,0
Otto Virtanen,30,1225,0,0,0,0
Otto Virtanen,29,1225,0,0,0,0
Otto Virtanen,30,1226,0,0,0,0
Otto Virtanen,32,1228,0,0,0,0
Otto Virtanen,33,1229,0,0,0,0
Otto Virtanen,34,1230,0,0,0,0
Otto Virtanen,38,1234,0,0,0,0
Otto Virtanen,39,1235,0,0,0,0
Pablo Carreno Busta,52,1196,0,0,0,0
Pablo Carreno Busta,1,1196,0,0,0,0
Pablo Carreno Busta,2,1197,0,0,20,0
Pablo Carreno Busta,2,1198,0,0,45,0
Pablo Carreno Busta,5,1200,0,0,0,0
Pablo Carreno Busta,6,1201,0,0,0,0
Pablo Carreno Busta,7,1202,0,0,0,0
Pablo Carreno Busta,8,1203,0,0,0,0
Pablo Carreno Busta,9,1204,0,0,0,0
Pablo Carreno Busta,10,1206,0,0,10,0
Pablo Carreno Busta,12,1208,0,0,0,0
Pablo Carreno Busta,14,1209,45,0,0,0
Pablo Carreno Busta,14,1210,0,0,0,0
Pablo Carreno Busta,16,1211,20,0,0,0
Pablo Carreno Busta,17,1213,10,0,0,0
Pablo Carreno Busta,19,1215,10,0,0,0
Pablo Carreno Busta,20,1216,0,0,0,0
Pablo Carreno Busta,21,1217,45,0,0,0
Pablo Carreno Busta,24,1219,0,0,0,0
Pablo Carreno Busta,25,1220,0,0,0,0
Pablo Carreno Busta,26,1221,0,0,0,0
Pablo Carreno Busta,25,1221,0,0,0,0
Pablo Carreno Busta,27,1222,0,0,0,0
Pablo Carreno Busta,29,1224,0,0,0,0
Pablo Carreno Busta,30,1225,0,0,0,0
Pablo Carreno Busta,29,1225,0,0,0,0
Pablo Carreno Busta,30,1226,0,0,25,0
Pablo Carreno Busta,32,1228,0,0,0,0
Pablo Carreno Busta,33,1229,0,0,20,0
Pablo Carreno Busta,34,1230,0,0,45,0
Pablo Carreno Busta,38,1234,0,0,0,0
Pablo Carreno Busta,39,1235,0,0,0,0
Pablo Llamas Ruiz,52,1196,0,0,0,0
Pablo Llamas Ruiz,1,1196,0,0,0,0
Pablo Llamas Ruiz,2,1197,0,0,0,0
Pablo Llamas Ruiz,2,1198,0,0,0,0
Pablo Llamas Ruiz,5,1200,0,0,0,0
Pablo Llamas Ruiz,6,1201,0,0,0,0
Pablo Llamas Ruiz,7,1202,0,0,0,0
Pablo Llamas Ruiz,8,1203,0,0,0,0
Pablo Llamas Ruiz,9,1204,0,0,0,0
Pablo Llamas Ruiz,10,1206,0,0,0,0
Pablo Llamas Ruiz,12,1208,0,0,0,0
Pablo Llamas Ruiz,14,1209,0,0,0,0
Pablo Llamas Ruiz,14,1210,0,0,0,0
Pablo Llamas Ruiz,16,1211,0,0,0,0
Pablo Llamas Ruiz,17,1213,0,0,0,0
Pablo Llamas Ruiz,19,1215,0,0,0,0
Pablo Llamas Ruiz,20,1216,0,0,0,0
Pablo Llamas Ruiz,21,1217,10,0,0,0
Pablo Llamas Ruiz,24,1219,0,0,0,0
Pablo Llamas Ruiz,25,1220,0,0,0,0
Pablo Llamas Ruiz,26,1221,0,0,0,0
Pablo Llamas Ruiz,25,1221,0,0,0,0
Pablo Llamas Ruiz,27,1222,0,0,0,0
Pablo Llamas Ruiz,29,1224,0,0,0,0
Pablo Llamas Ruiz,30,1225,0,0,0,0
Pablo Llamas Ruiz,29,1225,90,0,0,0
Pablo Llamas Ruiz,30,1226,0,0,0,0
Pablo Llamas Ruiz,32,1228,0,0,0,0
Pablo Llamas Ruiz,33,1229,0,0,0,0
Pablo Llamas Ruiz,34,1230,0,0,10,0
Pablo Llamas Ruiz,38,1234,0,0,0,0
Pablo Llamas Ruiz,39,1235,0,0,0,0
Patrick Kypson,52,1196,0,0,0,0
Patrick Kypson,1,1196,0,0,0,0
Patrick Kypson,2,1197,0,0,0,0
Patrick Kypson,2,1198,0,0,0,0
Patrick Kypson,5,1200,0,0,0,0
Patrick Kypson,6,1201,0,0,0,0
Patrick Kypson,7,1202,0,0,0,0
Patrick Kypson,8,1203,0,0,0,0
Patrick Kypson,9,1204,0,0,0,0
Patrick Kypson,10,1206,0,0,0,0
Patrick Kypson,12,1208,0,0,0,0
Patrick Kypson,14,1209,0,0,0,0
Patrick Kypson,14,1210,0,0,0,0
Patrick Kypson,16,1211,0,0,0,0
Patrick Kypson,17,1213,0,0,0,0
Patrick Kypson,19,1215,0,0,0,0
Patrick Kypson,20,1216,0,0,0,0
Patrick Kypson,21,1217,0,0,0,0
Patrick Kypson,24,1219,0,0,0,0
Patrick Kypson,25,1220,0,0,0,0
Patrick Kypson,26,1221,0,0,0,0
Patrick Kypson,25,1221,0,0,0,0
Patrick Kypson,27,1222,0,0,0,0
Patrick Kypson,29,1224,0,0,0,0
Patrick Kypson,30,1225,0,0,0,0
Patrick Kypson,29,1225,0,0,0,0
Patrick Kypson,30,1226,0,0,0,0
Patrick Kypson,32,1228,0,0,10,0
Patrick Kypson,33,1229,0,0,0,0
Patrick Kypson,34,1230,0,0,0,0
Patrick Kypson,38,1234,0,0,0,0
Patrick Kypson,39,1235,0,0,0,0
Patrick Zahraj,52,1196,0,0,0,0
Patrick Zahraj,1,1196,0,0,0,0
Patrick Zahraj,2,1197,0,0,0,0
Patrick Zahraj,2,1198,0,0,0,0
Patrick Zahraj,5,1200,0,0,0,0
Patrick Zahraj,6,1201,0,0,0,0
Patrick Zahraj,7,1202,0,0,0,0
Patrick Zahraj,8,1203,0,0,0,0
Patrick Zahraj,9,1204,0,0,0,0
Patrick Zahraj,10,1206,0,0,0,0
Patrick Zahraj,12,1208,0,0,0,0
Patrick Zahraj,14,1209,0,0,0,0
Patrick Zahraj,14,1210,0,0,0,0
Patrick Zahraj,16,1211,0,0,0,0
Patrick Zahraj,17,1213,0,0,0,0
Patrick Zahraj,19,1215,0,0,0,0
Patrick Zahraj,20,1216,0,0,0,0
Patrick Zahraj,21,1217,0,0,0,0
Patrick Zahraj,24,1219,0,0,0,0
Patrick Zahraj,25,1220,0,0,0,0
Patrick Zahraj,26,1221,0,0,0,0
Patrick Zahraj,25,1221,0,0,0,0
Patrick Zahraj,27,1222,0,0,0,0
Patrick Zahraj,29,1224,45,0,0,0
Patrick Zahraj,30,1225,0,0,0,0
Patrick Zahraj,29,1225,0,0,0,0
Patrick Zahraj,30,1226,0,0,0,0
Patrick Zahraj,32,1228,0,0,0,0
Patrick Zahraj,33,1229,0,0,0,0
Patrick Zahraj,34,1230,0,0,0,0
Patrick Zahraj,38,1234,0,0,0,0
Patrick Zahraj,39,1235,0,0,0,0
Pavel Kotov,52,1196,0,0,0,0
Pavel Kotov,1,1196,0,0,0,0
Pavel Kotov,2,1197,0,0,0,0
Pavel Kotov,2,1198,0,0,10,0
Pavel Kotov,5,1200,0,0,0,0
Pavel Kotov,6,1201,0,0,0,0
Pavel Kotov,7,1202,0,0,0,0
Pavel Kotov,8,1203,0,0,0,0
Pavel Kotov,9,1204,0,0,0,0
Pavel Kotov,10,1206,0,0,0,0
Pavel Kotov,12,1208,0,0,0,0
Pavel Kotov,14,1209,20,0,0,0
Pavel Kotov,14,1210,0,0,0,0
Pavel Kotov,16,1211,0,0,0,0
Pavel Kotov,17,1213,0,0,0,0
Pavel Kotov,19,1215,0,0,0,0
Pavel Kotov,20,1216,0,0,0,0
Pavel Kotov,21,1217,0,0,0,0
Pavel Kotov,24,1219,0,0,0,0
Pavel Kotov,25,1220,0,0,0,0
Pavel Kotov,26,1221,0,0,0,0
Pavel Kotov,25,1221,0,0,0,0
Pavel Kotov,27,1222,0,0,0,0
Pavel Kotov,29,1224,0,0,0,0
Pavel Kotov,30,1225,0,0,0,0
Pavel Kotov,29,1225,0,0,0,0
Pavel Kotov,30,1226,0,0,0,0
Pavel Kotov,32,1228,0,0,0,0
Pavel Kotov,33,1229,0,0,0,0
Pavel Kotov,34,1230,0,0,0,0
Pavel Kotov,38,1234,0,0,0,0
Pavel Kotov,39,1235,0,0,0,0
Pedro Martinez,52,1196,0,0,0,0
Pedro Martinez,1,1196,0,0,45,0
Pedro Martinez,2,1197,0,0,20,0
Pedro Martinez,2,1198,0,0,45,0
Pedro Martinez,5,1200,0,0,0,0
Pedro Martinez,6,1201,0,0,90,0
Pedro Martinez,7,1202,180,0,0,0
Pedro Martinez,8,1203,20,0,0,0
Pedro Martinez,9,1204,45,0,0,0
Pedro Martinez,10,1206,0,0,10,0
Pedro Martinez,12,1208,0,0,10,0
Pedro Martinez,14,1209,90,0,0,0
Pedro Martinez,14,1210,45,0,0,0
Pedro Martinez,16,1211,45,0,0,0
Pedro Martinez,17,1213,10,0,0,0
Pedro Martinez,19,1215,25,0,0,0
Pedro Martinez,20,1216,20,0,0,0
Pedro Martinez,21,1217,10,0,0,0
Pedro Martinez,24,1219,0,0,0,0
Pedro Martinez,25,1220,0,20,0,0
Pedro Martinez,26,1221,0,0,0,0
Pedro Martinez,25,1221,0,20,0,0
Pedro Martinez,27,1222,0,90,0,0
Pedro Martinez,29,1224,0,0,0,0
Pedro Martinez,30,1225,45,0,0,0
Pedro Martinez,29,1225,0,0,0,0
Pedro Martinez,30,1226,0,0,10,0
Pedro Martinez,32,1228,0,0,25,0
Pedro Martinez,33,1229,0,0,20,0
Pedro Martinez,34,1230,0,0,10,0
Pedro Martinez,38,1234,0,0,0,0
Pedro Martinez,39,1235,0,0,0,0
Pierre-Hugues Herbert,52,1196,0,0,0,0
Pierre-Hugues Herbert,1,1196,0,0,0,0
Pierre-Hugues Herbert,2,1197,0,0,0,0
Pierre-Hugues Herbert,2,1198,0,0,0,0
Pierre-Hugues Herbert,5,1200,0,0,0,0
Pierre-Hugues Herbert,6,1201,0,0,0,0
Pierre-Hugues Herbert,7,1202,0,0,45,0
Pierre-Hugues Herbert,8,1203,0,0,0,0
Pierre-Hugues Herbert,9,1204,0,0,0,0
Pierre-Hugues Herbert,10,1206,0,0,0,0
Pierre-Hugues Herbert,12,1208,0,0,0,0
Pierre-Hugues Herbert,14,1209,45,0,0,0
Pierre-Hugues Herbert,14,1210,0,0,0,0
Pierre-Hugues Herbert,16,1211,0,0,0,0
Pierre-Hugues Herbert,17,1213,0,0,0,0
Pierre-Hugues Herbert,19,1215,0,0,0,0
Pierre-Hugues Herbert,20,1216,0,0,0,0
Pierre-Hugues Herbert,21,1217,45,0,0,0
Pierre-Hugues Herbert,24,1219,0,45,0,0
Pierre-Hugues Herbert,25,1220,0,0,0,0
Pierre-Hugues Herbert,26,1221,0,0,0,0
Pierre-Hugues Herbert,25,1221,0,0,0,0
Pierre-Hugues Herbert,27,1222,0,0,0,0
Pierre-Hugues Herbert,29,1224,20,0,0,0
Pierre-Hugues Herbert,30,1225,0,0,0,0
Pierre-Hugues Herbert,29,1225,20,0,0,0
Pierre-Hugues Herbert,30,1226,0,0,10,0
Pierre-Hugues Herbert,32,1228,0,0,0,0
Pierre-Hugues Herbert,33,1229,0,0,0,0
Pierre-Hugues Herbert,34,1230,0,0,0,0
Pierre-Hugues Herbert,38,1234,0,0,0,0
Pierre-Hugues Herbert,39,1235,0,0,0,0
Quentin Halys,52,1196,0,0,0,0
Quentin Halys,1,1196,0,0,0,0
Quentin Halys,2,1197,0,0,0,0
Quentin Halys,2,1198,0,0,45,0
Quentin Halys,5,1200,0,0,20,0
Quentin Halys,6,1201,0,0,0,0
Quentin Halys,7,1202,0,0,20,0
Quentin Halys,8,1203,0,0,20,0
Quentin Halys,9,1204,0,0,180,0
Quentin Halys,10,1206,0,0,25,0
Quentin Halys,12,1208,0,0,25,0
Quentin Halys,14,1209,0,0,0,0
Quentin Halys,14,1210,0,0,0,0
Quentin Halys,16,1211,0,0,0,0
Quentin Halys,17,1213,10,0,0,0
Quentin Halys,19,1215,10,0,0,0
Quentin Halys,20,1216,45,0,0,0
Quentin Halys,21,1217,90,0,0,0
Quentin Halys,24,1219,0,45,0,0
Quentin Halys,25,1220,0,45,0,0
Quentin Halys,26,1221,0,20,0,0
Quentin Halys,25,1221,0,0,0,0
Quentin Halys,27,1222,0,10,0,0
Quentin Halys,29,1224,0,0,45,0
Quentin Halys,30,1225,0,0,0,0
Quentin Halys,29,1225,0,0,0,0
Quentin Halys,30,1226,0,0,10,0
Quentin Halys,32,1228,0,0,0,0
Quentin Halys,33,1229,0,0,0,0
Quentin Halys,34,1230,0,0,10,0
Quentin Halys,38,1234,0,0,20,0
Quentin Halys,39,1235,0,0,0,0
Radu Albot,52,1196,0,0,0,0
Radu Albot,1,1196,0,0,0,0
Radu Albot,2,1197,0,0,0,0
Radu Albot,2,1198,0,0,0,0
Radu Albot,5,1200,0,0,0,0
Radu Albot,6,1201,0,0,0,0
Radu Albot,7,1202,0,0,0,0
Radu Albot,8,1203,0,0,0,0
Radu Albot,9,1204,0,0,0,0
Radu Albot,10,1206,0,0,0,0
Radu Albot,12,1208,0,0,0,0
Radu Albot,14,1209,20,0,0,0
Radu Albot,14,1210,0,0,0,0
Radu Albot,16,1211,0,0,0,0
Radu Albot,17,1213,0,0,0,0
Radu Albot,19,1215,0,0,0,0
Radu Albot,20,1216,0,0,0,0
Radu Albot,21,1217,0,0,0,0
Radu Albot,24,1219,0,0,0,0
Radu Albot,25,1220,0,0,0,0
Radu Albot,26,1221,0,0,0,0
Radu Albot,25,1221,0,0,0,0
Radu Albot,27,1222,0,0,0,0
Radu Albot,29,1224,0,0,0,0
Radu Albot,30,1225,0,0,0,0
Radu Albot,29,1225,0,0,0,0
Radu Albot,30,1226,0,0,0,0
Radu Albot,32,1228,0,0,0,0
Radu Albot,33,1229,0,0,0,0
Radu Albot,34,1230,0,0,0,0
Radu Albot,38,1234,0,0,0,0
Radu Albot,39,1235,0,0,0,0
Raphael Collignon,52,1196,0,0,0,0
Raphael Collignon,1,1196,0,0,0,0
Raphael Collignon,2,1197,0,0,0,0
Raphael Collignon,2,1198,0,0,0,0
Raphael Collignon,5,1200,0,0,0,0
Raphael Collignon,6,1201,0,0,0,0
Raphael Collignon,7,1202,0,0,20,0
Raphael Collignon,8,1203,0,0,0,0
Raphael Collignon,9,1204,0,0,0,0
Raphael Collignon,10,1206,0,0,0,0
Raphael Collignon,12,1208,0,0,0,0
Raphael Collignon,14,1209,45,0,0,0
Raphael Collignon,14,1210,0,0,0,0
Raphael Collignon,16,1211,0,0,0,0
Raphael Collignon,17,1213,0,0,0,0
Raphael Collignon,19,1215,0,0,0,0
Raphael Collignon,20,1216,20,0,0,0
Raphael Collignon,21,1217,0,0,0,0
Raphael Collignon,24,1219,0,0,0,0
Raphael Collignon,25,1220,0,0,0,0
Raphael Collignon,26,1221,0,0,0,0
Raphael Collignon,25,1221,0,0,0,0
Raphael Collignon,27,1222,0,10,0,0
Raphael Collignon,29,1224,20,0,0,0
Raphael Collignon,30,1225,0,0,0,0
Raphael Collignon,29,1225,20,0,0,0
Raphael Collignon,30,1226,0,0,0,0
Raphael Collignon,32,1228,0,0,0,0
Raphael Collignon,33,1229,0,0,0,0
Raphael Collignon,34,1230,0,0,90,0
Raphael Collignon,38,1234,0,0,0,0
Raphael Collignon,39,1235,0,0,0,0
Rei Sakamoto,52,1196,0,0,0,0
Rei Sakamoto,1,1196,0,0,0,0
Rei Sakamoto,2,1197,0,0,0,0
Rei Sakamoto,2,1198,0,0,0,0
Rei Sakamoto,5,1200,0,0,0,0
Rei Sakamoto,6,1201,0,0,0,0
Rei Sakamoto,7,1202,0,0,0,0
Rei Sakamoto,8,1203,0,0,0,0
Rei Sakamoto,9,1204,0,0,0,0
Rei Sakamoto,10,1206,0,0,0,0
Rei Sakamoto,12,1208,0,0,10,0
Rei Sakamoto,14,1209,0,0,0,0
Rei Sakamoto,14,1210,0,0,0,0
Rei Sakamoto,16,1211,0,0,0,0
Rei Sakamoto,17,1213,0,0,0,0
Rei Sakamoto,19,1215,0,0,0,0
Rei Sakamoto,20,1216,0,0,0,0
Rei Sakamoto,21,1217,0,0,0,0
Rei Sakamoto,24,1219,0,0,0,0
Rei Sakamoto,25,1220,0,0,0,0
Rei Sakamoto,26,1221,0,0,0,0
Rei Sakamoto,25,1221,0,0,0,0
Rei Sakamoto,27,1222,0,0,0,0
Rei Sakamoto,29,1224,0,0,0,0
Rei Sakamoto,30,1225,0,0,0,0
Rei Sakamoto,29,1225,0,0,0,0
Rei Sakamoto,30,1226,0,0,0,0
Rei Sakamoto,32,1228,0,0,0,0
Rei Sakamoto,33,1229,0,0,0,0
Rei Sakamoto,34,1230,0,0,0,0
Rei Sakamoto,38,1234,0,0,0,0
Rei Sakamoto,39,1235,0,0,0,0
Reilly Opelka,52,1196,0,0,300,0
Reilly Opelka,1,1196,0,0,0,0
Reilly Opelka,2,1197,0,0,0,0
Reilly Opelka,2,1198,0,0,45,0
Reilly Opelka,5,1200,0,0,0,0
Reilly Opelka,6,1201,0,0,90,0
Reilly Opelka,7,1202,0,0,45,0
Reilly Opelka,8,1203,0,0,0,0
Reilly Opelka,9,1204,0,0,0,0
Reilly Opelka,10,1206,0,0,10,0
Reilly Opelka,12,1208,0,0,45,0
Reilly Opelka,14,1209,0,0,0,0
Reilly Opelka,14,1210,0,0,0,0
Reilly Opelka,16,1211,20,0,0,0
Reilly Opelka,17,1213,25,0,0,0
Reilly Opelka,19,1215,10,0,0,0
Reilly Opelka,20,1216,0,0,0,0
Reilly Opelka,21,1217,45,0,0,0
Reilly Opelka,24,1219,0,180,0,0
Reilly Opelka,25,1220,0,45,0,0
Reilly Opelka,26,1221,0,45,0,0
Reilly Opelka,25,1221,0,0,0,0
Reilly Opelka,27,1222,0,45,0,0
Reilly Opelka,29,1224,0,0,0,0
Reilly Opelka,30,1225,0,0,20,0
Reilly Opelka,29,1225,0,0,0,0
Reilly Opelka,30,1226,0,0,45,0
Reilly Opelka,32,1228,0,0,45,0
Reilly Opelka,33,1229,0,0,0,0
Reilly Opelka,34,1230,0,0,10,0
Reilly Opelka,38,1234,0,0,0,0
Reilly Opelka,39,1235,0,0,0,0
Richard Gasquet,52,1196,0,0,0,0
Richard Gasquet,1,1196,0,0,0,0
Richard Gasquet,2,1197,0,0,0,0
Richard Gasquet,2,1198,0,0,0,0
Richard Gasquet,5,1200,0,0,45,0
Richard Gasquet,6,1201,0,0,0,0
Richard Gasquet,7,1202,0,0,20,0
Richard Gasquet,8,1203,0,0,0,0
Richard Gasquet,9,1204,0,0,0,0
Richard Gasquet,10,1206,0,0,0,0
Richard Gasquet,12,1208,0,0,0,0
Richard Gasquet,14,1209,45,0,0,0
Richard Gasquet,14,1210,45,0,0,0
Richard Gasquet,16,1211,0,0,0,0
Richard Gasquet,17,1213,0,0,0,0
Richard Gasquet,19,1215,0,0,0,0
Richard Gasquet,20,1216,0,0,0,0
Richard Gasquet,21,1217,45,0,0,0
Richard Gasquet,24,1219,0,0,0,0
Richard Gasquet,25,1220,0,0,0,0
Richard Gasquet,26,1221,0,0,0,0
Richard Gasquet,25,1221,0,0,0,0
Richard Gasquet,27,1222,0,0,0,0
Richard Gasquet,29,1224,0,0,0,0
Richard Gasquet,30,1225,0,0,0,0
Richard Gasquet,29,1225,0,0,0,0
Richard Gasquet,30,1226,0,0,0,0
Richard Gasquet,32,1228,0,0,0,0
Richard Gasquet,33,1229,0,0,0,0
Richard Gasquet,34,1230,0,0,0,0
Richard Gasquet,38,1234,0,0,0,0
Richard Gasquet,39,1235,0,0,0,0
Rinky Hijikata,52,1196,0,0,20,0
Rinky Hijikata,1,1196,0,0,0,0
Rinky Hijikata,2,1197,0,0,90,0
Rinky Hijikata,2,1198,0,0,10,0
Rinky Hijikata,5,1200,0,0,0,0
Rinky Hijikata,6,1201,0,0,45,0
Rinky Hijikata,7,1202,0,0,20,0
Rinky Hijikata,8,1203,0,0,0,0
Rinky Hijikata,9,1204,0,0,20,0
Rinky Hijikata,10,1206,0,0,25,0
Rinky Hijikata,12,1208,0,0,25,0
Rinky Hijikata,14,1209,20,0,0,0
Rinky Hijikata,14,1210,0,0,0,0
Rinky Hijikata,16,1211,0,0,0,0
Rinky Hijikata,17,1213,10,0,0,0
Rinky Hijikata,19,1215,10,0,0,0
Rinky Hijikata,20,1216,0,0,0,0
Rinky Hijikata,21,1217,10,0,0,0
Rinky Hijikata,24,1219,0,20,0,0
Rinky Hijikata,25,1220,0,0,0,0
Rinky Hijikata,26,1221,0,0,0,0
Rinky Hijikata,25,1221,0,20,0,0
Rinky Hijikata,27,1222,0,45,0,0
Rinky Hijikata,29,1224,0,0,0,0
Rinky Hijikata,30,1225,0,0,0,0
Rinky Hijikata,29,1225,0,0,0,0
Rinky Hijikata,30,1226,0,0,0,0
Rinky Hijikata,32,1228,0,0,0,0
Rinky Hijikata,33,1229,0,0,0,0
Rinky Hijikata,34,1230,0,0,10,0
Rinky Hijikata,38,1234,0,0,45,0
Rinky Hijikata,39,1235,0,0,0,0
Roberto Bautista Agut,52,1196,0,0,0,0
Roberto Bautista Agut,1,1196,0,0,0,0
Roberto Bautista Agut,2,1197,0,0,20,0
Roberto Bautista Agut,2,1198,0,0,10,0
Roberto Bautista Agut,5,1200,0,0,0,0
Roberto Bautista Agut,6,1201,0,0,20,0
Roberto Bautista Agut,7,1202,0,0,0,0
Roberto Bautista Agut,8,1203,0,0,20,0
Roberto Bautista Agut,9,1204,0,0,45,0
Roberto Bautista Agut,10,1206,0,0,10,0
Roberto Bautista Agut,12,1208,0,0,10,0
Roberto Bautista Agut,14,1209,45,0,0,0
Roberto Bautista Agut,14,1210,45,0,0,0
Roberto Bautista Agut,16,1211,20,0,0,0
Roberto Bautista Agut,17,1213,25,0,0,0
Roberto Bautista Agut,19,1215,25,0,0,0
Roberto Bautista Agut,20,1216,90,0,0,0
Roberto Bautista Agut,21,1217,10,0,0,0
Roberto Bautista Agut,24,1219,0,20,0,0
Roberto Bautista Agut,25,1220,0,180,0,0
Roberto Bautista Agut,26,1221,0,0,0,0
Roberto Bautista Agut,25,1221,0,90,0,0
Roberto Bautista Agut,27,1222,0,10,0,0
Roberto Bautista Agut,29,1224,0,0,0,0
Roberto Bautista Agut,30,1225,45,0,0,0
Roberto Bautista Agut,29,1225,0,0,0,0
Roberto Bautista Agut,30,1226,0,0,0,0
Roberto Bautista Agut,32,1228,0,0,45,0
Roberto Bautista Agut,33,1229,0,0,45,0
Roberto Bautista Agut,34,1230,0,0,10,0
Roberto Bautista Agut,38,1234,0,0,0,0
Roberto Bautista Agut,39,1235,0,0,0,0
Roberto Carballes Baena,52,1196,0,0,0,0
Roberto Carballes Baena,1,1196,0,0,20,0
Roberto Carballes Baena,2,1197,0,0,90,0
Roberto Carballes Baena,2,1198,0,0,90,0
Roberto Carballes Baena,5,1200,0,0,0,0
Roberto Carballes Baena,6,1201,0,0,20,0
Roberto Carballes Baena,7,1202,20,0,0,0
Roberto Carballes Baena,8,1203,20,0,0,0
Roberto Carballes Baena,9,1204,0,0,20,0
Roberto Carballes Baena,10,1206,0,0,10,0
Roberto Carballes Baena,12,1208,0,0,25,0
Roberto Carballes Baena,14,1209,180,0,0,0
Roberto Carballes Baena,14,1210,0,0,0,0
Roberto Carballes Baena,16,1211,20,0,0,0
Roberto Carballes Baena,17,1213,0,0,0,0
Roberto Carballes Baena,19,1215,10,0,0,0
Roberto Carballes Baena,20,1216,0,0,0,0
Roberto Carballes Baena,21,1217,0,0,0,0
Roberto Carballes Baena,24,1219,0,0,0,0
Roberto Carballes Baena,25,1220,0,0,0,0
Roberto Carballes Baena,26,1221,0,0,0,0
Roberto Carballes Baena,25,1221,0,0,0,0
Roberto Carballes Baena,27,1222,0,10,0,0
Roberto Carballes Baena,29,1224,45,0,0,0
Roberto Carballes Baena,30,1225,0,0,0,0
Roberto Carballes Baena,29,1225,20,0,0,0
Roberto Carballes Baena,30,1226,0,0,25,0
Roberto Carballes Baena,32,1228,0,0,25,0
Roberto Carballes Baena,33,1229,0,0,0,0
Roberto Carballes Baena,34,1230,0,0,10,0
Roberto Carballes Baena,38,1234,0,0,0,0
Roberto Carballes Baena,39,1235,0,0,0,0
Rodrigo Pacheco Mendez,52,1196,0,0,0,0
Rodrigo Pacheco Mendez,1,1196,0,0,0,0
Rodrigo Pacheco Mendez,2,1197,0,0,0,0
Rodrigo Pacheco Mendez,2,1198,0,0,0,0
Rodrigo Pacheco Mendez,5,1200,0,0,0,0
Rodrigo Pacheco Mendez,6,1201,0,0,0,0
Rodrigo Pacheco Mendez,7,1202,0,0,0,0
Rodrigo Pacheco Mendez,8,1203,0,0,0,0
Rodrigo Pacheco Mendez,9,1204,0,0,90,0
Rodrigo Pacheco Mendez,10,1206,0,0,0,0
Rodrigo Pacheco Mendez,12,1208,0,0,0,0
Rodrigo Pacheco Mendez,14,1209,0,0,0,0
Rodrigo Pacheco Mendez,14,1210,0,0,0,0
Rodrigo Pacheco Mendez,16,1211,0,0,0,0
Rodrigo Pacheco Mendez,17,1213,0,0,0,0
Rodrigo Pacheco Mendez,19,1215,0,0,0,0
Rodrigo Pacheco Mendez,20,1216,0,0,0,0
Rodrigo Pacheco Mendez,21,1217,0,0,0,0
Rodrigo Pacheco Mendez,24,1219,0,0,0,0
Rodrigo Pacheco Mendez,25,1220,0,0,0,0
Rodrigo Pacheco Mendez,26,1221,0,0,0,0
Rodrigo Pacheco Mendez,25,1221,0,0,0,0
Rodrigo Pacheco Mendez,27,1222,0,0,0,0
Rodrigo Pacheco Mendez,29,1224,0,0,20,0
Rodrigo Pacheco Mendez,30,1225,0,0,0,0
Rodrigo Pacheco Mendez,29,1225,0,0,0,0
Rodrigo Pacheco Mendez,30,1226,0,0,0,0
Rodrigo Pacheco Mendez,32,1228,0,0,0,0
Rodrigo Pacheco Mendez,33,1229,0,0,0,0
Rodrigo Pacheco Mendez,34,1230,0,0,0,0
Rodrigo Pacheco Mendez,38,1234,0,0,0,0
Rodrigo Pacheco Mendez,39,1235,0,0,0,0
Roman Andres Burruchaga,52,1196,0,0,0,0
Roman Andres Burruchaga,1,1196,0,0,0,0
Roman Andres Burruchaga,2,1197,0,0,0,0
Roman Andres Burruchaga,2,1198,0,0,0,0
Roman Andres Burruchaga,5,1200,0,0,0,0
Roman Andres Burruchaga,6,1201,0,0,0,0
Roman Andres Burruchaga,7,1202,20,0,0,0
Roman Andres Burruchaga,8,1203,20,0,0,0
Roman Andres Burruchaga,9,1204,0,0,0,0
Roman Andres Burruchaga,10,1206,0,0,0,0
Roman Andres Burruchaga,12,1208,0,0,0,0
Roman Andres Burruchaga,14,1209,0,0,0,0
Roman Andres Burruchaga,14,1210,0,0,0,0
Roman Andres Burruchaga,16,1211,0,0,0,0
Roman Andres Burruchaga,17,1213,0,0,0,0
Roman Andres Burruchaga,19,1215,25,0,0,0
Roman Andres Burruchaga,20,1216,0,0,0,0
Roman Andres Burruchaga,21,1217,0,0,0,0
Roman Andres Burruchaga,24,1219,0,0,0,0
Roman Andres Burruchaga,25,1220,0,0,0,0
Roman Andres Burruchaga,26,1221,0,0,0,0
Roman Andres Burruchaga,25,1221,0,0,0,0
Roman Andres Burruchaga,27,1222,0,0,0,0
Roman Andres Burruchaga,29,1224,90,0,0,0
Roman Andres Burruchaga,30,1225,0,0,0,0
Roman Andres Burruchaga,29,1225,0,0,0,0
Roman Andres Burruchaga,30,1226,0,0,0,0
Roman Andres Burruchaga,32,1228,0,0,0,0
Roman Andres Burruchaga,33,1229,0,0,0,0
Roman Andres Burruchaga,34,1230,0,0,0,0
Roman Andres Burruchaga,38,1234,0,0,0,0
Roman Andres Burruchaga,39,1235,0,0,0,0
Roman Safiullin,52,1196,0,0,0,0
Roman Safiullin,1,1196,0,0,20,0
Roman Safiullin,2,1197,0,0,20,0
Roman Safiullin,2,1198,0,0,10,0
Roman Safiullin,5,1200,0,0,0,0
Roman Safiullin,6,1201,0,0,0,0
Roman Safiullin,7,1202,0,0,0,0
Roman Safiullin,8,1203,0,0,20,0
Roman Safiullin,9,1204,0,0,20,0
Roman Safiullin,10,1206,0,0,25,0
Roman Safiullin,12,1208,0,0,45,0
Roman Safiullin,14,1209,0,0,0,0
Roman Safiullin,14,1210,0,0,0,0
Roman Safiullin,16,1211,0,0,0,0
Roman Safiullin,17,1213,10,0,0,0
Roman Safiullin,19,1215,10,0,0,0
Roman Safiullin,20,1216,0,0,0,0
Roman Safiullin,21,1217,10,0,0,0
Roman Safiullin,24,1219,0,20,0,0
Roman Safiullin,25,1220,0,0,0,0
Roman Safiullin,26,1221,0,0,0,0
Roman Safiullin,25,1221,0,45,0,0
Roman Safiullin,27,1222,0,10,0,0
Roman Safiullin,29,1224,0,0,0,0
Roman Safiullin,30,1225,0,0,0,0
Roman Safiullin,29,1225,0,0,0,0
Roman Safiullin,30,1226,0,0,25,0
Roman Safiullin,32,1228,0,0,25,0
Roman Safiullin,33,1229,0,0,0,0
Roman Safiullin,34,1230,0,0,45,0
Roman Safiullin,38,1234,0,0,0,0
Roman Safiullin,39,1235,0,0,0,0
Sebastian Baez,52,1196,0,0,0,0
Sebastian Baez,1,1196,0,0,0,0
Sebastian Baez,2,1197,0,0,45,0
Sebastian Baez,2,1198,0,0,10,0
Sebastian Baez,5,1200,0,0,0,0
Sebastian Baez,6,1201,0,0,0,0
Sebastian Baez,7,1202,45,0,0,0
Sebastian Baez,8,1203,500,0,0,0
Sebastian Baez,9,1204,300,0,0,0
Sebastian Baez,10,1206,0,0,10,0
Sebastian Baez,12,1208,0,0,10,0
Sebastian Baez,14,1209,300,0,0,0
Sebastian Baez,14,1210,25,0,0,0
Sebastian Baez,16,1211,45,0,0,0
Sebastian Baez,17,1213,25,0,0,0
Sebastian Baez,19,1215,25,0,0,0
Sebastian Baez,20,1216,20,0,0,0
Sebastian Baez,21,1217,10,0,0,0
Sebastian Baez,24,1219,0,0,0,0
Sebastian Baez,25,1220,0,0,0,0
Sebastian Baez,26,1221,0,0,0,0
Sebastian Baez,25,1221,0,0,0,0
Sebastian Baez,27,1222,0,10,0,0
Sebastian Baez,29,1224,90,0,0,0
Sebastian Baez,30,1225,45,0,0,0
Sebastian Baez,29,1225,0,0,0,0
Sebastian Baez,30,1226,0,0,0,0
Sebastian Baez,32,1228,0,0,25,0
Sebastian Baez,33,1229,0,0,45,0
Sebastian Baez,34,1230,0,0,10,0
Sebastian Baez,38,1234,0,0,0,0
Sebastian Baez,39,1235,0,0,20,0
Sebastian Korda,52,1196,0,0,0,0
Sebastian Korda,1,1196,0,0,0,0
Sebastian Korda,2,1197,0,0,300,0
Sebastian Korda,2,1198,0,0,45,0
Sebastian Korda,5,1200,0,0,0,0
Sebastian Korda,6,1201,0,0,0,0
Sebastian Korda,7,1202,0,0,20,0
Sebastian Korda,8,1203,0,0,0,0
Sebastian Korda,9,1204,0,0,0,0
Sebastian Korda,10,1206,0,0,25,0
Sebastian Korda,12,1208,0,0,180,0
Sebastian Korda,14,1209,0,0,0,0
Sebastian Korda,14,1210,25,0,0,0
Sebastian Korda,16,1211,45,0,0,0
Sebastian Korda,17,1213,45,0,0,0
Sebastian Korda,19,1215,45,0,0,0
Sebastian Korda,20,1216,0,0,0,0
Sebastian Korda,21,1217,90,0,0,0
Sebastian Korda,24,1219,0,0,0,0
Sebastian Korda,25,1220,0,0,0,0
Sebastian Korda,26,1221,0,0,0,0
Sebastian Korda,25,1221,0,0,0,0
Sebastian Korda,27,1222,0,0,0,0
Sebastian Korda,29,1224,0,0,0,0
Sebastian Korda,30,1225,0,0,0,0
Sebastian Korda,29,1225,0,0,0,0
Sebastian Korda,30,1226,0,0,0,0
Sebastian Korda,32,1228,0,0,0,0
Sebastian Korda,33,1229,0,0,180,0
Sebastian Korda,34,1230,0,0,10,0
Sebastian Korda,38,1234,0,0,45,0
Sebastian Korda,39,1235,0,0,90,0
Sebastian Ofner,52,1196,0,0,0,0
Sebastian Ofner,1,1196,0,0,0,0
Sebastian Ofner,2,1197,0,0,0,0
Sebastian Ofner,2,1198,0,0,0,0
Sebastian Ofner,5,1200,0,0,0,0
Sebastian Ofner,6,1201,0,0,0,0
Sebastian Ofner,7,1202,0,0,0,0
Sebastian Ofner,8,1203,0,0,0,0
Sebastian Ofner,9,1204,0,0,0,0
Sebastian Ofner,10,1206,0,0,0,0
Sebastian Ofner,12,1208,0,0,0,0
Sebastian Ofner,14,1209,0,0,0,0
Sebastian Ofner,14,1210,0,0,0,0
Sebastian Ofner,16,1211,0,0,0,0
Sebastian Ofner,17,1213,25,0,0,0
Sebastian Ofner,19,1215,45,0,0,0
Sebastian Ofner,20,1216,180,0,0,0
Sebastian Ofner,21,1217,45,0,0,0
Sebastian Ofner,24,1219,0,0,0,0
Sebastian Ofner,25,1220,0,20,0,0
Sebastian Ofner,26,1221,0,0,0,0
Sebastian Ofner,25,1221,0,0,0,0
Sebastian Ofner,27,1222,0,90,0,0
Sebastian Ofner,29,1224,20,0,0,0
Sebastian Ofner,30,1225,20,0,0,0
Sebastian Ofner,29,1225,0,0,0,0
Sebastian Ofner,30,1226,0,0,10,0
Sebastian Ofner,32,1228,0,0,10,0
Sebastian Ofner,33,1229,0,0,0,0
Sebastian Ofner,34,1230,0,0,10,0
Sebastian Ofner,38,1234,0,0,0,0
Sebastian Ofner,39,1235,0,0,0,0
Shintaro Mochizuki,52,1196,0,0,0,0
Shintaro Mochizuki,1,1196,0,0,0,0
Shintaro Mochizuki,2,1197,0,0,0,0
Shintaro Mochizuki,2,1198,0,0,0,0
Shintaro Mochizuki,5,1200,0,0,0,0
Shintaro Mochizuki,6,1201,0,0,0,0
Shintaro Mochizuki,7,1202,0,0,0,0
Shintaro Mochizuki,8,1203,0,0,0,0
Shintaro Mochizuki,9,1204,0,0,0,0
Shintaro Mochizuki,10,1206,0,0,0,0
Shintaro Mochizuki,12,1208,0,0,0,0
Shintaro Mochizuki,14,1209,0,0,0,0
Shintaro Mochizuki,14,1210,0,0,0,0
Shintaro Mochizuki,16,1211,0,0,0,0
Shintaro Mochizuki,17,1213,0,0,0,0
Shintaro Mochizuki,19,1215,0,0,0,0
Shintaro Mochizuki,20,1216,0,0,0,0
Shintaro Mochizuki,21,1217,0,0,0,0
Shintaro Mochizuki,24,1219,0,0,0,0
Shintaro Mochizuki,25,1220,0,0,0,0
Shintaro Mochizuki,26,1221,0,0,0,0
Shintaro Mochizuki,25,1221,0,0,0,0
Shintaro Mochizuki,27,1222,0,45,0,0
Shintaro Mochizuki,29,1224,0,0,0,0
Shintaro Mochizuki,30,1225,0,0,0,0
Shintaro Mochizuki,29,1225,0,0,0,0
Shintaro Mochizuki,30,1226,0,0,10,0
Shintaro Mochizuki,32,1228,0,0,0,0
Shintaro Mochizuki,33,1229,0,0,0,0
Shintaro Mochizuki,34,1230,0,0,45,0
Shintaro Mochizuki,38,1234,0,0,0,0
Shintaro Mochizuki,39,1235,0,0,20,0
Sho Shimabukuro,52,1196,0,0,0,0
Sho Shimabukuro,1,1196,0,0,0,0
Sho Shimabukuro,2,1197,0,0,0,0
Sho Shimabukuro,2,1198,0,0,0,0
Sho Shimabukuro,5,1200,0,0,0,0
Sho Shimabukuro,6,1201,0,0,0,0
Sho Shimabukuro,7,1202,0,0,0,0
Sho Shimabukuro,8,1203,0,0,0,0
Sho Shimabukuro,9,1204,0,0,0,0
Sho Shimabukuro,10,1206,0,0,0,0
Sho Shimabukuro,12,1208,0,0,0,0
Sho Shimabukuro,14,1209,0,0,0,0
Sho Shimabukuro,14,1210,0,0,0,0
Sho Shimabukuro,16,1211,0,0,0,0
Sho Shimabukuro,17,1213,0,0,0,0
Sho Shimabukuro,19,1215,0,0,0,0
Sho Shimabukuro,20,1216,0,0,0,0
Sho Shimabukuro,21,1217,0,0,0,0
Sho Shimabukuro,24,1219,0,0,0,0
Sho Shimabukuro,25,1220,0,0,0,0
Sho Shimabukuro,26,1221,0,0,0,0
Sho Shimabukuro,25,1221,0,0,0,0
Sho Shimabukuro,27,1222,0,0,0,0
Sho Shimabukuro,29,1224,0,0,0,0
Sho Shimabukuro,30,1225,0,0,0,0
Sho Shimabukuro,29,1225,0,0,0,0
Sho Shimabukuro,30,1226,0,0,0,0
Sho Shimabukuro,32,1228,0,0,0,0
Sho Shimabukuro,33,1229,0,0,0,0
Sho Shimabukuro,34,1230,0,0,0,0
Sho Shimabukuro,38,1234,0,0,0,0
Sho Shimabukuro,39,1235,0,0,45,0
Stan Wawrinka,52,1196,0,0,0,0
Stan Wawrinka,1,1196,0,0,0,0
Stan Wawrinka,2,1197,0,0,0,0
Stan Wawrinka,2,1198,0,0,10,0
Stan Wawrinka,5,1200,0,0,20,0
Stan Wawrinka,6,1201,0,0,20,0
Stan Wawrinka,7,1202,0,0,20,0
Stan Wawrinka,8,1203,0,0,0,0
Stan Wawrinka,9,1204,0,0,0,0
Stan Wawrinka,10,1206,0,0,0,0
Stan Wawrinka,12,1208,0,0,0,0
Stan Wawrinka,14,1209,45,0,0,0
Stan Wawrinka,14,1210,25,0,0,0
Stan Wawrinka,16,1211,20,0,0,0
Stan Wawrinka,17,1213,0,0,0,0
Stan Wawrinka,19,1215,0,0,0,0
Stan Wawrinka,20,1216,0,0,0,0
Stan Wawrinka,21,1217,10,0,0,0
Stan Wawrinka,24,1219,0,0,0,0
Stan Wawrinka,25,1220,0,0,0,0
Stan Wawrinka,26,1221,0,0,0,0
Stan Wawrinka,25,1221,0,0,0,0
Stan Wawrinka,27,1222,0,0,0,0
Stan Wawrinka,29,1224,20,0,0,0
Stan Wawrinka,30,1225,0,0,0,0
Stan Wawrinka,29,1225,45,0,0,0
Stan Wawrinka,30,1226,0,0,0,0
Stan Wawrinka,32,1228,0,0,0,0
Stan Wawrinka,33,1229,0,0,0,0
Stan Wawrinka,34,1230,0,0,0,0
Stan Wawrinka,38,1234,0,0,0,0
Stan Wawrinka,39,1235,0,0,0,0
Stefan Dostanic,52,1196,0,0,0,0
Stefan Dostanic,1,1196,0,0,0,0
Stefan Dostanic,2,1197,0,0,0,0
Stefan Dostanic,2,1198,0,0,0,0
Stefan Dostanic,5,1200,0,0,0,0
Stefan Dostanic,6,1201,0,0,0,0
Stefan Dostanic,7,1202,0,0,0,0
Stefan Dostanic,8,1203,0,0,0,0
Stefan Dostanic,9,1204,0,0,0,0
Stefan Dostanic,10,1206,0,0,0,0
Stefan Dostanic,12,1208,0,0,0,0
Stefan Dostanic,14,1209,0,0,0,0
Stefan Dostanic,14,1210,0,0,0,0
Stefan Dostanic,16,1211,0,0,0,0
Stefan Dostanic,17,1213,0,0,0,0
Stefan Dostanic,19,1215,0,0,0,0
Stefan Dostanic,20,1216,0,0,0,0
Stefan Dostanic,21,1217,0,0,0,0
Stefan Dostanic,24,1219,0,0,0,0
Stefan Dostanic,25,1220,0,0,0,0
Stefan Dostanic,26,1221,0,0,0,0
Stefan Dostanic,25,1221,0,0,0,0
Stefan Dostanic,27,1222,0,0,0,0
Stefan Dostanic,29,1224,0,0,0,0
Stefan Dostanic,30,1225,0,0,0,0
Stefan Dostanic,29,1225,0,0,0,0
Stefan Dostanic,30,1226,0,0,0,0
Stefan Dostanic,32,1228,0,0,0,0
Stefan Dostanic,33,1229,0,0,20,0
Stefan Dostanic,34,1230,0,0,10,0
Stefan Dostanic,38,1234,0,0,0,0
Stefan Dostanic,39,1235,0,0,0,0
Stefanos Tsitsipas,52,1196,0,0,0,0
Stefanos Tsitsipas,1,1196,0,0,0,0
Stefanos Tsitsipas,2,1197,0,0,0,0
Stefanos Tsitsipas,2,1198,0,0,10,0
Stefanos Tsitsipas,5,1200,0,0,0,0
Stefanos Tsitsipas,6,1201,0,0,90,0
Stefanos Tsitsipas,7,1202,0,0,0,0
Stefanos Tsitsipas,8,1203,0,0,20,0
Stefanos Tsitsipas,9,1204,0,0,500,0
Stefanos Tsitsipas,10,1206,0,0,90,0
Stefanos Tsitsipas,12,1208,0,0,45,0
Stefanos Tsitsipas,14,1209,0,0,0,0
Stefanos Tsitsipas,14,1210,180,0,0,0
Stefanos Tsitsipas,16,1211,90,0,0,0
Stefanos Tsitsipas,17,1213,45,0,0,0
Stefanos Tsitsipas,19,1215,45,0,0,0
Stefanos Tsitsipas,20,1216,0,0,0,0
Stefanos Tsitsipas,21,1217,45,0,0,0
Stefanos Tsitsipas,24,1219,0,0,0,0
Stefanos Tsitsipas,25,1220,0,45,0,0
Stefanos Tsitsipas,26,1221,0,0,0,0
Stefanos Tsitsipas,25,1221,0,0,0,0
Stefanos Tsitsipas,27,1222,0,10,0,0
Stefanos Tsitsipas,29,1224,0,0,0,0
Stefanos Tsitsipas,30,1225,0,0,0,0
Stefanos Tsitsipas,29,1225,0,0,0,0
Stefanos Tsitsipas,30,1226,0,0,25,0
Stefanos Tsitsipas,32,1228,0,0,45,0
Stefanos Tsitsipas,33,1229,0,0,20,0
Stefanos Tsitsipas,34,1230,0,0,45,0
Stefanos Tsitsipas,38,1234,0,0,0,0
Stefanos Tsitsipas,39,1235,0,0,0,0
Sumit Nagal,52,1196,0,0,0,0
Sumit Nagal,1,1196,0,0,0,0
Sumit Nagal,2,1197,0,0,20,0
Sumit Nagal,2,1198,0,0,10,0
Sumit Nagal,5,1200,0,0,0,0
Sumit Nagal,6,1201,0,0,0,0
Sumit Nagal,7,1202,20,0,0,0
Sumit Nagal,8,1203,0,0,0,0
Sumit Nagal,9,1204,0,0,0,0
Sumit Nagal,10,1206,0,0,0,0
Sumit Nagal,12,1208,0,0,0,0
Sumit Nagal,14,1209,0,0,0,0
Sumit Nagal,14,1210,0,0,0,0
Sumit Nagal,16,1211,0,0,0,0
Sumit Nagal,17,1213,0,0,0,0
Sumit Nagal,19,1215,0,0,0,0
Sumit Nagal,20,1216,0,0,0,0
Sumit Nagal,21,1217,0,0,0,0
Sumit Nagal,24,1219,0,0,0,0
Sumit Nagal,25,1220,0,0,0,0
Sumit Nagal,26,1221,0,0,0,0
Sumit Nagal,25,1221,0,0,0,0
Sumit Nagal,27,1222,0,0,0,0
Sumit Nagal,29,1224,0,0,0,0
Sumit Nagal,30,1225,0,0,0,0
Sumit Nagal,29,1225,0,0,0,0
Sumit Nagal,30,1226,0,0,0,0
Sumit Nagal,32,1228,0,0,0,0
Sumit Nagal,33,1229,0,0,0,0
Sumit Nagal,34,1230,0,0,0,0
Sumit Nagal,38,1234,0,0,0,0
Sumit Nagal,39,1235,0,0,0,0
Taha Baadi,52,1196,0,0,0,0
Taha Baadi,1,1196,0,0,0,0
Taha Baadi,2,1197,0,0,0,0
Taha Baadi,2,1198,0,0,0,0
Taha Baadi,5,1200,0,0,0,0
Taha Baadi,6,1201,0,0,0,0
Taha Baadi,7,1202,0,0,0,0
Taha Baadi,8,1203,0,0,0,0
Taha Baadi,9,1204,0,0,0,0
Taha Baadi,10,1206,0,0,0,0
Taha Baadi,12,1208,0,0,0,0
Taha Baadi,14,1209,20,0,0,0
Taha Baadi,14,1210,0,0,0,0
Taha Baadi,16,1211,0,0,0,0
Taha Baadi,17,1213,0,0,0,0
Taha Baadi,19,1215,0,0,0,0
Taha Baadi,20,1216,0,0,0,0
Taha Baadi,21,1217,0,0,0,0
Taha Baadi,24,1219,0,0,0,0
Taha Baadi,25,1220,0,0,0,0
Taha Baadi,26,1221,0,0,0,0
Taha Baadi,25,1221,0,0,0,0
Taha Baadi,27,1222,0,0,0,0
Taha Baadi,29,1224,0,0,0,0
Taha Baadi,30,1225,0,0,0,0
Taha Baadi,29,1225,0,0,0,0
Taha Baadi,30,1226,0,0,0,0
Taha Baadi,32,1228,0,0,0,0
Taha Baadi,33,1229,0,0,0,0
Taha Baadi,34,1230,0,0,0,0
Taha Baadi,38,1234,0,0,0,0
Taha Baadi,39,1235,0,0,0,0
Tallon Griekspoor,52,1196,0,0,0,0
Tallon Griekspoor,1,1196,0,0,0,0
Tallon Griekspoor,2,1197,0,0,0,0
Tallon Griekspoor,2,1198,0,0,10,0
Tallon Griekspoor,5,1200,0,0,90,0
Tallon Griekspoor,6,1201,0,0,45,0
Tallon Griekspoor,7,1202,0,0,0,0
Tallon Griekspoor,8,1203,0,0,45,0
Tallon Griekspoor,9,1204,0,0,180,0
Tallon Griekspoor,10,1206,0,0,180,0
Tallon Griekspoor,12,1208,0,0,0,0
Tallon Griekspoor,14,1209,300,0,0,0
Tallon Griekspoor,14,1210,25,0,0,0
Tallon Griekspoor,16,1211,90,0,0,0
Tallon Griekspoor,17,1213,25,0,0,0
Tallon Griekspoor,19,1215,25,0,0,0
Tallon Griekspoor,20,1216,0,0,0,0
Tallon Griekspoor,21,1217,180,0,0,0
Tallon Griekspoor,24,1219,0,0,0,0
Tallon Griekspoor,25,1220,0,0,0,0
Tallon Griekspoor,26,1221,0,0,0,0
Tallon Griekspoor,25,1221,0,500,0,0
Tallon Griekspoor,27,1222,0,10,0,0
Tallon Griekspoor,29,1224,90,0,0,0
Tallon Griekspoor,30,1225,0,0,0,0
Tallon Griekspoor,29,1225,0,0,0,0
Tallon Griekspoor,30,1226,0,0,25,0
Tallon Griekspoor,32,1228,0,0,25,0
Tallon Griekspoor,33,1229,0,0,20,0
Tallon Griekspoor,34,1230,0,0,10,0
Tallon Griekspoor,38,1234,0,0,45,0
Tallon Griekspoor,39,1235,0,0,20,0
Taro Daniel,52,1196,0,0,0,0
Taro Daniel,1,1196,0,0,0,0
Taro Daniel,2,1197,0,0,0,0
Taro Daniel,2,1198,0,0,10,0
Taro Daniel,5,1200,0,0,0,0
Taro Daniel,6,1201,0,0,20,0
Taro Daniel,7,1202,0,0,20,0
Taro Daniel,8,1203,0,0,0,0
Taro Daniel,9,1204,0,0,0,0
Taro Daniel,10,1206,0,0,0,0
Taro Daniel,12,1208,0,0,0,0
Taro Daniel,14,1209,20,0,0,0
Taro Daniel,14,1210,0,0,0,0
Taro Daniel,16,1211,0,0,0,0
Taro Daniel,17,1213,0,0,0,0
Taro Daniel,19,1215,0,0,0,0
Taro Daniel,20,1216,0,0,0,0
Taro Daniel,21,1217,0,0,0,0
Taro Daniel,24,1219,0,0,0,0
Taro Daniel,25,1220,0,0,0,0
Taro Daniel,26,1221,0,0,0,0
Taro Daniel,25,1221,0,0,0,0
Taro Daniel,27,1222,0,0,0,0
Taro Daniel,29,1224,0,0,20,0
Taro Daniel,30,1225,0,0,0,0
Taro Daniel,29,1225,0,0,0,0
Taro Daniel,30,1226,0,0,0,0
Taro Daniel,32,1228,0,0,0,0
Taro Daniel,33,1229,0,0,0,0
Taro Daniel,34,1230,0,0,0,0
Taro Daniel,38,1234,0,0,90,0
Taro Daniel,39,1235,0,0,0,0
Taylor Fritz,52,1196,0,0,0,0
Taylor Fritz,1,1196,0,0,0,0
Taylor Fritz,2,1197,0,0,0,0
Taylor Fritz,2,1198,0,0,90,0
Taylor Fritz,5,1200,0,0,0,0
Taylor Fritz,6,1201,0,0,45,0
Taylor Fritz,7,1202,0,0,90,0
Taylor Fritz,8,1203,0,0,0,0
Taylor Fritz,9,1204,0,0,0,0
Taylor Fritz,10,1206,0,0,90,0
Taylor Fritz,12,1208,0,0,360,0
Taylor Fritz,14,1209,0,0,0,0
Taylor Fritz,14,1210,0,0,0,0
Taylor Fritz,16,1211,0,0,0,0
Taylor Fritz,17,1213,90,0,0,0
Taylor Fritz,19,1215,25,0,0,0
Taylor Fritz,20,1216,90,0,0,0
Taylor Fritz,21,1217,10,0,0,0
Taylor Fritz,24,1219,0,500,0,0
Taylor Fritz,25,1220,0,20,0,0
Taylor Fritz,26,1221,0,500,0,0
Taylor Fritz,25,1221,0,0,0,0
Taylor Fritz,27,1222,0,720,0,0
Taylor Fritz,29,1224,0,0,0,0
Taylor Fritz,30,1225,0,0,90,0
Taylor Fritz,29,1225,0,0,0,0
Taylor Fritz,30,1226,0,0,360,0
Taylor Fritz,32,1228,0,0,90,0
Taylor Fritz,33,1229,0,0,0,0
Taylor Fritz,34,1230,0,0,360,0
Taylor Fritz,38,1234,0,0,0,0
Taylor Fritz,39,1235,0,0,300,0
Terence Atmane,52,1196,0,0,0,0
Terence Atmane,1,1196,0,0,0,0
Terence Atmane,2,1197,0,0,0,0
Terence Atmane,2,1198,0,0,0,0
Terence Atmane,5,1200,0,0,0,0
Terence Atmane,6,1201,0,0,0,0
Terence Atmane,7,1202,0,0,0,0
Terence Atmane,8,1203,0,0,0,0
Terence Atmane,9,1204,0,0,0,0
Terence Atmane,10,1206,0,0,0,0
Terence Atmane,12,1208,0,0,0,0
Terence Atmane,14,1209,0,0,0,0
Terence Atmane,14,1210,0,0,0,0
Terence Atmane,16,1211,0,0,0,0
Terence Atmane,17,1213,0,0,0,0
Terence Atmane,19,1215,0,0,0,0
Terence Atmane,20,1216,0,0,0,0
Terence Atmane,21,1217,10,0,0,0
Terence Atmane,24,1219,0,0,0,0
Terence Atmane,25,1220,0,0,0,0
Terence Atmane,26,1221,0,0,0,0
Terence Atmane,25,1221,0,0,0,0
Terence Atmane,27,1222,0,0,0,0
Terence Atmane,29,1224,20,0,0,0
Terence Atmane,30,1225,0,0,0,0
Terence Atmane,29,1225,45,0,0,0
Terence Atmane,30,1226,0,0,25,0
Terence Atmane,32,1228,0,0,360,0
Terence Atmane,33,1229,0,0,0,0
Terence Atmane,34,1230,0,0,0,0
Terence Atmane,38,1234,0,0,20,0
Terence Atmane,39,1235,0,0,45,0
Thanasi Kokkinakis,52,1196,0,0,0,0
Thanasi Kokkinakis,1,1196,0,0,0,0
Thanasi Kokkinakis,2,1197,0,0,90,0
Thanasi Kokkinakis,2,1198,0,0,45,0
Thanasi Kokkinakis,5,1200,0,0,0,0
Thanasi Kokkinakis,6,1201,0,0,0,0
Thanasi Kokkinakis,7,1202,0,0,0,0
Thanasi Kokkinakis,8,1203,0,0,0,0
Thanasi Kokkinakis,9,1204,0,0,0,0
Thanasi Kokkinakis,10,1206,0,0,0,0
Thanasi Kokkinakis,12,1208,0,0,0,0
Thanasi Kokkinakis,14,1209,0,0,0,0
Thanasi Kokkinakis,14,1210,0,0,0,0
Thanasi Kokkinakis,16,1211,0,0,0,0
Thanasi Kokkinakis,17,1213,0,0,0,0
Thanasi Kokkinakis,19,1215,0,0,0,0
Thanasi Kokkinakis,20,1216,0,0,0,0
Thanasi Kokkinakis,21,1217,0,0,0,0
Thanasi Kokkinakis,24,1219,0,0,0,0
Thanasi Kokkinakis,25,1220,0,0,0,0
Thanasi Kokkinakis,26,1221,0,0,0,0
Thanasi Kokkinakis,25,1221,0,0,0,0
Thanasi Kokkinakis,27,1222,0,0,0,0
Thanasi Kokkinakis,29,1224,0,0,0,0
Thanasi Kokkinakis,30,1225,0,0,0,0
Thanasi Kokkinakis,29,1225,0,0,0,0
Thanasi Kokkinakis,30,1226,0,0,0,0
Thanasi Kokkinakis,32,1228,0,0,0,0
Thanasi Kokkinakis,33,1229,0,0,0,0
Thanasi Kokkinakis,34,1230,0,0,0,0
Thanasi Kokkinakis,38,1234,0,0,0,0
Thanasi Kokkinakis,39,1235,0,0,0,0
Thiago Agustin Tirante,52,1196,0,0,0,0
Thiago Agustin Tirante,1,1196,0,0,0,0
Thiago Agustin Tirante,2,1197,0,0,0,0
Thiago Agustin Tirante,2,1198,0,0,0,0
Thiago Agustin Tirante,5,1200,0,0,0,0
Thiago Agustin Tirante,6,1201,0,0,0,0
Thiago Agustin Tirante,7,1202,0,0,0,0
Thiago Agustin Tirante,8,1203,0,0,0,0
Thiago Agustin Tirante,9,1204,0,0,0,0
Thiago Agustin Tirante,10,1206,0,0,0,0
Thiago Agustin Tirante,12,1208,0,0,25,0
Thiago Agustin Tirante,14,1209,0,0,0,0
Thiago Agustin Tirante,14,1210,0,0,0,0
Thiago Agustin Tirante,16,1211,0,0,0,0
Thiago Agustin Tirante,17,1213,0,0,0,0
Thiago Agustin Tirante,19,1215,0,0,0,0
Thiago Agustin Tirante,20,1216,0,0,0,0
Thiago Agustin Tirante,21,1217,10,0,0,0
Thiago Agustin Tirante,24,1219,0,0,0,0
Thiago Agustin Tirante,25,1220,0,0,0,0
Thiago Agustin Tirante,26,1221,0,0,0,0
Thiago Agustin Tirante,25,1221,0,0,0,0
Thiago Agustin Tirante,27,1222,0,0,0,0
Thiago Agustin Tirante,29,1224,0,0,0,0
Thiago Agustin Tirante,30,1225,45,0,0,0
Thiago Agustin Tirante,29,1225,0,0,0,0
Thiago Agustin Tirante,30,1226,0,0,0,0
Thiago Agustin Tirante,32,1228,0,0,10,0
Thiago Agustin Tirante,33,1229,0,0,0,0
Thiago Agustin Tirante,34,1230,0,0,0,0
Thiago Agustin Tirante,38,1234,0,0,0,0
Thiago Agustin Tirante,39,1235,0,0,0,0
Thiago Monteiro,52,1196,0,0,0,0
Thiago Monteiro,1,1196,0,0,0,0
Thiago Monteiro,2,1197,0,0,0,0
Thiago Monteiro,2,1198,0,0,10,0
Thiago Monteiro,5,1200,0,0,0,0
Thiago Monteiro,6,1201,0,0,0,0
Thiago Monteiro,7,1202,0,0,0,0
Thiago Monteiro,8,1203,45,0,0,0
Thiago Monteiro,9,1204,45,0,0,0
Thiago Monteiro,10,1206,0,0,0,0
Thiago Monteiro,12,1208,0,0,0,0
Thiago Monteiro,14,1209,0,0,0,0
Thiago Monteiro,14,1210,0,0,0,0
Thiago Monteiro,16,1211,0,0,0,0
Thiago Monteiro,17,1213,0,0,0,0
Thiago Monteiro,19,1215,0,0,0,0
Thiago Monteiro,20,1216,0,0,0,0
Thiago Monteiro,21,1217,10,0,0,0
Thiago Monteiro,24,1219,0,0,0,0
Thiago Monteiro,25,1220,0,0,0,0
Thiago Monteiro,26,1221,0,0,0,0
Thiago Monteiro,25,1221,0,0,0,0
Thiago Monteiro,27,1222,0,0,0,0
Thiago Monteiro,29,1224,20,0,0,0
Thiago Monteiro,30,1225,0,0,0,0
Thiago Monteiro,29,1225,0,0,0,0
Thiago Monteiro,30,1226,0,0,0,0
Thiago Monteiro,32,1228,0,0,0,0
Thiago Monteiro,33,1229,0,0,0,0
Thiago Monteiro,34,1230,0,0,0,0
Thiago Monteiro,38,1234,0,0,0,0
Thiago Monteiro,39,1235,0,0,0,0
Thiago Seyboth Wild,52,1196,0,0,0,0
Thiago Seyboth Wild,1,1196,0,0,0,0
Thiago Seyboth Wild,2,1197,0,0,0,0
Thiago Seyboth Wild,2,1198,0,0,10,0
Thiago Seyboth Wild,5,1200,0,0,0,0
Thiago Seyboth Wild,6,1201,0,0,0,0
Thiago Seyboth Wild,7,1202,90,0,0,0
Thiago Seyboth Wild,8,1203,20,0,0,0
Thiago Seyboth Wild,9,1204,20,0,0,0
Thiago Seyboth Wild,10,1206,0,0,25,0
Thiago Seyboth Wild,12,1208,0,0,10,0
Thiago Seyboth Wild,14,1209,0,0,0,0
Thiago Seyboth Wild,14,1210,0,0,0,0
Thiago Seyboth Wild,16,1211,0,0,0,0
Thiago Seyboth Wild,17,1213,0,0,0,0
Thiago Seyboth Wild,19,1215,25,0,0,0
Thiago Seyboth Wild,20,1216,0,0,0,0
Thiago Seyboth Wild,21,1217,0,0,0,0
Thiago Seyboth Wild,24,1219,0,0,0,0
Thiago Seyboth Wild,25,1220,0,0,0,0
Thiago Seyboth Wild,26,1221,0,0,0,0
Thiago Seyboth Wild,25,1221,0,0,0,0
Thiago Seyboth Wild,27,1222,0,0,0,0
Thiago Seyboth Wild,29,1224,0,0,0,0
Thiago Seyboth Wild,30,1225,90,0,0,0
Thiago Seyboth Wild,29,1225,0,0,0,0
Thiago Seyboth Wild,30,1226,0,0,0,0
Thiago Seyboth Wild,32,1228,0,0,0,0
Thiago Seyboth Wild,33,1229,0,0,0,0
Thiago Seyboth Wild,34,1230,0,0,0,0
Thiago Seyboth Wild,38,1234,0,0,0,0
Thiago Seyboth Wild,39,1235,0,0,0,0
Timofey Skatov,52,1196,0,0,0,0
Timofey Skatov,1,1196,0,0,0,0
Timofey Skatov,2,1197,0,0,0,0
Timofey Skatov,2,1198,0,0,0,0
Timofey Skatov,5,1200,0,0,0,0
Timofey Skatov,6,1201,0,0,0,0
Timofey Skatov,7,1202,0,0,0,0
Timofey Skatov,8,1203,0,0,0,0
Timofey Skatov,9,1204,0,0,0,0
Timofey Skatov,10,1206,0,0,0,0
Timofey Skatov,12,1208,0,0,0,0
Timofey Skatov,14,1209,20,0,0,0
Timofey Skatov,14,1210,0,0,0,0
Timofey Skatov,16,1211,0,0,0,0
Timofey Skatov,17,1213,0,0,0,0
Timofey Skatov,19,1215,0,0,0,0
Timofey Skatov,20,1216,0,0,0,0
Timofey Skatov,21,1217,0,0,0,0
Timofey Skatov,24,1219,0,0,0,0
Timofey Skatov,25,1220,0,0,0,0
Timofey Skatov,26,1221,0,0,0,0
Timofey Skatov,25,1221,0,0,0,0
Timofey Skatov,27,1222,0,0,0,0
Timofey Skatov,29,1224,0,0,0,0
Timofey Skatov,30,1225,0,0,0,0
Timofey Skatov,29,1225,0,0,0,0
Timofey Skatov,30,1226,0,0,0,0
Timofey Skatov,32,1228,0,0,0,0
Timofey Skatov,33,1229,0,0,0,0
Timofey Skatov,34,1230,0,0,0,0
Timofey Skatov,38,1234,0,0,0,0
Timofey Skatov,39,1235,0,0,0,0
Titouan Droguet,52,1196,0,0,0,0
Titouan Droguet,1,1196,0,0,0,0
Titouan Droguet,2,1197,0,0,0,0
Titouan Droguet,2,1198,0,0,0,0
Titouan Droguet,5,1200,0,0,0,0
Titouan Droguet,6,1201,0,0,0,0
Titouan Droguet,7,1202,0,0,0,0
Titouan Droguet,8,1203,0,0,0,0
Titouan Droguet,9,1204,0,0,0,0
Titouan Droguet,10,1206,0,0,0,0
Titouan Droguet,12,1208,0,0,0,0
Titouan Droguet,14,1209,0,0,0,0
Titouan Droguet,14,1210,0,0,0,0
Titouan Droguet,16,1211,0,0,0,0
Titouan Droguet,17,1213,0,0,0,0
Titouan Droguet,19,1215,0,0,0,0
Titouan Droguet,20,1216,0,0,0,0
Titouan Droguet,21,1217,0,0,0,0
Titouan Droguet,24,1219,0,0,0,0
Titouan Droguet,25,1220,0,0,0,0
Titouan Droguet,26,1221,0,0,0,0
Titouan Droguet,25,1221,0,0,0,0
Titouan Droguet,27,1222,0,0,0,0
Titouan Droguet,29,1224,0,0,0,0
Titouan Droguet,30,1225,0,0,0,0
Titouan Droguet,29,1225,90,0,0,0
Titouan Droguet,30,1226,0,0,0,0
Titouan Droguet,32,1228,0,0,0,0
Titouan Droguet,33,1229,0,0,0,0
Titouan Droguet,34,1230,0,0,0,0
Titouan Droguet,38,1234,0,0,0,0
Titouan Droguet,39,1235,0,0,0,0
Tomas Barrios Vera,52,1196,0,0,0,0
Tomas Barrios Vera,1,1196,0,0,0,0
Tomas Barrios Vera,2,1197,0,0,0,0
Tomas Barrios Vera,2,1198,0,0,0,0
Tomas Barrios Vera,5,1200,0,0,0,0
Tomas Barrios Vera,6,1201,0,0,0,0
Tomas Barrios Vera,7,1202,0,0,0,0
Tomas Barrios Vera,8,1203,20,0,0,0
Tomas Barrios Vera,9,1204,20,0,0,0
Tomas Barrios Vera,10,1206,0,0,0,0
Tomas Barrios Vera,12,1208,0,0,0,0
Tomas Barrios Vera,14,1209,0,0,0,0
Tomas Barrios Vera,14,1210,0,0,0,0
Tomas Barrios Vera,16,1211,0,0,0,0
Tomas Barrios Vera,17,1213,0,0,0,0
Tomas Barrios Vera,19,1215,10,0,0,0
Tomas Barrios Vera,20,1216,0,0,0,0
Tomas Barrios Vera,21,1217,0,0,0,0
Tomas Barrios Vera,24,1219,0,0,0,0
Tomas Barrios Vera,25,1220,0,0,0,0
Tomas Barrios Vera,26,1221,0,0,0,0
Tomas Barrios Vera,25,1221,0,0,0,0
Tomas Barrios Vera,27,1222,0,0,0,0
Tomas Barrios Vera,29,1224,20,0,0,0
Tomas Barrios Vera,30,1225,0,0,0,0
Tomas Barrios Vera,29,1225,20,0,0,0
Tomas Barrios Vera,30,1226,0,0,25,0
Tomas Barrios Vera,32,1228,0,0,0,0
Tomas Barrios Vera,33,1229,0,0,0,0
Tomas Barrios Vera,34,1230,0,0,0,0
Tomas Barrios Vera,38,1234,0,0,0,0
Tomas Barrios Vera,39,1235,0,0,0,0
Tomas Machac,52,1196,0,0,0,0
Tomas Machac,1,1196,0,0,0,0
Tomas Machac,2,1197,0,0,0,0
Tomas Machac,2,1198,0,0,90,0
Tomas Machac,5,1200,0,0,0,0
Tomas Machac,6,1201,0,0,90,0
Tomas Machac,7,1202,0,0,0,0
Tomas Machac,8,1203,0,0,0,0
Tomas Machac,9,1204,0,0,500,0
Tomas Machac,10,1206,0,0,25,0
Tomas Machac,12,1208,0,0,90,0
Tomas Machac,14,1209,0,0,0,0
Tomas Machac,14,1210,45,0,0,0
Tomas Machac,16,1211,0,0,0,0
Tomas Machac,17,1213,25,0,0,0
Tomas Machac,19,1215,45,0,0,0
Tomas Machac,20,1216,45,0,0,0
Tomas Machac,21,1217,10,0,0,0
Tomas Machac,24,1219,0,0,0,0
Tomas Machac,25,1220,0,90,0,0
Tomas Machac,26,1221,0,0,0,0
Tomas Machac,25,1221,0,0,0,0
Tomas Machac,27,1222,0,45,0,0
Tomas Machac,29,1224,0,0,0,0
Tomas Machac,30,1225,0,0,0,0
Tomas Machac,29,1225,0,0,0,0
Tomas Machac,30,1226,0,0,25,0
Tomas Machac,32,1228,0,0,25,0
Tomas Machac,33,1229,0,0,0,0
Tomas Machac,34,1230,0,0,180,0
Tomas Machac,38,1234,0,0,0,0
Tomas Machac,39,1235,0,0,20,0
Tomas Martin Etcheverry,52,1196,0,0,0,0
Tomas Martin Etcheverry,1,1196,0,0,0,0
Tomas Martin Etcheverry,2,1197,0,0,45,0
Tomas Martin Etcheverry,2,1198,0,0,45,0
Tomas Martin Etcheverry,5,1200,0,0,0,0
Tomas Martin Etcheverry,6,1201,0,0,0,0
Tomas Martin Etcheverry,7,1202,20,0,0,0
Tomas Martin Etcheverry,8,1203,45,0,0,0
Tomas Martin Etcheverry,9,1204,90,0,0,0
Tomas Martin Etcheverry,10,1206,0,0,10,0
Tomas Martin Etcheverry,12,1208,0,0,10,0
Tomas Martin Etcheverry,14,1209,20,0,0,0
Tomas Martin Etcheverry,14,1210,45,0,0,0
Tomas Martin Etcheverry,16,1211,20,0,0,0
Tomas Martin Etcheverry,17,1213,25,0,0,0
Tomas Martin Etcheverry,19,1215,10,0,0,0
Tomas Martin Etcheverry,20,1216,180,0,0,0
Tomas Martin Etcheverry,21,1217,10,0,0,0
Tomas Martin Etcheverry,24,1219,0,20,0,0
Tomas Martin Etcheverry,25,1220,0,90,0,0
Tomas Martin Etcheverry,26,1221,0,0,0,0
Tomas Martin Etcheverry,25,1221,0,20,0,0
Tomas Martin Etcheverry,27,1222,0,10,0,0
Tomas Martin Etcheverry,29,1224,45,0,0,0
Tomas Martin Etcheverry,30,1225,20,0,0,0
Tomas Martin Etcheverry,29,1225,0,0,0,0
Tomas Martin Etcheverry,30,1226,0,0,45,0
Tomas Martin Etcheverry,32,1228,0,0,25,0
Tomas Martin Etcheverry,33,1229,0,0,0,0
Tomas Martin Etcheverry,34,1230,0,0,45,0
Tomas Martin Etcheverry,38,1234,0,0,90,0
Tomas Martin Etcheverry,39,1235,0,0,0,0
Tommy Paul,52,1196,0,0,0,0
Tommy Paul,1,1196,0,0,0,0
Tommy Paul,2,1197,0,0,180,0
Tommy Paul,2,1198,0,0,360,0
Tommy Paul,5,1200,0,0,0,0
Tommy Paul,6,1201,0,0,180,0
Tommy Paul,7,1202,0,0,0,0
Tommy Paul,8,1203,0,0,0,0
Tommy Paul,9,1204,0,0,45,0
Tommy Paul,10,1206,0,0,90,0
Tommy Paul,12,1208,0,0,45,0
Tommy Paul,14,1209,180,0,0,0
Tommy Paul,14,1210,0,0,0,0
Tommy Paul,16,1211,0,0,0,0
Tommy Paul,17,1213,90,0,0,0
Tommy Paul,19,1215,360,0,0,0
Tommy Paul,20,1216,0,0,0,0
Tommy Paul,21,1217,360,0,0,0
Tommy Paul,24,1219,0,0,0,0
Tommy Paul,25,1220,0,0,0,0
Tommy Paul,26,1221,0,45,0,0
Tommy Paul,25,1221,0,0,0,0
Tommy Paul,27,1222,0,45,0,0
Tommy Paul,29,1224,0,0,0,0
Tommy Paul,30,1225,0,0,0,0
Tommy Paul,29,1225,0,0,0,0
Tommy Paul,30,1226,0,0,0,0
Tommy Paul,32,1228,0,0,45,0
Tommy Paul,33,1229,0,0,0,0
Tommy Paul,34,1230,0,0,90,0
Tommy Paul,38,1234,0,0,0,0
Tommy Paul,39,1235,0,0,0,0
Trevor Svajda,52,1196,0,0,0,0
Trevor Svajda,1,1196,0,0,0,0
Trevor Svajda,2,1197,0,0,0,0
Trevor Svajda,2,1198,0,0,0,0
Trevor Svajda,5,1200,0,0,0,0
Trevor Svajda,6,1201,0,0,20,0
Trevor Svajda,7,1202,0,0,0,0
Trevor Svajda,8,1203,0,0,0,0
Trevor Svajda,9,1204,0,0,0,0
Trevor Svajda,10,1206,0,0,0,0
Trevor Svajda,12,1208,0,0,0,0
Trevor Svajda,14,1209,0,0,0,0
Trevor Svajda,14,1210,0,0,0,0
Trevor Svajda,16,1211,0,0,0,0
Trevor Svajda,17,1213,0,0,0,0
Trevor Svajda,19,1215,0,0,0,0
Trevor Svajda,20,1216,0,0,0,0
Trevor Svajda,21,1217,0,0,0,0
Trevor Svajda,24,1219,0,0,0,0
Trevor Svajda,25,1220,0,0,0,0
Trevor Svajda,26,1221,0,0,0,0
Trevor Svajda,25,1221,0,0,0,0
Trevor Svajda,27,1222,0,0,0,0
Trevor Svajda,29,1224,0,0,0,0
Trevor Svajda,30,1225,0,0,0,0
Trevor Svajda,29,1225,0,0,0,0
Trevor Svajda,30,1226,0,0,0,0
Trevor Svajda,32,1228,0,0,0,0
Trevor Svajda,33,1229,0,0,0,0
Trevor Svajda,34,1230,0,0,0,0
Trevor Svajda,38,1234,0,0,0,0
Trevor Svajda,39,1235,0,0,0,0
Tristan Boyer,52,1196,0,0,0,0
Tristan Boyer,1,1196,0,0,0,0
Tristan Boyer,2,1197,0,0,0,0
Tristan Boyer,2,1198,0,0,45,0
Tristan Boyer,5,1200,0,0,0,0
Tristan Boyer,6,1201,0,0,0,0
Tristan Boyer,7,1202,0,0,20,0
Tristan Boyer,8,1203,0,0,0,0
Tristan Boyer,9,1204,0,0,0,0
Tristan Boyer,10,1206,0,0,25,0
Tristan Boyer,12,1208,0,0,0,0
Tristan Boyer,14,1209,20,0,0,0
Tristan Boyer,14,1210,0,0,0,0
Tristan Boyer,16,1211,0,0,0,0
Tristan Boyer,17,1213,0,0,0,0
Tristan Boyer,19,1215,0,0,0,0
Tristan Boyer,20,1216,0,0,0,0
Tristan Boyer,21,1217,0,0,0,0
Tristan Boyer,24,1219,0,0,0,0
Tristan Boyer,25,1220,0,0,0,0
Tristan Boyer,26,1221,0,0,0,0
Tristan Boyer,25,1221,0,0,0,0
Tristan Boyer,27,1222,0,0,0,0
Tristan Boyer,29,1224,20,0,0,0
Tristan Boyer,30,1225,20,0,0,0
Tristan Boyer,29,1225,0,0,0,0
Tristan Boyer,30,1226,0,0,25,0
Tristan Boyer,32,1228,0,0,25,0
Tristan Boyer,33,1229,0,0,0,0
Tristan Boyer,34,1230,0,0,45,0
Tristan Boyer,38,1234,0,0,0,0
Tristan Boyer,39,1235,0,0,0,0
Tristan Schoolkate,52,1196,0,0,0,0
Tristan Schoolkate,1,1196,0,0,0,0
Tristan Schoolkate,2,1197,0,0,20,0
Tristan Schoolkate,2,1198,0,0,45,0
Tristan Schoolkate,5,1200,0,0,0,0
Tristan Schoolkate,6,1201,0,0,0,0
Tristan Schoolkate,7,1202,0,0,0,0
Tristan Schoolkate,8,1203,0,0,0,0
Tristan Schoolkate,9,1204,0,0,0,0
Tristan Schoolkate,10,1206,0,0,0,0
Tristan Schoolkate,12,1208,0,0,25,0
Tristan Schoolkate,14,1209,0,0,0,0
Tristan Schoolkate,14,1210,0,0,0,0
Tristan Schoolkate,16,1211,0,0,0,0
Tristan Schoolkate,17,1213,0,0,0,0
Tristan Schoolkate,19,1215,0,0,0,0
Tristan Schoolkate,20,1216,0,0,0,0
Tristan Schoolkate,21,1217,10,0,0,0
Tristan Schoolkate,24,1219,0,0,0,0
Tristan Schoolkate,25,1220,0,0,0,0
Tristan Schoolkate,26,1221,0,0,0,0
Tristan Schoolkate,25,1221,0,0,0,0
Tristan Schoolkate,27,1222,0,0,0,0
Tristan Schoolkate,29,1224,0,0,90,0
Tristan Schoolkate,30,1225,0,0,0,0
Tristan Schoolkate,29,1225,0,0,0,0
Tristan Schoolkate,30,1226,0,0,25,0
Tristan Schoolkate,32,1228,0,0,0,0
Tristan Schoolkate,33,1229,0,0,0,0
Tristan Schoolkate,34,1230,0,0,45,0
Tristan Schoolkate,38,1234,0,0,0,0
Tristan Schoolkate,39,1235,0,0,0,0
Ugo Blanchet,52,1196,0,0,0,0
Ugo Blanchet,1,1196,0,0,0,0
Ugo Blanchet,2,1197,0,0,0,0
Ugo Blanchet,2,1198,0,0,0,0
Ugo Blanchet,5,1200,0,0,0,0
Ugo Blanchet,6,1201,0,0,0,0
Ugo Blanchet,7,1202,0,0,0,0
Ugo Blanchet,8,1203,0,0,0,0
Ugo Blanchet,9,1204,0,0,0,0
Ugo Blanchet,10,1206,0,0,0,0
Ugo Blanchet,12,1208,0,0,0,0
Ugo Blanchet,14,1209,0,0,0,0
Ugo Blanchet,14,1210,0,0,0,0
Ugo Blanchet,16,1211,0,0,0,0
Ugo Blanchet,17,1213,0,0,0,0
Ugo Blanchet,19,1215,0,0,0,0
Ugo Blanchet,20,1216,0,0,0,0
Ugo Blanchet,21,1217,10,0,0,0
Ugo Blanchet,24,1219,0,0,0,0
Ugo Blanchet,25,1220,0,0,0,0
Ugo Blanchet,26,1221,0,0,0,0
Ugo Blanchet,25,1221,0,0,0,0
Ugo Blanchet,27,1222,0,0,0,0
Ugo Blanchet,29,1224,0,0,0,0
Ugo Blanchet,30,1225,0,0,0,0
Ugo Blanchet,29,1225,0,0,0,0
Ugo Blanchet,30,1226,0,0,10,0
Ugo Blanchet,32,1228,0,0,0,0
Ugo Blanchet,33,1229,0,0,0,0
Ugo Blanchet,34,1230,0,0,90,0
Ugo Blanchet,38,1234,0,0,0,0
Ugo Blanchet,39,1235,0,0,0,0
Ugo Humbert,52,1196,0,0,0,0
Ugo Humbert,1,1196,0,0,0,0
Ugo Humbert,2,1197,0,0,0,0
Ugo Humbert,2,1198,0,0,180,0
Ugo Humbert,5,1200,0,0,0,0
Ugo Humbert,6,1201,0,0,0,0
Ugo Humbert,7,1202,0,0,500,0
Ugo Humbert,8,1203,0,0,0,0
Ugo Humbert,9,1204,0,0,45,0
Ugo Humbert,10,1206,0,0,45,0
Ugo Humbert,12,1208,0,0,25,0
Ugo Humbert,14,1209,0,0,0,0
Ugo Humbert,14,1210,25,0,0,0
Ugo Humbert,16,1211,45,0,0,0
Ugo Humbert,17,1213,25,0,0,0
Ugo Humbert,19,1215,25,0,0,0
Ugo Humbert,20,1216,0,0,0,0
Ugo Humbert,21,1217,45,0,0,0
Ugo Humbert,24,1219,0,180,0,0
Ugo Humbert,25,1220,0,20,0,0
Ugo Humbert,26,1221,0,180,0,0
Ugo Humbert,25,1221,0,0,0,0
Ugo Humbert,27,1222,0,10,0,0
Ugo Humbert,29,1224,0,0,0,0
Ugo Humbert,30,1225,0,0,0,0
Ugo Humbert,29,1225,0,0,0,0
Ugo Humbert,30,1226,0,0,0,0
Ugo Humbert,32,1228,0,0,45,0
Ugo Humbert,33,1229,0,0,0,0
Ugo Humbert,34,1230,0,0,10,0
Ugo Humbert,38,1234,0,0,0,0
Ugo Humbert,39,1235,0,0,20,0
Valentin Royer,52,1196,0,0,0,0
Valentin Royer,1,1196,0,0,0,0
Valentin Royer,2,1197,0,0,0,0
Valentin Royer,2,1198,0,0,0,0
Valentin Royer,5,1200,0,0,0,0
Valentin Royer,6,1201,0,0,0,0
Valentin Royer,7,1202,0,0,0,0
Valentin Royer,8,1203,0,0,0,0
Valentin Royer,9,1204,0,0,0,0
Valentin Royer,10,1206,0,0,0,0
Valentin Royer,12,1208,0,0,0,0
Valentin Royer,14,1209,0,0,0,0
Valentin Royer,14,1210,0,0,0,0
Valentin Royer,16,1211,0,0,0,0
Valentin Royer,17,1213,0,0,0,0
Valentin Royer,19,1215,0,0,0,0
Valentin Royer,20,1216,0,0,0,0
Valentin Royer,21,1217,10,0,0,0
Valentin Royer,24,1219,0,0,0,0
Valentin Royer,25,1220,0,0,0,0
Valentin Royer,26,1221,0,0,0,0
Valentin Royer,25,1221,0,0,0,0
Valentin Royer,27,1222,0,45,0,0
Valentin Royer,29,1224,0,0,0,0
Valentin Royer,30,1225,0,0,0,0
Valentin Royer,29,1225,0,0,0,0
Valentin Royer,30,1226,0,0,10,0
Valentin Royer,32,1228,0,0,25,0
Valentin Royer,33,1229,0,0,0,0
Valentin Royer,34,1230,0,0,45,0
Valentin Royer,38,1234,0,0,300,0
Valentin Royer,39,1235,0,0,0,0
Valentin Vacherot,52,1196,0,0,0,0
Valentin Vacherot,1,1196,0,0,0,0
Valentin Vacherot,2,1197,0,0,0,0
Valentin Vacherot,2,1198,0,0,0,0
Valentin Vacherot,5,1200,0,0,0,0
Valentin Vacherot,6,1201,0,0,0,0
Valentin Vacherot,7,1202,0,0,0,0
Valentin Vacherot,8,1203,0,0,0,0
Valentin Vacherot,9,1204,0,0,0,0
Valentin Vacherot,10,1206,0,0,0,0
Valentin Vacherot,12,1208,0,0,0,0
Valentin Vacherot,14,1209,20,0,0,0
Valentin Vacherot,14,1210,45,0,0,0
Valentin Vacherot,16,1211,0,0,0,0
Valentin Vacherot,17,1213,0,0,0,0
Valentin Vacherot,19,1215,0,0,0,0
Valentin Vacherot,20,1216,0,0,0,0
Valentin Vacherot,21,1217,0,0,0,0
Valentin Vacherot,24,1219,0,0,0,0
Valentin Vacherot,25,1220,0,0,0,0
Valentin Vacherot,26,1221,0,0,0,0
Valentin Vacherot,25,1221,0,0,0,0
Valentin Vacherot,27,1222,0,0,0,0
Valentin Vacherot,29,1224,0,0,0,0
Valentin Vacherot,30,1225,0,0,0,0
Valentin Vacherot,29,1225,0,0,0,0
Valentin Vacherot,30,1226,0,0,0,0
Valentin Vacherot,32,1228,0,0,0,0
Valentin Vacherot,33,1229,0,0,0,0
Valentin Vacherot,34,1230,0,0,0,0
Valentin Vacherot,38,1234,0,0,0,0
Valentin Vacherot,39,1235,0,0,0,0
Vasek Pospisil,52,1196,0,0,0,0
Vasek Pospisil,1,1196,0,0,0,0
Vasek Pospisil,2,1197,0,0,0,0
Vasek Pospisil,2,1198,0,0,0,0
Vasek Pospisil,5,1200,0,0,0,0
Vasek Pospisil,6,1201,0,0,0,0
Vasek Pospisil,7,1202,0,0,0,0
Vasek Pospisil,8,1203,0,0,0,0
Vasek Pospisil,9,1204,0,0,0,0
Vasek Pospisil,10,1206,0,0,0,0
Vasek Pospisil,12,1208,0,0,0,0
Vasek Pospisil,14,1209,0,0,0,0
Vasek Pospisil,14,1210,0,0,0,0
Vasek Pospisil,16,1211,0,0,0,0
Vasek Pospisil,17,1213,0,0,0,0
Vasek Pospisil,19,1215,0,0,0,0
Vasek Pospisil,20,1216,0,0,0,0
Vasek Pospisil,21,1217,0,0,0,0
Vasek Pospisil,24,1219,0,0,0,0
Vasek Pospisil,25,1220,0,0,0,0
Vasek Pospisil,26,1221,0,0,0,0
Vasek Pospisil,25,1221,0,0,0,0
Vasek Pospisil,27,1222,0,0,0,0
Vasek Pospisil,29,1224,0,0,0,0
Vasek Pospisil,30,1225,0,0,0,0
Vasek Pospisil,29,1225,0,0,0,0
Vasek Pospisil,30,1226,0,0,10,0
Vasek Pospisil,32,1228,0,0,0,0
Vasek Pospisil,33,1229,0,0,0,0
Vasek Pospisil,34,1230,0,0,0,0
Vasek Pospisil,38,1234,0,0,0,0
Vasek Pospisil,39,1235,0,0,0,0
Vilius Gaubas,52,1196,0,0,0,0
Vilius Gaubas,1,1196,0,0,0,0
Vilius Gaubas,2,1197,0,0,0,0
Vilius Gaubas,2,1198,0,0,0,0
Vilius Gaubas,5,1200,0,0,0,0
Vilius Gaubas,6,1201,0,0,0,0
Vilius Gaubas,7,1202,0,0,0,0
Vilius Gaubas,8,1203,0,0,0,0
Vilius Gaubas,9,1204,0,0,0,0
Vilius Gaubas,10,1206,0,0,0,0
Vilius Gaubas,12,1208,0,0,0,0
Vilius Gaubas,14,1209,0,0,0,0
Vilius Gaubas,14,1210,0,0,0,0
Vilius Gaubas,16,1211,0,0,0,0
Vilius Gaubas,17,1213,0,0,0,0
Vilius Gaubas,19,1215,45,0,0,0
Vilius Gaubas,20,1216,0,0,0,0
Vilius Gaubas,21,1217,0,0,0,0
Vilius Gaubas,24,1219,0,0,0,0
Vilius Gaubas,25,1220,0,0,0,0
Vilius Gaubas,26,1221,0,0,0,0
Vilius Gaubas,25,1221,0,0,0,0
Vilius Gaubas,27,1222,0,0,0,0
Vilius Gaubas,29,1224,0,0,0,0
Vilius Gaubas,30,1225,0,0,0,0
Vilius Gaubas,29,1225,0,0,0,0
Vilius Gaubas,30,1226,0,0,0,0
Vilius Gaubas,32,1228,0,0,0,0
Vilius Gaubas,33,1229,0,0,0,0
Vilius Gaubas,34,1230,0,0,0,0
Vilius Gaubas,38,1234,0,0,0,0
Vilius Gaubas,39,1235,0,0,0,0
Vit Kopriva,52,1196,0,0,0,0
Vit Kopriva,1,1196,0,0,0,0
Vit Kopriva,2,1197,0,0,0,0
Vit Kopriva,2,1198,0,0,0,0
Vit Kopriva,5,1200,0,0,0,0
Vit Kopriva,6,1201,0,0,0,0
Vit Kopriva,7,1202,0,0,0,0
Vit Kopriva,8,1203,0,0,0,0
Vit Kopriva,9,1204,0,0,0,0
Vit Kopriva,10,1206,0,0,0,0
Vit Kopriva,12,1208,0,0,0,0
Vit Kopriva,14,1209,90,0,0,0
Vit Kopriva,14,1210,0,0,0,0
Vit Kopriva,16,1211,0,0,0,0
Vit Kopriva,17,1213,10,0,0,0
Vit Kopriva,19,1215,45,0,0,0
Vit Kopriva,20,1216,0,0,0,0
Vit Kopriva,21,1217,45,0,0,0
Vit Kopriva,24,1219,0,0,0,0
Vit Kopriva,25,1220,0,0,0,0
Vit Kopriva,26,1221,0,0,0,0
Vit Kopriva,25,1221,0,0,0,0
Vit Kopriva,27,1222,0,10,0,0
Vit Kopriva,29,1224,45,0,0,0
Vit Kopriva,30,1225,0,0,0,0
Vit Kopriva,29,1225,45,0,0,0
Vit Kopriva,30,1226,0,0,10,0
Vit Kopriva,32,1228,0,0,10,0
Vit Kopriva,33,1229,0,0,20,0
Vit Kopriva,34,1230,0,0,10,0
Vit Kopriva,38,1234,0,0,0,0
Vit Kopriva,39,1235,0,0,0,0
Vitaliy Sachko,52,1196,0,0,0,0
Vitaliy Sachko,1,1196,0,0,0,0
Vitaliy Sachko,2,1197,0,0,0,0
Vitaliy Sachko,2,1198,0,0,0,0
Vitaliy Sachko,5,1200,0,0,0,0
Vitaliy Sachko,6,1201,0,0,0,0
Vitaliy Sachko,7,1202,0,0,0,0
Vitaliy Sachko,8,1203,0,0,0,0
Vitaliy Sachko,9,1204,0,0,0,0
Vitaliy Sachko,10,1206,0,0,0,0
Vitaliy Sachko,12,1208,0,0,0,0
Vitaliy Sachko,14,1209,0,0,0,0
Vitaliy Sachko,14,1210,0,0,0,0
Vitaliy Sachko,16,1211,0,0,0,0
Vitaliy Sachko,17,1213,0,0,0,0
Vitaliy Sachko,19,1215,0,0,0,0
Vitaliy Sachko,20,1216,20,0,0,0
Vitaliy Sachko,21,1217,0,0,0,0
Vitaliy Sachko,24,1219,0,0,0,0
Vitaliy Sachko,25,1220,0,0,0,0
Vitaliy Sachko,26,1221,0,0,0,0
Vitaliy Sachko,25,1221,0,0,0,0
Vitaliy Sachko,27,1222,0,0,0,0
Vitaliy Sachko,29,1224,0,0,0,0
Vitaliy Sachko,30,1225,0,0,0,0
Vitaliy Sachko,29,1225,0,0,0,0
Vitaliy Sachko,30,1226,0,0,0,0
Vitaliy Sachko,32,1228,0,0,0,0
Vitaliy Sachko,33,1229,0,0,0,0
Vitaliy Sachko,34,1230,0,0,0,0
Vitaliy Sachko,38,1234,0,0,0,0
Vitaliy Sachko,39,1235,0,0,0,0
William Rejchtman Vinciguerra,52,1196,0,0,0,0
William Rejchtman Vinciguerra,1,1196,0,0,0,0
William Rejchtman Vinciguerra,2,1197,0,0,0,0
William Rejchtman Vinciguerra,2,1198,0,0,0,0
William Rejchtman Vinciguerra,5,1200,0,0,0,0
William Rejchtman Vinciguerra,6,1201,0,0,0,0
William Rejchtman Vinciguerra,7,1202,0,0,0,0
William Rejchtman Vinciguerra,8,1203,0,0,0,0
William Rejchtman Vinciguerra,9,1204,0,0,0,0
William Rejchtman Vinciguerra,10,1206,0,0,0,0
William Rejchtman Vinciguerra,12,1208,0,0,0,0
William Rejchtman Vinciguerra,14,1209,0,0,0,0
William Rejchtman Vinciguerra,14,1210,0,0,0,0
William Rejchtman Vinciguerra,16,1211,0,0,0,0
William Rejchtman Vinciguerra,17,1213,0,0,0,0
William Rejchtman Vinciguerra,19,1215,0,0,0,0
William Rejchtman Vinciguerra,20,1216,0,0,0,0
William Rejchtman Vinciguerra,21,1217,0,0,0,0
William Rejchtman Vinciguerra,24,1219,0,0,0,0
William Rejchtman Vinciguerra,25,1220,0,0,0,0
William Rejchtman Vinciguerra,26,1221,0,0,0,0
William Rejchtman Vinciguerra,25,1221,0,0,0,0
William Rejchtman Vinciguerra,27,1222,0,0,0,0
William Rejchtman Vinciguerra,29,1224,20,0,0,0
William Rejchtman Vinciguerra,30,1225,0,0,0,0
William Rejchtman Vinciguerra,29,1225,0,0,0,0
William Rejchtman Vinciguerra,30,1226,0,0,0,0
William Rejchtman Vinciguerra,32,1228,0,0,0,0
William Rejchtman Vinciguerra,33,1229,0,0,0,0
William Rejchtman Vinciguerra,34,1230,0,0,0,0
William Rejchtman Vinciguerra,38,1234,0,0,0,0
William Rejchtman Vinciguerra,39,1235,0,0,0,0
Yannick Hanfmann,52,1196,0,0,20,0
Yannick Hanfmann,1,1196,0,0,0,0
Yannick Hanfmann,2,1197,0,0,20,0
Yannick Hanfmann,2,1198,0,0,10,0
Yannick Hanfmann,5,1200,0,0,0,0
Yannick Hanfmann,6,1201,0,0,0,0
Yannick Hanfmann,7,1202,0,0,0,0
Yannick Hanfmann,8,1203,0,0,0,0
Yannick Hanfmann,9,1204,45,0,0,0
Yannick Hanfmann,10,1206,0,0,0,0
Yannick Hanfmann,12,1208,0,0,0,0
Yannick Hanfmann,14,1209,20,0,0,0
Yannick Hanfmann,14,1210,0,0,0,0
Yannick Hanfmann,16,1211,45,0,0,0
Yannick Hanfmann,17,1213,0,0,0,0
Yannick Hanfmann,19,1215,0,0,0,0
Yannick Hanfmann,20,1216,0,0,0,0
Yannick Hanfmann,21,1217,10,0,0,0
Yannick Hanfmann,24,1219,0,20,0,0
Yannick Hanfmann,25,1220,0,20,0,0
Yannick Hanfmann,26,1221,0,0,0,0
Yannick Hanfmann,25,1221,0,0,0,0
Yannick Hanfmann,27,1222,0,0,0,0
Yannick Hanfmann,29,1224,0,0,0,0
Yannick Hanfmann,30,1225,90,0,0,0
Yannick Hanfmann,29,1225,0,0,0,0
Yannick Hanfmann,30,1226,0,0,0,0
Yannick Hanfmann,32,1228,0,0,0,0
Yannick Hanfmann,33,1229,0,0,0,0
Yannick Hanfmann,34,1230,0,0,0,0
Yannick Hanfmann,38,1234,0,0,0,0
Yannick Hanfmann,39,1235,0,0,0,0
Yi Zhou,52,1196,0,0,0,0
Yi Zhou,1,1196,0,0,0,0
Yi Zhou,2,1197,0,0,0,0
Yi Zhou,2,1198,0,0,0,0
Yi Zhou,5,1200,0,0,0,0
Yi Zhou,6,1201,0,0,0,0
Yi Zhou,7,1202,0,0,0,0
Yi Zhou,8,1203,0,0,0,0
Yi Zhou,9,1204,0,0,0,0
Yi Zhou,10,1206,0,0,0,0
Yi Zhou,12,1208,0,0,0,0
Yi Zhou,14,1209,0,0,0,0
Yi Zhou,14,1210,0,0,0,0
Yi Zhou,16,1211,0,0,0,0
Yi Zhou,17,1213,0,0,0,0
Yi Zhou,19,1215,0,0,0,0
Yi Zhou,20,1216,0,0,0,0
Yi Zhou,21,1217,0,0,0,0
Yi Zhou,24,1219,0,0,0,0
Yi Zhou,25,1220,0,0,0,0
Yi Zhou,26,1221,0,0,0,0
Yi Zhou,25,1221,0,0,0,0
Yi Zhou,27,1222,0,0,0,0
Yi Zhou,29,1224,0,0,0,0
Yi Zhou,30,1225,0,0,0,0
Yi Zhou,29,1225,0,0,0,0
Yi Zhou,30,1226,0,0,0,0
Yi Zhou,32,1228,0,0,0,0
Yi Zhou,33,1229,0,0,0,0
Yi Zhou,34,1230,0,0,0,0
Yi Zhou,38,1234,0,0,45,0
Yi Zhou,39,1235,0,0,0,0
Yibing Wu,52,1196,0,0,0,0
Yibing Wu,1,1196,0,0,0,0
Yibing Wu,2,1197,0,0,0,0
Yibing Wu,2,1198,0,0,0,0
Yibing Wu,5,1200,0,0,0,0
Yibing Wu,6,1201,0,0,0,0
Yibing Wu,7,1202,0,0,0,0
Yibing Wu,8,1203,0,0,0,0
Yibing Wu,9,1204,0,0,0,0
Yibing Wu,10,1206,0,0,0,0
Yibing Wu,12,1208,0,0,10,0
Yibing Wu,14,1209,0,0,0,0
Yibing Wu,14,1210,0,0,0,0
Yibing Wu,16,1211,0,0,0,0
Yibing Wu,17,1213,0,0,0,0
Yibing Wu,19,1215,0,0,0,0
Yibing Wu,20,1216,0,0,0,0
Yibing Wu,21,1217,0,0,0,0
Yibing Wu,24,1219,0,0,0,0
Yibing Wu,25,1220,0,0,0,0
Yibing Wu,26,1221,0,0,0,0
Yibing Wu,25,1221,0,0,0,0
Yibing Wu,27,1222,0,0,0,0
Yibing Wu,29,1224,0,0,20,0
Yibing Wu,30,1225,0,0,45,0
Yibing Wu,29,1225,0,0,0,0
Yibing Wu,30,1226,0,0,0,0
Yibing Wu,32,1228,0,0,0,0
Yibing Wu,33,1229,0,0,0,0
Yibing Wu,34,1230,0,0,0,0
Yibing Wu,38,1234,0,0,180,0
Yibing Wu,39,1235,0,0,0,0
Yoshihito Nishioka,52,1196,0,0,45,0
Yoshihito Nishioka,1,1196,0,0,0,0
Yoshihito Nishioka,2,1197,0,0,20,0
Yoshihito Nishioka,2,1198,0,0,45,0
Yoshihito Nishioka,5,1200,0,0,0,0
Yoshihito Nishioka,6,1201,0,0,90,0
Yoshihito Nishioka,7,1202,0,0,45,0
Yoshihito Nishioka,8,1203,0,0,0,0
Yoshihito Nishioka,9,1204,0,0,0,0
Yoshihito Nishioka,10,1206,0,0,0,0
Yoshihito Nishioka,12,1208,0,0,10,0
Yoshihito Nishioka,14,1209,0,0,0,0
Yoshihito Nishioka,14,1210,0,0,0,0
Yoshihito Nishioka,16,1211,0,0,0,0
Yoshihito Nishioka,17,1213,0,0,0,0
Yoshihito Nishioka,19,1215,10,0,0,0
Yoshihito Nishioka,20,1216,0,0,0,0
Yoshihito Nishioka,21,1217,10,0,0,0
Yoshihito Nishioka,24,1219,0,20,0,0
Yoshihito Nishioka,25,1220,0,0,0,0
Yoshihito Nishioka,26,1221,0,0,0,0
Yoshihito Nishioka,25,1221,0,0,0,0
Yoshihito Nishioka,27,1222,0,10,0,0
Yoshihito Nishioka,29,1224,0,0,0,0
Yoshihito Nishioka,30,1225,0,0,20,0
Yoshihito Nishioka,29,1225,0,0,0,0
Yoshihito Nishioka,30,1226,0,0,10,0
Yoshihito Nishioka,32,1228,0,0,10,0
Yoshihito Nishioka,33,1229,0,0,0,0
Yoshihito Nishioka,34,1230,0,0,10,0
Yoshihito Nishioka,38,1234,0,0,0,0
Yoshihito Nishioka,39,1235,0,0,20,0
Yosuke Watanuki,52,1196,0,0,0,0
Yosuke Watanuki,1,1196,0,0,0,0
Yosuke Watanuki,2,1197,0,0,0,0
Yosuke Watanuki,2,1198,0,0,0,0
Yosuke Watanuki,5,1200,0,0,0,0
Yosuke Watanuki,6,1201,0,0,0,0
Yosuke Watanuki,7,1202,0,0,0,0
Yosuke Watanuki,8,1203,0,0,0,0
Yosuke Watanuki,9,1204,0,0,0,0
Yosuke Watanuki,10,1206,0,0,90,0
Yosuke Watanuki,12,1208,0,0,0,0
Yosuke Watanuki,14,1209,0,0,0,0
Yosuke Watanuki,14,1210,0,0,0,0
Yosuke Watanuki,16,1211,0,0,0,0
Yosuke Watanuki,17,1213,0,0,0,0
Yosuke Watanuki,19,1215,0,0,0,0
Yosuke Watanuki,20,1216,0,0,0,0
Yosuke Watanuki,21,1217,0,0,0,0
Yosuke Watanuki,24,1219,0,0,0,0
Yosuke Watanuki,25,1220,0,0,0,0
Yosuke Watanuki,26,1221,0,0,0,0
Yosuke Watanuki,25,1221,0,0,0,0
Yosuke Watanuki,27,1222,0,0,0,0
Yosuke Watanuki,29,1224,0,0,0,0
Yosuke Watanuki,30,1225,0,0,0,0
Yosuke Watanuki,29,1225,0,0,0,0
Yosuke Watanuki,30,1226,0,0,25,0
Yosuke Watanuki,32,1228,0,0,0,0
Yosuke Watanuki,33,1229,0,0,0,0
Yosuke Watanuki,34,1230,0,0,0,0
Yosuke Watanuki,38,1234,0,0,0,0
Yosuke Watanuki,39,1235,0,0,20,0
Younes Lalami Laaroussi,52,1196,0,0,0,0
Younes Lalami Laaroussi,1,1196,0,0,0,0
Younes Lalami Laaroussi,2,1197,0,0,0,0
Younes Lalami Laaroussi,2,1198,0,0,0,0
Younes Lalami Laaroussi,5,1200,0,0,0,0
Younes Lalami Laaroussi,6,1201,0,0,0,0
Younes Lalami Laaroussi,7,1202,0,0,0,0
Younes Lalami Laaroussi,8,1203,0,0,0,0
Younes Lalami Laaroussi,9,1204,0,0,0,0
Younes Lalami Laaroussi,10,1206,0,0,0,0
Younes Lalami Laaroussi,12,1208,0,0,0,0
Younes Lalami Laaroussi,14,1209,20,0,0,0
Younes Lalami Laaroussi,14,1210,0,0,0,0
Younes Lalami Laaroussi,16,1211,0,0,0,0
Younes Lalami Laaroussi,17,1213,0,0,0,0
Younes Lalami Laaroussi,19,1215,0,0,0,0
Younes Lalami Laaroussi,20,1216,0,0,0,0
Younes Lalami Laaroussi,21,1217,0,0,0,0
Younes Lalami Laaroussi,24,1219,0,0,0,0
Younes Lalami Laaroussi,25,1220,0,0,0,0
Younes Lalami Laaroussi,26,1221,0,0,0,0
Younes Lalami Laaroussi,25,1221,0,0,0,0
Younes Lalami Laaroussi,27,1222,0,0,0,0
Younes Lalami Laaroussi,29,1224,0,0,0,0
Younes Lalami Laaroussi,30,1225,0,0,0,0
Younes Lalami Laaroussi,29,1225,0,0,0,0
Younes Lalami Laaroussi,30,1226,0,0,0,0
Younes Lalami Laaroussi,32,1228,0,0,0,0
Younes Lalami Laaroussi,33,1229,0,0,0,0
Younes Lalami Laaroussi,34,1230,0,0,0,0
Younes Lalami Laaroussi,38,1234,0,0,0,0
Younes Lalami Laaroussi,39,1235,0,0,0,0
Yunchaokete Bu,52,1196,0,0,0,0
Yunchaokete Bu,1,1196,0,0,20,0
Yunchaokete Bu,2,1197,0,0,20,0
Yunchaokete Bu,2,1198,0,0,10,0
Yunchaokete Bu,5,1200,0,0,90,0
Yunchaokete Bu,6,1201,0,0,20,0
Yunchaokete Bu,7,1202,0,0,45,0
Yunchaokete Bu,8,1203,20,0,0,0
Yunchaokete Bu,9,1204,0,0,20,0
Yunchaokete Bu,10,1206,0,0,25,0
Yunchaokete Bu,12,1208,0,0,25,0
Yunchaokete Bu,14,1209,20,0,0,0
Yunchaokete Bu,14,1210,25,0,0,0
Yunchaokete Bu,16,1211,0,0,0,0
Yunchaokete Bu,17,1213,10,0,0,0
Yunchaokete Bu,19,1215,10,0,0,0
Yunchaokete Bu,20,1216,20,0,0,0
Yunchaokete Bu,21,1217,10,0,0,0
Yunchaokete Bu,24,1219,0,0,0,0
Yunchaokete Bu,25,1220,0,0,0,0
Yunchaokete Bu,26,1221,0,0,0,0
Yunchaokete Bu,25,1221,0,20,0,0
Yunchaokete Bu,27,1222,0,10,0,0
Yunchaokete Bu,29,1224,0,0,45,0
Yunchaokete Bu,30,1225,0,0,20,0
Yunchaokete Bu,29,1225,0,0,0,0
Yunchaokete Bu,30,1226,0,0,25,0
Yunchaokete Bu,32,1228,0,0,10,0
Yunchaokete Bu,33,1229,0,0,90,0
Yunchaokete Bu,34,1230,0,0,10,0
Yunchaokete Bu,38,1234,0,0,20,0
Yunchaokete Bu,39,1235,0,0,20,0
Zachary Svajda,52,1196,0,0,0,0
Zachary Svajda,1,1196,0,0,0,0
Zachary Svajda,2,1197,0,0,0,0
Zachary Svajda,2,1198,0,0,0,0
Zachary Svajda,5,1200,0,0,0,0
Zachary Svajda,6,1201,0,0,0,0
Zachary Svajda,7,1202,0,0,20,0
Zachary Svajda,8,1203,0,0,0,0
Zachary Svajda,9,1204,0,0,0,0
Zachary Svajda,10,1206,0,0,0,0
Zachary Svajda,12,1208,0,0,0,0
Zachary Svajda,14,1209,0,0,0,0
Zachary Svajda,14,1210,0,0,0,0
Zachary Svajda,16,1211,0,0,0,0
Zachary Svajda,17,1213,0,0,0,0
Zachary Svajda,19,1215,0,0,0,0
Zachary Svajda,20,1216,0,0,0,0
Zachary Svajda,21,1217,0,0,0,0
Zachary Svajda,24,1219,0,0,0,0
Zachary Svajda,25,1220,0,0,0,0
Zachary Svajda,26,1221,0,0,0,0
Zachary Svajda,25,1221,0,0,0,0
Zachary Svajda,27,1222,0,0,0,0
Zachary Svajda,29,1224,0,0,0,0
Zachary Svajda,30,1225,0,0,20,0
Zachary Svajda,29,1225,0,0,0,0
Zachary Svajda,30,1226,0,0,0,0
Zachary Svajda,32,1228,0,0,0,0
Zachary Svajda,33,1229,0,0,0,0
Zachary Svajda,34,1230,0,0,45,0
Zachary Svajda,38,1234,0,0,0,0
Zachary Svajda,39,1235,0,0,0,0
Zhizhen Zhang,52,1196,0,0,0,0
Zhizhen Zhang,1,1196,0,0,0,0
Zhizhen Zhang,2,1197,0,0,20,0
Zhizhen Zhang,2,1198,0,0,10,0
Zhizhen Zhang,5,1200,0,0,0,0
Zhizhen Zhang,6,1201,0,0,20,0
Zhizhen Zhang,7,1202,0,0,90,0
Zhizhen Zhang,8,1203,0,0,20,0
Zhizhen Zhang,9,1204,0,0,20,0
Zhizhen Zhang,10,1206,0,0,10,0
Zhizhen Zhang,12,1208,0,0,0,0
Zhizhen Zhang,14,1209,0,0,0,0
Zhizhen Zhang,14,1210,0,0,0,0
Zhizhen Zhang,16,1211,0,0,0,0
Zhizhen Zhang,17,1213,0,0,0,0
Zhizhen Zhang,19,1215,0,0,0,0
Zhizhen Zhang,20,1216,0,0,0,0
Zhizhen Zhang,21,1217,0,0,0,0
Zhizhen Zhang,24,1219,0,0,0,0
Zhizhen Zhang,25,1220,0,0,0,0
Zhizhen Zhang,26,1221,0,0,0,0
Zhizhen Zhang,25,1221,0,0,0,0
Zhizhen Zhang,27,1222,0,0,0,0
Zhizhen Zhang,29,1224,0,0,0,0
Zhizhen Zhang,30,1225,0,0,0,0
Zhizhen Zhang,29,1225,0,0,0,0
Zhizhen Zhang,30,1226,0,0,0,0
Zhizhen Zhang,32,1228,0,0,0,0
Zhizhen Zhang,33,1229,0,0,0,0
Zhizhen Zhang,34,1230,0,0,0,0
Zhizhen Zhang,38,1234,0,0,45,0
Zhizhen Zhang,39,1235,0,0,20,0
Zizou Bergs,52,1196,0,0,0,0
Zizou Bergs,1,1196,0,0,45,0
Zizou Bergs,2,1197,0,0,300,0
Zizou Bergs,2,1198,0,0,10,0
Zizou Bergs,5,1200,0,0,0,0
Zizou Bergs,6,1201,0,0,0,0
Zizou Bergs,7,1202,0,0,180,0
Zizou Bergs,8,1203,0,0,45,0
Zizou Bergs,9,1204,0,0,45,0
Zizou Bergs,10,1206,0,0,25,0
Zizou Bergs,12,1208,0,0,45,0
Zizou Bergs,14,1209,0,0,0,0
Zizou Bergs,14,1210,0,0,0,0
Zizou Bergs,16,1211,90,0,0,0
Zizou Bergs,17,1213,10,0,0,0
Zizou Bergs,19,1215,0,0,0,0
Zizou Bergs,20,1216,20,0,0,0
Zizou Bergs,21,1217,10,0,0,0
Zizou Bergs,24,1219,0,300,0,0
Zizou Bergs,25,1220,0,20,0,0
Zizou Bergs,26,1221,0,20,0,0
Zizou Bergs,25,1221,0,0,0,0
Zizou Bergs,27,1222,0,10,0,0
Zizou Bergs,29,1224,0,0,0,0
Zizou Bergs,30,1225,0,0,0,0
Zizou Bergs,29,1225,0,0,0,0
Zizou Bergs,30,1226,0,0,10,0
Zizou Bergs,32,1228,0,0,25,0
Zizou Bergs,33,1229,0,0,0,0
Zizou Bergs,34,1230,0,0,90,0
Zizou Bergs,38,1234,0,0,20,0
Zizou Bergs,39,1235,0,0,45,0
Zsombor Piros,52,1196,0,0,0,0
Zsombor Piros,1,1196,0,0,0,0
Zsombor Piros,2,1197,0,0,0,0
Zsombor Piros,2,1198,0,0,0,0
Zsombor Piros,5,1200,0,0,0,0
Zsombor Piros,6,1201,0,0,0,0
Zsombor Piros,7,1202,0,0,0,0
Zsombor Piros,8,1203,0,0,0,0
Zsombor Piros,9,1204,0,0,0,0
Zsombor Piros,10,1206,0,0,0,0
Zsombor Piros,12,1208,0,0,0,0
Zsombor Piros,14,1209,0,0,0,0
Zsombor Piros,14,1210,0,0,0,0
Zsombor Piros,16,1211,0,0,0,0
Zsombor Piros,17,1213,0,0,0,0
Zsombor Piros,19,1215,0,0,0,0
Zsombor Piros,20,1216,0,0,0,0
Zsombor Piros,21,1217,0,0,0,0
Zsombor Piros,24,1219,0,0,0,0
Zsombor Piros,25,1220,0,0,0,0
Zsombor Piros,26,1221,0,0,0,0
Zsombor Piros,25,1221,0,0,0,0
Zsombor Piros,27,1222,0,0,0,0
Zsombor Piros,29,1224,0,0,0,0
Zsombor Piros,30,1225,0,0,0,0
Zsombor Piros,29,1225,0,0,0,0
Zsombor Piros,30,1226,0,0,0,0
Zsombor Piros,32,1228,0,0,0,0
Zsombor Piros,33,1229,0,0,0,0
Zsombor Piros,34,1230,0,0,10,0
Zsombor Piros,38,1234,0,0,0,0
Zsombor Piros,39,1235,0,0,0,0